transaction_count,unique_ips,unique_devices,decline_rate,current_amount,average_amount,amount_ratio,hour_of_day,day_of_week,is_attack
8,1,1,0.0596850157946487,47.354111521091156,43.56554503157352,1.0869624490356296,10,5,0
8,1,1,0.0020584494295802446,97.14143595538945,103.6002270554204,0.9376565931986244,5,2,0
5,1,1,0.030424224295953775,54.851861005062595,54.10527252943364,1.0137988118481946,16,3,0
3,2,1,0.05142344384136116,61.27938404189403,55.72073617369927,1.0997590529110506,18,7,0
7,2,1,0.09488855372533334,96.73504314208314,102.70160929707313,0.941903868928371,8,2,0
4,2,1,0.04401524937396013,16.593632310253987,16.57762579421141,1.0009655493640208,14,3,0
213,2,1,0.9493783426530973,2.246844304357644,2.800170052944527,0.802395662361637,9,4,1
2,2,1,0.04497541333697657,42.539272420172374,46.16922396466917,0.9213772458624254,15,7,0
7,2,1,0.004522728891053806,35.90638142251011,35.1069422830307,1.0227715399716206,17,7,0
316,331,237,0.027134804157912425,45.36636049545727,164.39545653572713,0.27595872447726716,0,1,0
137,1,1,0.8798073522301258,1.0220884684944096,3.5386535711370852,0.28883541379439953,16,3,1
478,340,283,0.017923286427213633,40.85643071452335,175.35861665760683,0.23298787076027638,7,4,0
7,1,1,0.06688412526636073,68.26262387866218,69.50906918731148,0.9820678751244617,21,3,0
3,1,1,0.09717120953891038,85.64681330527797,89.4448986859733,0.9575371492785766,22,7,0
9,1,1,0.042754101835854964,7.414817040689043,6.833334374902981,1.0850950112907825,6,1,0
4,2,1,0.013933145440587569,62.41965103139264,62.9170244345447,0.9920947723192234,3,5,0
3,2,1,0.08804678390152577,64.31363457271036,61.68492648310936,1.0426150802063578,20,6,0
4,2,1,0.08832802589188683,35.812776995501025,33.105961035057334,1.081762192542223,6,6,0
9,1,1,0.042710778862625635,82.71140276263685,88.67870927474011,0.9327086900462699,6,6,0
9,2,1,0.022210781047073025,16.387209896699865,15.85500304265019,1.0335671240565538,14,3,0
8,1,1,0.040383617105804084,11.164763475353247,10.615268235682597,1.0517646118280417,11,6,0
3,1,1,0.01480869299533999,99.78534607964947,95.13097863907238,1.0489258862587316,1,2,0
7,1,1,0.0345071248026683,65.26337774662956,67.62206737576837,0.9651195279784656,20,4,0
6,2,1,0.05926967238793936,12.681066001607949,12.350481912467785,1.0267668979626163,16,7,0
424,177,247,0.019941222122227653,166.9577371794891,163.7021224972192,1.0198874311011161,8,4,0
3,2,1,0.03259589052018848,25.92289951872709,27.01762114129048,0.9594811987021925,18,4,0
4,1,1,0.0690937738102466,41.73985789855105,45.38566743253247,0.9196704655847343,0,3,0
9,2,1,0.09246936182785628,88.3472385711932,84.07020081831244,1.050874598980964,15,2,0
293,2,1,0.8891243762245613,4.985014799031697,3.913548378221984,1.2737838700991109,4,5,1
296,1,1,0.8918307028888273,3.801431319891085,3.6166528555957647,1.05109101472358,19,6,1
215,154,162,0.008081435704730688,181.73975393487427,129.15723073872618,1.4071202432523344,2,6,0
202,1,1,0.8925881462106199,2.221455441377574,2.7140343839655667,0.8185067420301915,2,5,1
1,2,1,0.02372490874968001,35.912971325130435,37.68341907790938,0.9530178578244561,7,7,0
227,112,225,0.004683738391404624,86.18884455069804,67.73642618271057,1.2724149974817738,13,6,0
158,1,1,0.983806983276567,3.5245545039890516,3.487028258854121,1.0107616693497237,0,4,1
1,1,1,0.02301852682415553,52.42337108905147,53.17831166007407,0.9858036002374742,16,1,0
207,1,1,0.8919340512695138,4.533976089065035,3.369296934743535,1.3456742391302932,4,5,1
5,1,1,0.09636199770892528,86.03589826939921,82.49894342718653,1.0428727289742128,20,7,0
3,2,1,0.03726868670940493,42.49568934689986,45.42120428638507,0.9355914272761339,2,6,0
6,1,1,0.014008401523652403,54.24131697455499,58.33515945697614,0.9298220400778971,16,1,0
6,2,1,0.05528199769079078,33.16846364654086,32.6363144971972,1.0163054302405794,17,1,0
7,1,1,0.06278944149486361,23.456025583644013,21.443221418095106,1.0938666875794314,13,6,0
264,1,1,0.9063374428959916,1.375927759363476,2.945700352490435,0.4670969870374634,21,3,1
6,2,1,0.08604046183116754,28.773879249007084,26.119976515934272,1.1016043307486827,14,6,0
5,1,1,0.08278690037875887,30.79657700287548,33.66220976694711,0.9148709254706924,6,4,0
471,126,148,0.03187149507491033,150.6964400700791,195.65337430325624,0.7702215236855798,9,6,0
8,1,1,0.043352073758074205,75.68405108491596,71.9128741698031,1.0524409149077845,20,6,0
492,208,107,0.04576068638132402,99.6234013515988,63.16172464833258,1.577274875033495,21,1,0
5,1,1,0.09548652806631941,75.10020708609801,75.91660720601297,0.9892460931809095,21,5,0
3,1,1,0.012016464780564218,37.47856833805815,34.41881101654413,1.0888978216023582,14,1,0
4,1,1,0.04741738290873252,14.294245261845141,14.270276314367955,1.001679641441354,6,4,0
5,1,1,0.004805892419703373,95.16884450118167,102.5288296312666,0.9282154574810393,19,7,0
3,2,1,0.050103988391525925,56.24085759800594,58.31011362958859,0.9645129137506492,15,7,0
269,2,1,0.9454605396169017,4.203797178729599,3.1929208559574542,1.3165992420031394,2,4,1
3,1,1,0.09414648087765252,41.67975059107356,45.52421212610103,0.9155512779797617,9,3,0
2,1,1,0.00944429607559284,69.8856434745539,63.8920920282439,1.0938074064574457,7,5,0
189,194,154,0.02480187271467031,144.7202645645491,82.70058880157552,1.749930280566419,10,5,0
9,1,1,0.09675805515202475,57.057328908568294,56.1840201854106,1.015543720799539,23,3,0
289,2,1,0.9058027128689174,4.105651842967987,2.3520088506325445,1.7455937046596661,4,4,1
7,1,1,0.023823615240397944,40.88424418674801,41.16493474877555,0.9931813189127942,19,1,0
3,1,1,0.005348529674736891,96.06144220390384,102.73085641850783,0.9350787636050268,8,7,0
272,2,1,0.9223781424463964,2.97210263108722,1.708211027988149,1.7398919585407566,4,3,1
4,1,1,0.021272789502422895,94.88848157376057,100.22683259414224,0.946737306944551,6,5,0
235,1,1,0.9993896863045494,1.2234846187094002,3.342588891977522,0.36602904462641517,10,3,1
9,2,1,0.08369638742373739,87.35252700452993,93.26595701597142,0.9365960506851515,13,5,0
9,2,1,0.08918969087767767,18.92745806074242,18.977904160549553,0.9973418508503169,5,3,0
1,2,1,0.08127995672575027,94.98861485146658,104.22152842524133,0.9114106872804348,3,4,0
3,1,1,0.03779875901222545,71.98301460818269,68.36549603571709,1.0529143907706842,18,7,0
2,2,1,0.05714730252050107,75.39251678651348,79.42141527616509,0.9492718874922805,8,7,0
447,269,298,0.018743528976185204,71.42817553073493,176.34784307410285,0.4050413902750158,5,5,0
93,1,1,0.9954818240061458,1.1726396478023045,3.727857784245178,0.31456126163346715,21,5,1
278,2,1,0.9330781426601981,4.877210142476396,2.807744610425372,1.7370561853691888,8,1,1
1,1,1,0.06969250558638149,41.49917398102589,43.46707066958659,0.9547267239718177,10,4,0
65,2,1,0.9091782697912194,1.4270242637435375,2.339150161992408,0.6100609900683106,3,2,1
2,2,1,0.007773463696498484,97.56750672828582,107.05518074496155,0.9113758535490376,21,7,0
1,1,1,0.08137950197069488,70.04946139261853,65.32276105624182,1.0723591633291052,13,3,0
181,335,246,0.030670759796789494,95.2837465323114,187.89112700372237,0.5071221193453361,17,3,0
7,2,1,0.03764633668780496,82.00256642427412,89.99414505649652,0.9111989049153648,16,3,0
9,2,1,0.08291642207065145,59.062739570746025,53.90670214381859,1.0956474282765722,8,3,0
5,2,1,0.0075359060352462315,70.71286773104664,71.19861245168916,0.9931776097326038,4,6,0
72,1,1,0.9589181266107772,4.028324808169824,2.444626373189466,1.6478284176056448,20,6,1
1,1,1,0.027473179702590878,24.686626655765362,26.554025138076,0.9296755022035073,7,2,0
8,1,1,0.06715731955927996,54.429231585860364,57.393647747634,0.9483494031463466,17,4,0
335,301,106,0.029497794856881806,106.40827406332552,95.69644015971352,1.1119355525214354,4,5,0
3,1,1,0.013637147558676977,6.381743238448783,6.191040871183557,1.03080295724631,1,2,0
3,1,1,0.07263970326502282,57.0073991554156,56.447705611713424,1.0099152576289308,14,4,0
3,1,1,0.09495206236576421,18.971980688258604,20.590623125541402,0.9213893417691196,9,1,0
8,1,1,0.09800325752854772,51.79871892932261,50.02462948815932,1.0354643194625401,10,3,0
3,1,1,0.012887972191064924,17.164354700988383,15.969381573185654,1.0748290171617678,21,4,0
8,1,1,0.0896788409906012,50.026355824972875,51.702816434669,0.9675750621474464,17,5,0
3,1,1,0.016893506307216456,31.46608220803607,29.43343927721974,1.0690589676480489,20,6,0
9,2,1,0.020633371840579253,39.60563679956717,39.63270543723182,0.9993170126196023,12,3,0
9,1,1,0.06279003894909078,12.767108035142831,13.721011765861078,0.9304786157904454,15,5,0
4,1,1,0.008451700768068194,61.7414178142659,67.74585708365048,0.9113681702783614,14,7,0
63,2,1,0.9639933113406378,3.125063015894136,3.301290153478662,0.9466187068110841,13,3,1
7,1,1,0.08952068376871994,53.60935700098828,53.953673660215145,0.9936182907322443,12,2,0
3,1,1,0.024247050363472966,30.57810694019119,29.827623343422808,1.0251606904153117,9,7,0
7,2,1,0.03274973521779147,16.377402522828866,17.656567017393478,0.927553046223283,19,1,0
3,1,1,0.04984421989290573,13.257427368305251,13.355814824914926,0.9926333617304924,1,7,0
468,315,132,0.01893863129756447,80.74043009694526,181.9365314861022,0.4437834965712363,1,3,0
6,1,1,0.09336918237598746,5.7157644977371005,5.4017778890315995,1.0581265307748133,5,7,0
8,1,1,0.08423140352981817,9.90537039807872,8.950973065376445,1.106624980963691,4,4,0
55,2,1,0.936399762670849,4.6695824523421265,1.5132500159940134,3.0857970612838903,21,1,1
6,1,1,0.08208614731533526,73.2534407294726,73.76675296431385,0.9930414148079748,18,5,0
425,197,117,0.02127182193082084,111.3698681632019,63.633751834714445,1.7501697597916226,14,1,0
6,1,1,0.0506103956359347,93.54136251440875,90.18588776980944,1.0372062062876604,2,1,0
8,2,1,0.05486031179381532,57.14758808945284,53.738511153776194,1.0634382468453834,7,2,0
5,1,1,0.07602278598896867,61.585680357745204,61.23558040444546,1.0057172635743374,22,3,0
1,1,1,0.08306194077877292,96.67755651331869,89.4131512315813,1.0812453781314841,23,3,0
125,1,1,0.8599744401050166,3.964482597160236,2.9361827829497797,1.3502165533364359,7,3,1
369,395,79,0.041256633834639865,53.55289762186594,62.42451429169996,0.8578824878255624,13,2,0
138,1,1,0.9382460013692585,3.7319282536685296,2.629871503247598,1.4190534590986725,7,6,1
174,2,1,0.930967159287195,2.7549787015533562,2.943715677265314,0.9358847808673925,16,1,1
2,2,1,0.0066619112390816975,26.757412137855653,26.986719470636846,0.9915029563696806,5,6,0
3,2,1,0.06937176074033384,20.8394221993714,22.41750459781972,0.929604903544804,0,4,0
256,117,234,0.015586103389777412,64.72804516660383,153.91033266308185,0.42055685311457985,3,6,0
104,202,123,0.017104087435795372,167.8263148409623,39.9137126519373,4.204728242257777,3,5,0
8,1,1,0.07972953657795537,19.242155598133508,18.200198241951295,1.0572497805974723,11,5,0
194,194,292,0.028275417366148692,148.9122334519314,127.82528565991876,1.1649669522203518,19,3,0
153,2,1,0.8841026474544981,2.6943874496819316,2.219824041189315,1.2137842458172314,10,4,1
153,2,1,0.865119190452383,2.024062127414649,3.315238965156002,0.6105327998035895,10,4,1
4,1,1,0.09224993811772958,72.18767025977287,67.17119086012279,1.074682007798498,8,6,0
8,1,1,0.09255685129067764,47.82974028339255,44.12999551960574,1.0838374153503623,20,2,0
281,392,50,0.04349481810310642,113.39085028269298,126.42957843408726,0.8968696383165441,20,7,0
9,2,1,0.08028534485980116,5.440042185437272,5.258887879455187,1.0344472653029544,19,1,0
87,2,1,0.919855018347822,2.923347912356294,3.796136812348253,0.7700849723980153,10,3,1
3,2,1,0.01763869865062233,52.34493841025058,51.49616993978594,1.0164821669544957,23,1,0
6,2,1,0.0013094456588333637,68.0360503415875,63.655018108341466,1.068824616871359,19,1,0
6,2,1,0.008534966807864386,99.703053925365,99.74682377204952,0.999561190571997,0,5,0
3,1,1,0.07997820220742695,38.19176490968664,37.94910840173115,1.0063942611085013,16,5,0
8,1,1,0.006570863942835237,78.675123586026,77.94012224621677,1.0094303334229746,1,6,0
2,2,1,0.055964033130821794,19.747823363417687,18.491577944247403,1.0679360854415938,22,7,0
365,241,173,0.04003748857430606,196.20765841087302,171.1619947021827,1.1463272483606486,6,5,0
9,1,1,0.02538885640433043,23.630744470878017,23.65677552762425,0.9988996363128256,7,6,0
5,1,1,0.0887460482513503,57.88855055441978,60.44506057218953,0.9577052286229987,2,6,0
4,2,1,0.06680851365706462,24.473508064502994,23.46102792617943,1.043155830235118,15,2,0
7,1,1,0.020788625514602734,7.520559368012873,7.0414026234224,1.0680484798577794,3,5,0
2,1,1,0.0817443561738441,37.472648411298216,35.66964019229293,1.0505474181765047,1,3,0
4,1,1,0.03451921448812756,78.51427970412733,76.35918669505108,1.0282231006163391,20,4,0
6,2,1,0.014011317576645255,87.50445771030172,87.28449247405281,1.0025200952656543,13,7,0
308,194,258,0.013433867969247304,117.49415863895605,134.0260795687065,0.8766514622903999,6,1,0
4,2,1,0.052569018230268584,21.309532155588833,20.339127286163336,1.0477112343992094,10,6,0
134,2,1,0.936477471327138,2.096220882748824,2.8854450062894834,0.7264809685090633,5,2,1
216,106,106,0.013324919668544112,151.79322412263122,65.13151890108759,2.3305647815944996,12,1,0
1,2,1,0.04043815015490243,78.23658082110569,77.01665439548678,1.015839774334451,1,4,0
242,1,1,0.8635505440866411,4.083943702141914,1.6706242633852288,2.444561468218182,10,3,1
1,1,1,0.029712171562317504,58.808440828205235,58.52675312717852,1.0048129733152051,14,6,0
8,1,1,0.02699112223921949,56.285063996278375,52.480349893733155,1.0724978798778846,19,3,0
464,280,203,0.02371186543501848,81.98907176796197,83.27722900415938,0.984531699101887,0,1,0
203,121,74,0.012320101661955341,167.43841718135596,163.89485821441627,1.0216209282313409,11,3,0
2,2,1,0.03609738969400268,13.700296966030244,14.843760948387967,0.9229666937958939,16,2,0
1,1,1,0.00867052118621836,96.02622533537338,100.98871496867321,0.9508609488214679,20,1,0
6,2,1,0.08491956515653193,28.718460841622665,28.657721088120027,1.0021194900081507,14,3,0
158,2,1,0.8559140217052759,3.822300690062754,3.8131207935391647,1.0024074497034405,22,2,1
7,2,1,0.012052257878646444,74.44724878853675,69.8702174572805,1.0655076153735275,7,2,0
2,1,1,0.08620426509893135,85.23219286083169,82.14850019023889,1.0375380276383817,9,7,0
8,1,1,0.05606771940035141,50.70087896518821,54.60482998036487,0.9285053901535731,10,2,0
463,118,64,0.04019884897004489,116.91226826854177,139.09793151449747,0.8405032842372396,12,2,0
2,1,1,0.046194285057558765,99.08242476746882,89.17888917308956,1.1110524664100405,12,5,0
3,1,1,0.09979341105333375,38.317622467912464,40.36522646453455,0.9492730705122852,20,4,0
8,2,1,0.09840834691992952,77.98597431712923,76.7033667943466,1.0167216587274648,6,4,0
276,82,222,0.017731107882038827,71.70301849773472,73.33546168207822,0.9777400571715166,4,1,0
5,2,1,0.004510067722032318,15.399421874515939,15.065655237655728,1.0221541401017846,3,4,0
86,1,1,0.888847397740272,3.3542169158929815,3.955826287700204,0.8479181520993987,13,3,1
275,1,1,0.9615029234340436,1.259945637931576,2.5039505910637185,0.5031831068984196,21,5,1
465,186,275,0.01920453057456248,26.611748736790453,192.3086473369986,0.13838040621312495,23,6,0
153,126,264,0.044189294248171286,186.99541097513833,199.08340807635835,0.93928174518399,9,3,0
161,224,265,0.0448718074023102,103.40853467881159,132.12872892832138,0.7826347495926474,14,1,0
5,2,1,0.04574320977737073,42.16112777763608,40.24667001615663,1.047568103416032,8,3,0
125,2,1,0.9714274112087317,3.620967922556087,2.8771434265228484,1.2585288203487939,1,4,1
8,1,1,0.0723420113688585,52.10819483248323,47.74200975102515,1.0914537344411717,15,5,0
254,1,1,0.8592275539358852,4.531625076549846,2.7901975511090416,1.6241233796326089,18,2,1
8,2,1,0.054377890799739925,87.12682362919811,91.20278927995795,0.9553087610265057,23,3,0
141,1,1,0.8736010989553789,1.6416004213202884,2.3350221968630946,0.7030341825125431,12,1,1
149,1,1,0.9548486107059382,1.7568861591400236,3.7040928319258755,0.47430942982780555,12,2,1
7,2,1,0.012886986747344521,36.83629115461848,38.630279360080706,0.9535600509450087,17,4,0
7,2,1,0.028703813317491278,63.60805724569551,69.72952083725667,0.9122113056556321,16,7,0
8,1,1,0.07798453951511436,15.16316068856105,15.954762294528308,0.9503846192532284,9,1,0
112,2,1,0.9448932839700922,4.72811242204007,1.7562743199766981,2.6921263769903563,3,4,1
2,2,1,0.030096356694681626,72.27634842130175,66.02228468679981,1.0947265573157656,9,6,0
8,1,1,0.08524146591986477,99.06409541131147,102.55218693197656,0.9659871561493002,11,4,0
4,1,1,0.038361226040562184,11.23448373453123,11.956890130149247,0.9395824175220551,14,7,0
157,105,275,0.013681333314083294,199.48241002838802,96.71263440247513,2.0626302991419987,12,1,0
7,1,1,0.06936822257814887,25.973113214932237,23.803740338347968,1.0911357982295495,13,4,0
3,1,1,0.0963236653440132,7.973719806014043,8.342536348727297,0.9557908377864582,14,5,0
6,1,1,0.027421520234867006,98.47787655618369,96.69215764939351,1.0184680841776765,5,7,0
262,399,290,0.03258334126879425,86.334741870277,175.58448497113466,0.4916991491843375,15,3,0
223,1,1,0.9802934751933416,4.106387411166967,3.42730461161013,1.1981390265856198,13,2,1
486,260,73,0.046042392390784344,130.99705661373287,163.37671237571175,0.8018098461455356,13,7,0
4,2,1,0.055841267258319796,26.426313532154868,24.633687032902607,1.0727713434394897,21,6,0
2,2,1,0.043324674897165565,98.51338370327588,91.6091843820868,1.0753657983941087,20,2,0
2,2,1,0.097469985187069,73.57932465305883,75.88947789726431,0.9695589782903388,0,4,0
491,346,263,0.03745808195506416,46.26597332632618,38.50263280867982,1.2016314197582936,13,7,0
6,2,1,0.0702464970544104,58.16662493125684,52.4636298815496,1.108703783222458,0,2,0
9,1,1,0.008250853444042128,83.32883445519921,80.958984917549,1.0292722239546819,6,2,0
139,2,1,0.9539790911234022,4.285762912039466,1.6029587381981791,2.6736576618665295,11,1,1
110,1,1,0.9844331954027558,3.3791065495077444,3.041511454656185,1.1109958321329818,8,2,1
121,2,1,0.9437956990320922,4.133690903766459,3.030644964702895,1.3639640907828012,6,3,1
181,2,1,0.972594665494374,2.8092731380732006,3.108944237991312,0.9036100113163403,8,4,1
111,166,61,0.007977234005659417,176.9210419865963,59.45851772444798,2.975537378959086,22,6,0
8,1,1,0.07896985071424792,67.57723867258323,67.5528529726074,1.0003609869739436,17,6,0
249,116,145,0.027123931785968378,108.78983242108393,34.674768119436806,3.137435037672313,18,3,0
6,1,1,0.02035782803422427,84.84297859630868,79.3144970420635,1.0697032920893796,20,7,0
8,2,1,0.06287648182059451,74.8582783732465,78.8665482412607,0.9491765525764803,23,2,0
145,1,1,0.9157923128784385,3.901030641660546,2.716672353561757,1.435959193439727,1,7,1
55,1,1,0.8915241695852577,3.369401314373449,3.7809083640417276,0.8911618558170015,11,3,1
8,1,1,0.0733113022415281,17.498930087089683,18.254271280693775,0.9586211258729916,15,6,0
2,1,1,0.0413031174647697,11.567614687728847,11.422245373484806,1.0127268596927095,21,4,0
8,1,1,0.03592333693997657,61.33033088631811,57.203092440376615,1.0721506175604643,1,3,0
1,2,1,0.05987139801001076,42.68267875263839,40.437807653450825,1.0555141643292325,10,2,0
9,1,1,0.044943383521373774,60.84901525548676,66.30818633602922,0.9176697270397793,21,4,0
5,1,1,0.0663804527621805,50.089933196232316,53.53782815562919,0.9355989012222501,11,4,0
183,2,1,0.9309858759253319,1.1367510637566327,3.966732450892904,0.28657114585601867,8,7,1
1,1,1,0.022470117697268,22.10099155990873,20.282325647817988,1.089667523521219,0,1,0
4,1,1,0.04798970815920733,70.16693491838349,63.39413874791308,1.1068363149060585,17,5,0
272,2,1,0.9273394042868875,2.9553863210276807,3.1671606438652606,0.9331343286145641,19,7,1
4,2,1,0.09398197919268418,74.62539724242747,69.58642019701546,1.0724132241771525,20,1,0
256,84,288,0.008857489472369296,144.67267140070962,170.86075213665984,0.8467285177639616,10,2,0
2,1,1,0.08308771913417055,87.13783941572848,91.817478868906,0.9490332395223032,7,1,0
1,1,1,0.02156751523977172,67.59411967210244,66.15929125896594,1.0216874816194779,4,1,0
2,2,1,0.06049539226905409,35.22059759372135,37.80183536407548,0.931716601971999,15,5,0
176,238,282,0.005455481588287486,137.09209660250883,157.73435562004124,0.8691327647905915,3,6,0
2,2,1,0.08778911590413276,35.13359309271287,37.7257539865908,0.9312893548847483,0,6,0
9,1,1,0.03245858299002703,39.8138458127828,38.98709292329773,1.0212058101154555,20,3,0
9,1,1,0.023754413087432747,40.458920204787304,38.252044927190894,1.057693001296976,10,3,0
2,2,1,0.05004453091307415,56.52454817307514,61.62847249206533,0.9171823653483003,1,6,0
270,2,1,0.8663377512770097,1.5959674238807788,2.8165594931723987,0.5666372138595162,14,4,1
7,2,1,0.07468757161358228,72.97163617443107,73.28153405247097,0.995771132768345,20,7,0
5,2,1,0.09546600300333075,67.19584273597808,65.58414384847998,1.0245745205002847,3,5,0
3,2,1,0.016633160774314214,63.64841695423255,63.94227818932356,0.9954042733006646,13,3,0
205,1,1,0.9371398079894196,1.3585053566197685,3.2940894647715737,0.41240694011143775,1,1,1
139,1,1,0.9283721560774177,1.4928906166886642,3.648539483201473,0.40917485573671303,6,5,1
8,1,1,0.056731221962890356,29.37346445162956,32.093017674328564,0.9152602833957121,3,6,0
484,251,169,0.02632495970768905,40.21478199401945,20.46512267209683,1.9650398699466527,21,6,0
9,2,1,0.021204483990822667,63.04319394084421,61.9213840542063,1.0181166797831243,9,1,0
5,2,1,0.02748060355481361,83.14836025879944,81.88015242688387,1.015488586602816,9,1,0
4,2,1,0.04517676787372291,60.72780400167004,56.695650376988226,1.071119276309041,2,4,0
168,1,1,0.8643571833280242,1.0945543441853456,3.104928751108165,0.3525215655253582,6,3,1
9,2,1,0.014177439352710187,31.08132413001191,31.68459346598258,0.9809601680192502,17,3,0
7,1,1,0.06924361513243697,99.1693194017079,91.7989423215834,1.080288257072779,18,4,0
141,367,216,0.03863113637246913,67.68118050261202,136.15217075462903,0.4970995330260714,3,3,0
1,1,1,0.034356047477570394,63.629799422586444,62.896910584492645,1.0116522231582308,1,4,0
126,239,198,0.01355737182500924,126.70615849761609,142.42374759862125,0.8896420760862123,11,5,0
6,2,1,0.005233887578650832,40.95526023115756,39.83262962861392,1.0281836929424613,2,2,0
4,2,1,0.05804750067166747,13.432902440238003,14.67320459845434,0.9154716238096353,14,1,0
9,1,1,0.07561633288952462,38.0192948027033,39.27326029664364,0.9680707564264149,19,3,0
286,1,1,0.9098973873713962,1.6096640533216697,3.981208755395938,0.4043154107756869,7,4,1
5,2,1,0.062358568800275974,13.46682105102158,14.15435726551149,0.9514258258716444,0,5,0
137,305,191,0.005882451423677932,60.92431401729778,81.50141034144575,0.7475246595372849,8,5,0
9,1,1,0.05097242467516982,83.4021802821252,79.72753924214202,1.0460899844007836,3,2,0
3,2,1,0.04969634829058303,99.2550114082147,106.23114904623888,0.9343305828784013,9,4,0
91,2,1,0.9726174562736787,2.5224931739063203,3.6949358011126736,0.6826893103654764,13,6,1
7,2,1,0.08187350040742702,35.640157895409445,32.23933001326426,1.1054869279462687,1,3,0
4,2,1,0.0640972077345332,83.13565354526429,77.02559324659103,1.0793250663985463,21,1,0
63,1,1,0.9409379406626466,4.059239203611982,1.9370965681510315,2.0955275386639842,2,3,1
9,1,1,0.036753442229153145,11.476369391621889,10.387977848230598,1.104774149434356,14,4,0
4,2,1,0.027775262374926113,85.8876205673702,77.30457014253578,1.1110290169004087,10,6,0
7,1,1,0.03864608411591472,58.62190361449384,55.008243778375856,1.0656930595835263,1,6,0
208,2,1,0.8946032572355258,2.721348710035685,1.926661896374996,1.4124682255645828,20,1,1
470,342,129,0.03458090277846597,131.2493013716935,133.97413268242354,0.9796615118443119,7,1,0
4,1,1,0.06238958362916385,55.068939071606906,54.25483714582281,1.0150051491924306,4,4,0
3,1,1,0.052550462196864,50.755310420811924,47.47537177097624,1.0690871609317414,21,5,0
2,2,1,0.04813441516353237,6.823266298190385,6.495494610582286,1.0504613901263349,9,7,0
7,1,1,0.021520187201723752,6.151473591169861,5.833075111367926,1.0545850128316394,20,5,0
272,239,213,0.018570428382507036,67.85320459777643,136.29622222325145,0.497836282553993,20,4,0
5,2,1,0.01271997626874496,87.14273725333967,82.67193085354216,1.0540788917549027,17,3,0
4,1,1,0.045944676840598664,79.5765716645204,85.81672273412316,0.9272851389473826,8,1,0
9,1,1,0.08088834616363282,12.259601646614886,11.718628859106415,1.0461634884091484,17,2,0
8,1,1,0.08251321959287039,52.06794982879327,50.88443397679216,1.0232588978496036,21,1,0
7,2,1,0.08824594404560998,15.04088059109604,16.509698600435648,0.9110330209601252,22,5,0
8,1,1,0.07462072574818386,67.60837574934968,71.69368700919982,0.943017140974687,2,1,0
70,2,1,0.9029877112753096,2.186142325150621,2.374258074364624,0.9207686176809803,14,3,1
3,1,1,0.04121309302627716,57.213524153297826,60.99573237430093,0.9379922484118471,7,2,0
1,1,1,0.0782484924563938,26.64502966659545,29.181587728313012,0.9130767631517012,14,2,0
4,2,1,0.026071329991991656,11.579159097156694,12.644039979135252,0.915780013054705,22,6,0
59,1,1,0.868785035564924,2.8973444396248555,1.7848915867857928,1.6232607409183613,12,5,1
193,2,1,0.9424749590342625,1.6265537478952332,1.6093390646999237,1.0106967410242536,16,2,1
9,2,1,0.0432076882944196,46.74347402097296,47.79931170902744,0.9779110273703988,21,4,0
5,2,1,0.019747048985993734,89.2578655198806,91.86081790134517,0.9716641715049822,2,2,0
218,118,290,0.012921581014590906,117.92298425289529,134.4927374713685,0.8767981563167998,20,6,0
459,317,184,0.009029729908765044,29.694477259644703,77.61076985377701,0.3826076885410458,21,3,0
2,2,1,0.013172877345456191,73.96809144860308,78.66928631657969,0.9402410382997739,14,3,0
6,1,1,0.07581850110765374,75.62525967727788,77.31836563418616,0.9781021502068626,21,3,0
7,2,1,0.06362913539792481,77.30654601910001,72.05080845998367,1.0729448797515622,9,2,0
1,2,1,0.07264617151130048,99.22194537818953,91.26787963636166,1.0871507673183516,9,2,0
5,2,1,0.08151183844803679,63.422932832407575,65.80616508864568,0.9637840580281845,15,5,0
4,2,1,0.0848047791130772,84.79657812680735,90.43861120885727,0.9376147752974633,13,6,0
476,99,124,0.03781323289457263,171.55466686940758,104.65742973832141,1.6392019878412039,18,5,0
4,2,1,0.07803997761472746,25.634864280665003,23.77799211554146,1.0780920506702447,5,5,0
7,1,1,0.002907138034395374,20.854086196212737,19.524927155111808,1.0680749807946373,12,4,0
7,2,1,0.05101097124988252,73.72345273316719,67.88658057672912,1.085979763700735,22,4,0
8,2,1,0.05993689656629339,62.2038361849857,56.268754333562825,1.105477398988425,18,1,0
3,2,1,0.06954156483280532,75.86289483729908,83.1756104392259,0.9120810107276577,20,7,0
118,252,277,0.006118837866258897,152.39100916775678,62.45436784586368,2.4400376534729356,19,1,0
9,2,1,0.029944351049188668,21.48060705526594,22.07155257991676,0.9732259195400449,19,7,0
6,1,1,0.08398022856356173,41.464130433639184,42.060154679384375,0.9858292426576042,15,5,0
2,1,1,0.0026196708532064796,7.298217569678748,7.782377008071754,0.9377877173142802,12,6,0
3,1,1,0.005613610341621,86.00916188819257,81.28796985098542,1.0580798369778688,4,5,0
4,1,1,0.043518039925535684,94.04856295050712,97.92372127276532,0.9604267661411274,3,6,0
228,359,106,0.00035146019068095784,30.310445193972203,60.54026640832816,0.5006658707039086,11,4,0
4,2,1,0.047206043419699834,6.273249511055733,6.000671411730777,1.0454246001192615,9,6,0
7,1,1,0.027561233867894542,79.77702724715239,87.35320665371458,0.913269590244172,15,6,0
9,1,1,0.02681390200955134,19.856271418327555,21.258480097787146,0.9340400314128972,10,4,0
9,1,1,0.05324206822752171,44.05408224706712,42.7090523149558,1.0314928536037855,14,2,0
302,227,265,0.028008409173092098,188.62804316595654,29.406418271484277,6.41451949110277,11,6,0
413,100,131,0.007248253618990852,150.52803095920066,54.41432626366202,2.76633087819234,16,3,0
5,2,1,0.09673561777882753,22.38646720229908,20.24647836072867,1.105696842850521,20,4,0
9,1,1,0.06837541055770426,56.78502518476647,62.24225715257383,0.9123227174356787,1,4,0
268,165,226,0.027176910867132305,34.71056223442009,102.49411547515817,0.3386590739722321,0,2,0
2,2,1,0.0849975371480662,68.55712204626529,68.04014048103183,1.0075981848593858,15,3,0
6,2,1,0.006227310588188562,53.68775163318151,56.97777589348254,0.9422577626327222,9,3,0
1,2,1,0.03397774715618851,87.85289150213526,88.64089256472845,0.99111018583192,3,6,0
242,311,262,0.03298146831973711,49.091566031456864,65.98880203800884,0.7439378275602071,8,2,0
468,145,202,0.004707595506284895,81.85937466963856,70.83756176357211,1.1555927763698717,9,4,0
266,358,138,0.01986906952426583,36.813434955553205,99.39298848514107,0.3703826146756488,10,4,0
8,2,1,0.07928544190338394,59.87136975870996,61.48289649554503,0.9737890237986456,22,1,0
8,2,1,0.015795482283534803,71.11041622603624,75.28120356457099,0.9445972282449319,6,3,0
2,1,1,0.09835214727152221,18.36759516463205,17.27294405099474,1.0633737427971504,7,5,0
275,186,150,0.02201617091841745,130.75364451256436,35.023535298088994,3.7333079998836878,8,4,0
474,95,178,0.020888048963754985,197.13985742656962,140.22559978465287,1.4058763715706766,12,2,0
6,2,1,0.04274896879206152,20.412173549335538,18.422425571556367,1.1080068403615253,2,1,0
4,2,1,0.02097529476836814,41.00757699081425,44.890645065077834,0.9134993923871152,8,4,0
183,1,1,0.9639373615171948,4.952262266611096,3.753240026936622,1.3194632453744533,11,4,1
8,2,1,0.08192551048714612,88.58308182541106,89.03370241326252,0.9949387639103242,15,5,0
1,1,1,0.0420118727847725,91.00918805639768,95.37164615231038,0.9542583328283359,17,2,0
7,2,1,0.05772497307686131,75.11656671715913,79.71664338194725,0.9422946517862308,14,3,0
4,1,1,0.0676177562075434,35.88488146601141,37.22214733940637,0.9640733818712489,14,7,0
4,2,1,0.0991742617167839,11.903732802951547,10.896862734506971,1.092399995574518,2,4,0
96,2,1,0.9040566729895522,1.2740216265079183,3.4078882281472236,0.3738448978417844,20,6,1
138,331,126,0.04494236940901237,137.13833856057454,177.36081034490329,0.773216689154101,22,3,0
8,2,1,0.046035827120192635,87.13354290465365,87.94646784368533,0.9907565936533511,2,3,0
127,1,1,0.9133822642467917,1.1680987006856212,3.3497603019173257,0.34871113017162103,5,7,1
9,1,1,0.09727763228920859,83.47370990832432,86.80122866903505,0.9616650730440897,19,5,0
112,1,1,0.89571266430792,4.317578659435387,2.203802996037325,1.9591491014391296,14,4,1
6,1,1,0.054069847664491036,14.170774668566878,13.439261788504796,1.0544310313746383,0,4,0
5,1,1,0.022635149434148596,74.37338397356386,75.84312544690448,0.9806212960676371,3,4,0
154,1,1,0.9389832355161076,4.5692099925586085,1.9633254488217862,2.327280989150649,22,5,1
257,347,84,0.013388833774416709,162.04895238597166,123.20288221433924,1.3153016347787294,20,5,0
5,1,1,0.048837462898293875,75.06874616381855,75.44768955392199,0.9949774023254534,8,4,0
275,2,1,0.9933736725581128,1.100567833109091,3.236126140326772,0.3400880513878732,7,4,1
223,1,1,0.8706285662225522,2.3632627991593864,1.912061688366905,1.2359762310691205,21,5,1
4,1,1,0.07026337730855163,27.556179495606596,27.62431919026571,0.9975333439282325,3,6,0
166,273,265,0.030032553327417794,153.84690491178077,111.1278907091365,1.3844130751519077,22,6,0
9,2,1,0.03618530932051387,49.88686872561879,45.35363644793023,1.0999530055962126,7,3,0
1,1,1,0.033134700710305075,50.79390052064784,47.706624011215155,1.0647137912904276,2,5,0
1,1,1,0.05370074883513584,86.14291977679791,78.3813884950599,1.0990226306367001,7,3,0
452,169,88,0.04012928397899065,122.96875580647415,112.28019067215496,1.0951954665407413,10,6,0
58,2,1,0.8630639150193657,3.468266064471205,1.7845959836915035,1.9434460775244866,18,3,1
9,1,1,0.04935465803401187,71.7145827730081,78.78301357147431,0.9102797611054378,12,7,0
1,2,1,0.04218281785388314,44.047002150226845,47.63781069143978,0.9246227211306715,20,5,0
1,1,1,0.07184292298187353,95.63314712057885,99.86765761681494,0.9575987802529263,13,7,0
314,256,224,0.043579886364411534,66.20496109580824,139.75257835604992,0.4737298007278033,0,7,0
5,1,1,0.059632151886036835,57.21044738860364,61.79095915774408,0.9258708420847295,11,2,0
9,1,1,0.041267532608339666,66.37913662548098,68.32338273372004,0.9715434741307166,18,3,0
2,1,1,0.09132869475762367,63.19447949275782,67.9176171130141,0.9304578425889555,19,6,0
2,1,1,0.006644384435577489,55.72690989203756,51.73839144082409,1.0770901131662616,16,1,0
3,1,1,0.048600049379760306,59.833989239782326,54.37400695218242,1.1004153012376212,20,6,0
9,1,1,0.08167232025585447,11.401532704624639,11.14475328116824,1.0230403865368909,10,2,0
7,1,1,0.03063134987782127,79.95359019247536,79.09679978688685,1.0108321753585099,1,3,0
9,1,1,0.00988736176406354,89.5169431366688,80.7856342199858,1.1080799699227086,21,4,0
8,1,1,0.051168138658151174,20.734692967685206,21.339069913642476,0.9716774466552134,4,1,0
4,1,1,0.002544775990575088,66.353126697216,68.16990606025941,0.9733492464924706,10,7,0
1,1,1,0.06771206397350094,62.549028698005586,60.85512254183319,1.0278350627756598,19,4,0
4,1,1,0.014055296757836079,51.13102146764279,46.29951544383733,1.1043532740567494,2,3,0
6,1,1,0.03879867599468695,20.202368964003433,18.27648560082408,1.1053749284869359,14,5,0
5,2,1,0.011613896020052562,95.81228875075533,92.24743383237694,1.0386444887437856,22,6,0
9,1,1,0.00882017037898707,62.653347449808344,58.287465378649536,1.07490258913811,16,5,0
71,2,1,0.997016348862065,2.9115137920889698,2.83064382787244,1.0285694595060775,12,6,1
7,1,1,0.035618564711759414,83.5474225106598,87.03993409736685,0.9598746067201732,16,5,0
5,2,1,0.08306885105200769,56.758627466792746,52.95854711669761,1.071755751563981,23,5,0
2,1,1,0.020730900318755796,79.32689129870829,83.04855878041413,0.9551868504841105,17,6,0
3,1,1,0.07308180287118088,19.058493999754305,20.402338073941795,0.9341328396129328,4,4,0
113,1,1,0.9864181916405863,3.8885729418236235,2.8334665719134065,1.3723729725167417,11,6,1
7,2,1,0.005774105186917378,69.67180983124612,69.20893927161859,1.0066880169599326,11,6,0
3,2,1,0.09809873781626852,50.923706417448926,54.626343878513254,0.932218830729385,22,2,0
1,2,1,0.07617981913776972,41.72134814818765,41.81543364498951,0.9977499815594252,18,2,0
318,161,141,0.041375946105315156,157.61500303784916,123.23521126200319,1.2789770182058853,12,3,0
9,2,1,0.08539619669554221,46.71923258020609,49.961256299763555,0.9351092434484517,7,3,0
3,1,1,0.003079004966044785,97.29563902710592,91.86158979666814,1.059154748382494,22,2,0
6,1,1,0.08720483384470078,55.086487179781024,56.54676506265864,0.9741757484931365,20,4,0
251,114,233,0.026428905486109856,162.8109225749626,198.29828589862402,0.8210404938053594,17,2,0
426,109,184,0.002208096808891563,81.5208328526171,133.92313952211816,0.608713573647618,14,5,0
8,1,1,0.08219266359399297,81.87240125820794,88.1671489656667,0.9286043863127523,2,2,0
7,1,1,0.07231494864646296,31.631773775194485,32.81737291807232,0.9638728198677678,5,3,0
3,2,1,0.08082352100092222,95.03036246662472,86.90177839117638,1.093537603325661,18,3,0
115,2,1,0.8669397464029017,4.368297749594317,2.105578044561417,2.0746311260593595,5,4,1
8,1,1,0.02111124711661362,87.02307285141518,85.30534224255042,1.0201362606808457,22,6,0
7,1,1,0.0022026921223817,60.40946178333098,64.54425682180009,0.9359386064373653,16,1,0
5,1,1,0.03578140841135489,66.5426573691002,61.5242853503301,1.0815673354057604,16,7,0
4,2,1,0.05546573480350956,65.52362952268598,65.86800154261138,0.9947717858161733,17,4,0
5,2,1,0.028997011894360904,58.512448440612395,54.06496045221544,1.0822619299301588,22,2,0
2,2,1,0.08237780901011653,73.56354750813203,70.20238558190482,1.0478781724918131,16,7,0
1,2,1,0.0783016637316733,72.92867829081496,74.29223691738363,0.9816460146692714,16,7,0
8,1,1,0.03403707463057627,94.3426080449364,86.46906571361238,1.09105617444048,10,1,0
3,1,1,0.0842711902160555,34.7680521705886,36.777176021085666,0.9453703609721104,14,3,0
1,2,1,0.03773180539631929,96.58744956656028,88.65355409929144,1.0894932588758137,22,2,0
9,2,1,0.06758477464643364,18.216005644653315,17.320621144470838,1.051694710756277,10,5,0
8,2,1,0.012960065119544196,69.23028198436906,75.37768602364211,0.9184453070455767,8,5,0
3,2,1,0.09994662482156308,14.956766174769351,14.952490931247358,1.0002859218267812,6,4,0
148,1,1,0.8666466286877722,3.5376965811463346,3.4269515456596995,1.0323159035110654,8,4,1
62,2,1,0.9328104046980067,2.6631900027498006,3.299134541526326,0.8072389801713545,8,1,1
103,2,1,0.9471569756594382,4.184962382251417,3.3850575873209556,1.2363046342037365,12,2,1
8,1,1,0.012572426899222623,75.02417229104486,82.14534385535303,0.9133101009736158,11,5,0
6,2,1,0.05791752553747222,13.10742696601086,11.909426365535106,1.100592636765669,12,1,0
153,217,102,0.013379633836398576,170.386440633595,22.64480995789169,7.524304286519989,4,6,0
6,1,1,0.012436839900051023,44.29605411727035,44.23283996657733,1.0014291225872176,14,6,0
6,2,1,0.000992382112783563,49.089040148082866,53.639586716990216,0.9151643991420617,5,1,0
1,2,1,0.013151826691637792,86.42730818634682,87.72986111841256,0.9851526844399351,9,3,0
9,2,1,0.018173919070946298,46.37322441985812,44.816005658085984,1.034746933353512,0,7,0
4,1,1,0.03717392949063303,5.128594442969475,4.923246062606605,1.0417099567544565,3,5,0
160,1,1,0.8535392446968294,4.594242418699357,3.457996033246565,1.3285852194532504,23,5,1
4,2,1,0.006569485895436578,26.682359531901415,25.330116948782763,1.0533847745690583,12,7,0
4,2,1,0.09902088935876215,27.720083889313088,27.890492302730433,0.9938900894409576,19,2,0
6,1,1,0.020498120952681644,73.9345840260695,75.70508917255854,0.9766131291061102,9,3,0
5,2,1,0.06359547071637285,41.875742082064576,43.33410915097295,0.9663459778571304,10,1,0
4,2,1,0.02905045056714204,49.64888547500398,53.52290000493649,0.9276194950278254,8,6,0
1,2,1,0.0007841590771916819,64.93757007177052,64.25797795096518,1.0105759960471201,21,1,0
204,2,1,0.8862839941169334,3.00241428461883,3.1990508318377695,0.9385328469113519,4,6,1
6,2,1,0.045966487040266124,56.92482849306801,56.15994098272709,1.013619806163546,2,6,0
57,2,1,0.9846512009016934,3.6973959160938756,1.8424976576341785,2.0067303210802674,10,5,1
6,1,1,0.01969257044534284,95.38583198437406,104.82558199174663,0.9099480315013582,11,3,0
2,1,1,0.017609547133059466,25.325918675382507,22.859323962522513,1.1079032221995688,5,4,0
384,138,174,0.04718507964101104,192.8244087929805,113.86273496986495,1.6934812679847684,1,2,0
240,87,271,0.0359165587686002,64.521256847435,135.31073303879973,0.4768376861053131,6,1,0
8,2,1,0.07716269109786078,52.39508813091448,47.282408091851615,1.108130703265597,9,4,0
5,2,1,0.080807928235583,21.899371784657227,21.963684182754417,0.99707187566703,15,3,0
9,1,1,0.048089014660300904,67.93123111160148,62.74811382263677,1.0826019616082048,8,6,0
2,1,1,0.049467518959128334,53.708423542199675,53.510232372780195,1.0037037994535096,2,4,0
3,1,1,0.09509285945025485,59.82664567364048,58.117053318282615,1.0294163633175817,17,5,0
4,1,1,0.03585784615248732,67.37995200224823,63.88157024445484,1.0547635529998116,12,4,0
9,1,1,0.02286944094003648,95.85040887181512,89.10595098595736,1.0756903193471403,23,5,0
4,1,1,0.0719159896944569,58.515840993139435,57.66738273107983,1.0147129663577106,11,2,0
208,267,248,0.04470471512666254,190.362172367073,180.66048094756542,1.0537012376399206,20,6,0
461,163,192,0.027225288452461402,56.80295948984812,65.95563377070769,0.8612298334865752,15,3,0
9,1,1,0.006900759261281631,94.37452944779525,94.50515206303942,0.9986178254582667,2,7,0
139,268,213,0.034680902873689766,158.80210685333958,137.83712363587182,1.1520996859514534,2,2,0
264,1,1,0.8923708639555006,2.7009127417507757,1.5939277259972684,1.6945013865424186,20,6,1
9,2,1,0.052251018108558846,10.190269900092368,11.15442873299796,0.9135626883290456,6,7,0
4,1,1,0.08827343806734221,9.930589640794356,9.317114972051519,1.0658438444285674,11,6,0
338,248,246,0.03795344696291879,129.73358209824235,181.28734393829944,0.7156240434654763,4,1,0
3,2,1,0.012535647579238564,37.01164894315837,40.70943777342252,0.9091663006783581,3,7,0
6,1,1,0.05424710034626561,19.212137705060492,18.75369645002607,1.024445381008275,22,7,0
131,241,58,0.013442337122642168,133.1181285354198,106.73614626943099,1.2471700842504987,16,4,0
160,1,1,0.8694912058401911,3.240366789773582,3.4518296330022524,0.9387389107483994,18,4,1
176,2,1,0.8738537505610392,1.7207830165125917,1.7455874804727012,0.9857901914183113,5,1,1
7,1,1,0.08616909037873453,31.036800987508144,32.942900693981166,0.9421392874847455,8,5,0
4,2,1,0.015732628000182824,16.29306716182184,17.155684512040406,0.9497182785325089,15,7,0
1,1,1,0.038051770986989454,20.488357008501147,21.661133724776246,0.9458580178130905,3,2,0
4,1,1,0.0011417983454073634,71.85147906475984,78.60921283966711,0.9140338195639934,22,4,0
3,2,1,0.054643031607784734,96.86835114933389,88.18252880900062,1.0984982224670192,0,5,0
489,92,289,0.04000017408818407,119.48727362933815,91.37966275819338,1.3075915364835877,10,2,0
194,230,51,0.04357070170954272,141.08653895760165,163.402651494447,0.8634287000073328,6,6,0
3,2,1,0.08328303767882711,91.07827074571975,82.19188721595003,1.1081175263249734,15,4,0
5,1,1,0.019142768049954254,44.10726874338673,47.94455200478458,0.9199641439758388,4,1,0
118,2,1,0.8870697331992088,2.4234190370368456,1.7097988395535735,1.4173708514561851,8,3,1
2,2,1,0.03739210470128136,94.72261535595882,97.40770591556283,0.972434515992692,21,7,0
7,1,1,0.07852688115160152,62.104756084311184,68.1955158571266,0.910686799619261,23,2,0
154,1,1,0.8517220989624067,2.800466105899244,3.9427605826289334,0.7102805375090678,1,6,1
9,1,1,0.0189815302972156,60.30740685879603,56.742522347240644,1.0628256264277391,16,4,0
3,2,1,0.05167899391281582,75.31533003233899,77.28407985648022,0.974525803661022,23,2,0
7,1,1,0.017211060282277767,92.92460974592868,84.90213277635884,1.0944908768158026,8,6,0
3,2,1,0.009209525323290236,57.5710065320372,59.20178484168612,0.9724538995908679,21,3,0
9,1,1,0.06720560387522534,60.43791189585776,60.74924232155484,0.9948751554126526,1,5,0
3,2,1,0.044908474501094676,63.16452432237524,59.53995453289875,1.0608762606204838,18,5,0
6,2,1,0.07011395944174736,69.61062911746241,68.33190540103355,1.018713421042837,16,5,0
1,1,1,0.04502542461428904,95.97019643296265,94.03227635323321,1.0206090946097022,12,6,0
6,2,1,0.06649945162377738,52.31383734040255,54.85445858828983,0.9536843255175315,17,3,0
134,1,1,0.9710783978186782,4.445278503260363,3.543130778417053,1.2546188050237193,8,3,1
8,2,1,0.06132916848873791,65.58038345511387,62.19672527155252,1.0544025134569097,19,5,0
1,1,1,0.0877470046654482,75.1786993190238,67.86750396151989,1.1077274826793289,0,1,0
2,2,1,0.03548608307461478,45.353295390380026,42.77128131924234,1.0603679382870408,0,3,0
7,2,1,0.08849643081805879,41.41200276600913,41.35817537983354,1.0013014932520896,12,6,0
6,1,1,0.02533571700596614,98.82766127241892,94.70646361444953,1.0435154845898038,13,2,0
6,1,1,0.05383319432557135,30.541083866308384,29.737541352402143,1.027021148264543,21,5,0
8,1,1,0.04543454230676552,64.87348584833501,61.60883936885369,1.0529899039314115,5,2,0
2,2,1,0.014438763213366724,79.47879907548877,78.1974357039452,1.016386258193872,21,3,0
4,2,1,0.05026312426301305,10.336727348006706,10.318319144486889,1.0017840312227262,3,4,0
7,1,1,0.040967105337599265,67.24150287981212,64.01709258240217,1.0503679590456176,5,5,0
5,1,1,0.018564670490124304,68.10084157395198,73.2995319514359,0.9290760767622872,12,7,0
3,2,1,0.028918744629594983,34.43165315563455,32.709774016511986,1.0526411199983636,23,2,0
5,1,1,0.035378915873643606,83.71278180107772,88.55628361867734,0.9453059498470409,22,6,0
145,1,1,0.8990113813045061,2.4176997951722194,2.764085383554897,0.8746834701838371,6,1,1
9,2,1,0.05533711897497719,52.7975848923963,49.56492676053637,1.0652206780709657,21,5,0
1,2,1,0.08587642793494722,76.09380609824528,75.1686667539787,1.0123075130132944,21,1,0
5,1,1,0.017925325573928074,70.9252110984649,67.08954959247731,1.0571722649695308,22,5,0
8,1,1,0.07187396178535303,74.57809966054602,74.8008398321654,0.99702222365258,21,6,0
1,2,1,0.01657481769652207,89.63127582339894,84.99799929707426,1.0545104186526912,9,7,0
4,2,1,0.05192245707802051,62.73650489408699,59.54136373637111,1.0536625457868731,22,7,0
3,2,1,0.021955392322980195,96.18696625777825,98.42428444087842,0.9772686365381291,8,7,0
118,274,123,0.020593237020874802,155.64703353423553,56.66008479908327,2.747031425846963,1,3,0
1,2,1,0.002214147547262946,94.78584793182083,98.51334445759291,0.9621625217751423,20,5,0
8,2,1,0.051228475724348514,15.857148149808049,16.69694579990805,0.9497035170285678,2,7,0
202,388,242,0.0009062020522864867,162.6964604431063,32.42826313662795,5.017119164157131,2,7,0
284,2,1,0.9571961912363086,4.526253819763028,3.3282912992582405,1.3599331947812894,8,1,1
6,2,1,0.02034364751360912,17.10170952003223,16.368076212630115,1.0448209855496653,6,6,0
3,2,1,0.04045686564040174,51.01272049769332,46.04783282588664,1.10782022447353,13,6,0
2,1,1,0.028088196518624375,24.755854132492043,22.488145749998015,1.1008401674243964,5,4,0
8,2,1,0.08479278837633486,56.83059235356904,62.30573507687705,0.9121245786354594,17,2,0
6,1,1,0.02315484359650488,94.541864269306,85.89766630671544,1.1006336764927311,2,3,0
8,1,1,0.07066342634675964,40.57563799696161,39.51646723760036,1.0268032755304968,10,2,0
2,2,1,0.08423255047499341,40.457909856027214,41.52590708272422,0.9742811824779786,1,5,0
9,2,1,0.07665150495325847,60.45279083447957,63.861844339044524,0.9466183048759729,12,6,0
413,288,148,0.03355787366898443,131.6852813093547,153.6055736958357,0.8572949414590465,6,4,0
6,1,1,0.015867887368968492,29.531946868285203,30.15454975268653,0.9793529371352706,20,2,0
278,1,1,0.9448586986492581,1.6259068640144023,2.684803050290257,0.6055963262700494,12,3,1
8,2,1,0.031382680822441555,27.942559659319176,26.34934552977348,1.0604650361332673,11,2,0
1,2,1,0.06961561451379253,41.36588262145684,44.02844685353731,0.9395262739806013,17,6,0
483,141,87,0.026662569963955125,134.6171090679789,154.68190963974126,0.8702834700030929,0,6,0
5,2,1,0.027845754637357303,67.19736215884842,71.5486251489966,0.9391845338594992,9,7,0
306,358,168,0.009386120284612604,35.909290457213366,145.8107891277294,0.2462732056525463,11,1,0
1,1,1,0.025957644927504922,8.199258368074082,8.821066791885166,0.92950870473137,2,7,0
8,2,1,0.06668473913056581,35.687597846638916,38.52775383056026,0.9262828558235718,23,7,0
153,1,1,0.9738123496185922,4.379485391020916,2.122521840272725,2.0633405545820867,21,5,1
4,2,1,0.03266392494259109,76.07747164464041,80.74353201985036,0.9422113417819916,9,3,0
212,1,1,0.856052624028955,2.644766071978344,1.8252016745723674,1.4490267617127817,19,3,1
3,2,1,0.05661806912250709,34.71390897498364,35.78547184092178,0.9700559246304872,2,6,0
8,2,1,0.0706158502119054,34.350819056474506,31.827027127625623,1.0792971306659758,10,2,0
5,1,1,0.04023349552373328,42.106392720269305,38.479586629431935,1.0942527300452685,18,3,0
9,2,1,0.056948448417225385,87.4990248544313,85.38378244963079,1.0247733509117884,1,7,0
5,1,1,0.04430593623304211,51.94402871059886,55.694858191244215,0.9326539360641549,9,4,0
63,1,1,0.9923801039771337,4.331327607476303,2.4060783065395728,1.8001606995516402,21,2,1
5,2,1,0.05003594462155606,70.63397777232817,73.41887499862658,0.9620683751099358,8,6,0
3,1,1,0.0635940326826711,61.933701033246585,57.96196723387588,1.0685231021118522,11,6,0
1,1,1,0.0948744395149711,10.757466232916428,11.1563430622885,0.964246632866608,0,7,0
8,2,1,0.0685700542933644,91.47023831243688,94.01369925424497,0.9729458476585449,12,5,0
1,2,1,0.0642577610323634,12.462993937754078,13.06262527527823,0.954095648854064,11,3,0
8,1,1,0.04233351441531975,13.033710919237596,13.312233385459757,0.9790777055842202,19,7,0
111,1,1,0.8816847747209396,4.451987325435488,3.7152335882830205,1.1983061682786291,15,3,1
187,335,122,0.04986189499518014,25.404680959290708,181.52585584236775,0.13995075710510055,14,7,0
57,1,1,0.9771081895857061,1.249576274393109,2.3381976251957393,0.534418588458066,6,5,1
226,1,1,0.9778821131868956,4.751860925735577,1.7127587152994634,2.7743901597398954,10,2,1
2,1,1,0.04691072110475787,30.513405908096047,28.07830250951873,1.086725449223713,19,7,0
3,1,1,0.07592925069184736,96.93733920060839,95.7690598207191,1.0121989229306034,23,7,0
209,271,185,0.010985339519570021,23.693746651278538,168.79130219044796,0.14037303074150576,16,4,0
4,1,1,0.01701154173092815,90.33261607555734,95.33348990168284,0.9475433676949948,5,7,0
169,1,1,0.8647874390533619,4.317256936503037,3.26668883419425,1.321600297926116,13,6,1
6,2,1,0.05055087603898639,18.68748467125396,19.15092863077027,0.9758004445397136,15,4,0
1,1,1,0.04595840572136231,34.114029464067926,36.31357389147574,0.939429139252963,9,5,0
9,2,1,0.07250060762991188,59.557319633570046,61.549063356160076,0.9676397395186244,7,1,0
64,1,1,0.9307034058045854,4.3604323137567995,3.973627827412641,1.0973429075757253,8,4,1
5,2,1,0.04708673562231768,67.32522708769187,68.12745906899261,0.9882245427575933,5,3,0
9,1,1,0.07997179136187196,16.707094693050863,17.370468684018793,0.9618102422545312,7,5,0
290,1,1,0.9265222570684485,3.9449592405353324,2.7822426387970234,1.4179062550206047,13,7,1
7,2,1,0.03721732552468972,67.85838966477296,62.989191145506695,1.0773021280431794,5,4,0
3,2,1,0.04907650067123605,43.6228944617699,47.140564220380526,0.9253791333051162,5,7,0
9,2,1,0.037454824337958124,80.78456501808033,78.64200855816598,1.027244426982427,11,1,0
448,334,118,0.008756157006517662,141.097630594244,59.69076741841648,2.3638099608468255,20,2,0
6,2,1,6.53390761299555e-05,87.71355824192418,92.84646467986505,0.9447161886493023,19,4,0
484,352,201,0.024306524260746205,185.73313706167437,27.210641429125005,6.8257537237940396,13,3,0
7,1,1,0.04662994129398188,77.25468603325182,71.91626677292376,1.0742310397894284,1,6,0
1,2,1,0.09995577032504387,78.09764493779447,76.50235532545123,1.0208528169565063,17,5,0
5,2,1,0.03404115561142597,53.50517195865819,54.737172851080075,0.9774924273898158,8,4,0
5,1,1,0.06263223516561951,31.45471924811747,33.67530916067029,0.9340588113992353,8,6,0
93,1,1,0.9630601105642007,1.8620030354702042,2.340017647475272,0.7957217918758798,11,1,1
491,151,204,0.008674802517751101,88.35527412547714,164.26023972013166,0.5378981199346706,18,3,0
1,1,1,0.023693332490664867,69.35234733944291,70.2647683874152,0.9870145299143162,22,6,0
6,1,1,0.07494260059808087,45.955678484215476,42.16478228695058,1.089906694441492,16,3,0
8,1,1,0.033220557094732164,32.90871108656712,29.890976798542635,1.1009580352078565,6,4,0
6,1,1,0.01923098960336275,33.087181453186105,33.87873222908965,0.9766357616173167,4,3,0
6,2,1,0.091293100477469,37.27817301839016,36.94728566538332,1.0089556606675671,16,1,0
3,2,1,0.027812915548661245,18.514247778797465,17.82241922369333,1.0388178813673292,0,2,0
8,1,1,0.09354845135274958,22.644641840492636,22.067243923925936,1.0261653842481284,3,6,0
9,1,1,0.016279098920622938,61.5452192420531,57.242867099630544,1.0751596200612097,13,5,0
2,1,1,0.02466586158054065,49.74122398129968,51.35198043462438,0.9686330217512189,19,2,0
8,1,1,0.011479692725128011,94.4456264770219,99.81403251433497,0.9462159187232309,2,4,0
93,2,1,0.957568085270829,4.424529996054973,2.3919217790581815,1.8497803878006123,11,7,1
7,2,1,0.027163318127436966,23.10793414207273,21.65043566083987,1.067319591349799,20,1,0
165,2,1,0.8760014579462921,2.943269715650526,1.7923088388134787,1.6421666020455445,14,2,1
4,1,1,0.043384392285524424,20.618525262493478,19.03742694982529,1.0830521013598793,4,6,0
161,2,1,0.9599500160833935,3.634645419759068,3.8288872857737024,0.9492693695277101,2,6,1
3,2,1,0.03995187845869348,36.04549705648885,32.51888552750995,1.1084481055168849,22,3,0
104,316,230,0.02319908490834437,41.367637191640064,196.50228087093024,0.2105198830684913,4,1,0
51,1,1,0.9549557809149214,3.4677761095380077,3.658664325853658,0.9478257092440118,11,4,1
254,1,1,0.9622241239581528,3.245022712299696,2.1156104024265003,1.5338470204995285,8,7,1
262,2,1,0.9021278192970632,1.201398107877413,1.6319131446490065,0.7361899815665808,11,1,1
8,1,1,0.06139703063252327,29.021521233760563,29.47211955518471,0.9847110310278013,21,2,0
308,101,215,0.04479420905963298,162.90728945479367,48.49470201901058,3.3592801413839353,16,1,0
1,2,1,0.04666931208844084,50.80254939738498,54.266355717433484,0.9361702794622022,13,6,0
6,1,1,0.038461107597876826,48.61678221223468,46.70406081170385,1.0409540705302336,2,4,0
6,2,1,0.06838664518353432,55.49935450523947,50.311930413172895,1.1031052485855,4,2,0
6,1,1,0.0656409603500657,97.25933619998715,98.46902469662757,0.9877150352573579,13,6,0
7,1,1,0.06127958355365104,94.15580503034468,97.20226755771485,0.9686585240867833,16,3,0
4,1,1,0.04032077561332523,84.19618099514138,89.49500036843844,0.9407920067994574,16,7,0
1,1,1,0.03548976834865541,44.25138913473336,45.80747087025085,0.9660299574293224,13,5,0
4,2,1,0.015681270531680568,83.59370422503837,75.93510344827597,1.1008571850037596,12,2,0
2,1,1,0.00957290547443973,35.18099626698041,38.47868417680841,0.9142983191765285,8,7,0
8,1,1,0.09343041141674903,92.05995173054629,94.55319956181238,0.9736312695623147,15,3,0
6,2,1,0.004305240271566857,79.19156704622135,77.57966695057816,1.0207773526105757,1,3,0
200,1,1,0.8512088655013179,4.772699291845139,2.092861164944278,2.280466268756156,11,4,1
105,367,155,0.04221061626430716,107.12370305169274,112.53717965922675,0.9518961055899345,4,2,0
8,1,1,0.0559405425727357,83.7063727200479,87.26968597234928,0.9591689460939462,3,7,0
9,1,1,0.0345806098410425,68.75384992316773,72.95374819148972,0.9424306718648909,21,1,0
7,1,1,0.04544031544799529,79.11798050588452,86.9921630559182,0.9094840009326796,11,7,0
2,1,1,0.030449253274895085,23.81907408842751,21.750111757523317,1.0951242160945929,14,5,0
7,2,1,0.07762904775159479,17.397620091132502,17.625250439695243,0.9870849864323019,14,1,0
413,173,168,0.04024818651996273,29.43043320707502,48.7324822577901,0.603918204933434,15,2,0
5,1,1,0.09482515377900794,33.9372237985481,32.338887826337704,1.0494245807336844,1,4,0
2,2,1,0.021369814157032842,44.900387037733466,40.49733729081184,1.1087244258876399,2,5,0
243,341,234,0.03936859790746365,75.15790808660688,27.246440541661777,2.7584486851295313,11,4,0
7,2,1,0.05441986625037022,31.147722198515787,32.45243091315411,0.959796271714441,7,7,0
7,2,1,0.019444764443168863,13.853631358455996,13.605639703632715,1.0182271220041985,10,1,0
1,2,1,0.025938840074319625,13.321173253564908,12.228613903425629,1.089344496340114,3,4,0
5,2,1,0.027974596776907102,36.53983795258769,37.72954784836934,0.9684674223883372,19,4,0
384,274,192,0.01972861576594619,115.38930564744193,49.046124509908964,2.3526691823352817,9,5,0
126,390,293,0.027370742018986295,152.1029678603365,82.38057676697858,1.846345022450795,1,6,0
2,1,1,0.08273565548261456,60.559670010443796,58.59187395974651,1.033584794574913,1,5,0
6,1,1,0.034481760774616975,37.04454064436662,35.65101323235322,1.0390880170201944,8,7,0
6,2,1,0.0875118044558047,80.09944847580898,74.35003171959981,1.077329042412413,3,2,0
4,1,1,0.07379509473975922,39.24507798844762,40.58938536710024,0.966880321874934,11,2,0
9,2,1,0.050461902460769564,16.14161404104228,15.073238632271275,1.070878955401373,2,1,0
3,1,1,0.046768121248487705,63.84204708981768,62.70809072550484,1.0180830950391484,1,2,0
1,2,1,0.08505745280151161,24.14519591059972,26.243090076747528,0.9200591790062623,10,1,0
5,2,1,0.06031921656146675,54.742051979498115,52.04418976430638,1.0518379136539469,16,1,0
1,1,1,0.021031855628579368,77.70951956651386,73.87107868797965,1.0519613486997694,23,4,0
8,2,1,0.06738388982700047,85.45428632075051,82.45192478356094,1.0364134802804286,9,3,0
2,1,1,0.06825324595377216,59.65912144726436,58.81270610227368,1.0143917088854708,5,4,0
480,345,237,0.04715309487034858,78.28752348243765,139.00532211716538,0.5631980293276133,21,2,0
6,2,1,0.021233397428689127,16.59070428980446,17.258922397730476,0.9612827445116802,8,2,0
9,2,1,0.04113745714125894,17.006710128538373,15.400745768687512,1.1042783501508138,9,1,0
4,1,1,0.0631375326048251,45.50784389615414,45.946040770173255,0.9904627936014984,23,6,0
9,2,1,0.03978841755570231,81.56799558242045,83.06912146764577,0.9819291951244484,19,5,0
5,2,1,0.05466963282963399,84.7829334593314,78.46636210066788,1.0805003722558173,1,2,0
8,2,1,0.0714718833502036,32.86857503689593,33.03600957860393,0.9949317564728992,15,5,0
266,2,1,0.9514541601809086,3.7185327295805743,3.864811610080216,0.9621510968042746,2,7,1
5,2,1,0.03258234607704848,17.138592015049092,16.941040719934996,1.011661107388853,13,6,0
1,1,1,0.08372630071385088,17.1000999775487,15.821939793558027,1.0807840379035625,14,4,0
103,1,1,0.9248456675370649,2.2730481655429036,3.735662795641035,0.6084725227863752,22,3,1
1,1,1,0.0712137045880605,38.87663671868953,36.967648703022874,1.0516394221066745,21,6,0
8,1,1,0.0957631646272588,58.74577030826248,58.91567867581455,0.9971160755274161,5,7,0
6,2,1,0.0607135280883577,41.92900304827194,39.751203279374245,1.05478575714028,22,1,0
7,2,1,0.017689695082398395,98.79693506505686,97.69245561332397,1.011305678056702,21,2,0
4,2,1,0.046381424972767996,35.402595073427236,35.23592865685628,1.0047300134528603,0,1,0
4,2,1,0.05923013710620957,70.99210841696666,69.07064561201331,1.0278188047603707,2,5,0
4,1,1,0.025674349630975802,81.38908861519131,80.18351613346564,1.0150351660772645,18,6,0
9,2,1,0.030752979549045635,51.74517649132806,54.813753628185204,0.9440181171011925,10,3,0
8,2,1,0.05235635795298558,31.814934689228622,30.530092691085073,1.0420844447196431,12,4,0
310,319,88,0.04877365141570109,105.34957332895756,32.00489865298079,3.291670268080845,10,2,0
6,2,1,0.04981299435480424,70.48448914975557,66.99285569195948,1.0521194897833734,5,1,0
1,1,1,0.08099244203028994,60.39737081446043,63.178328105845765,0.9559824171553534,23,7,0
4,1,1,0.07004317991565039,78.19248600202903,75.64814686561185,1.0336338594114827,18,5,0
5,2,1,0.09241077159112795,97.6420977176733,104.14905218702668,0.9375226722402767,21,1,0
53,1,1,0.989596371452794,3.7044201032574073,2.268097404619301,1.6332720524757145,21,1,1
7,2,1,0.05845431132594582,97.085572166997,94.71356220066374,1.0250440371074612,21,5,0
4,2,1,0.01619230066322137,67.51971071536674,74.2412896663106,0.9094630631936073,15,6,0
8,1,1,0.0414825655521352,41.79106908535992,43.125794531019416,0.9690504149506288,21,4,0
7,1,1,0.09405039528794026,66.63271168514166,72.69050378104922,0.9166632258574764,8,2,0
7,2,1,0.05817366474211867,43.13886901345911,41.74189792234197,1.033466880056966,0,4,0
2,2,1,0.07343656764922184,24.83893887198605,22.64598499238379,1.0968363213320058,0,7,0
9,1,1,0.05769816124176819,37.820681103727345,40.11270425209682,0.9428604181367387,17,4,0
9,2,1,0.017208603245262643,88.48307873032688,89.51571722790985,0.988464165516835,3,5,0
7,1,1,0.08284386709389908,12.617741897150763,12.559293684588406,1.0046537818153005,11,4,0
117,169,230,0.009759858228594126,142.12841035710463,78.1579462999407,1.8184767779295201,22,2,0
6,2,1,0.004028551877799847,43.51516838821972,43.656882489520235,0.9967539115663027,4,6,0
1,2,1,0.08096750362658894,95.30061799066885,86.19113971282124,1.1056892658363646,8,6,0
7,1,1,0.02803347525514125,17.557067486617818,17.345875768121086,1.0121753275141556,19,7,0
6,2,1,0.05994611396587166,90.7283112305141,88.60917670545821,1.0239155198574974,4,2,0
4,1,1,0.05880004634296285,38.544774449147,40.85579088238083,0.9434347889657311,21,2,0
233,104,296,0.029928149660887998,94.54539227881992,192.43025478670475,0.49132290753144175,13,7,0
3,1,1,0.04783354816705559,6.997005138990629,7.44426707604501,0.9399186068305327,4,7,0
152,330,88,0.018690405443350124,132.55939274676194,22.22138829086732,5.965396536509017,2,3,0
128,114,55,0.019255130141151485,173.86504018386705,191.43475507939584,0.9082208719715398,2,7,0
4,1,1,0.00620414169565543,11.759789493401426,11.933518861992205,0.9854418993592828,12,3,0
109,2,1,0.9939686530607276,1.194779393599719,1.7450192119518526,0.6846797934467008,5,2,1
8,1,1,0.0645572181427428,9.330590005123536,10.162824310597417,0.9181099387297232,13,1,0
9,1,1,0.07964843893295809,76.89201857345819,79.66871487927982,0.9651469675389004,3,1,0
6,1,1,0.0728786222256576,9.46243415432328,10.272516454559941,0.9211408125925106,10,6,0
9,2,1,0.06418195168014354,44.02493694996312,43.933753170013446,1.002075483503465,7,4,0
4,2,1,0.09885399870457068,8.935668437841837,9.771694469430152,0.9144441085214294,5,7,0
5,1,1,0.005097487702244241,63.665265930919595,59.94445668814009,1.062070947813189,9,7,0
2,1,1,0.03499378535707141,79.33045216021485,87.144733662808,0.9103298481256572,20,2,0
167,1,1,0.883698609646265,2.5973303207968903,2.524182173231298,1.028978949436107,22,6,1
6,1,1,0.03341927141731099,74.43268284873524,73.24192373900529,1.0162578895930312,0,3,0
4,1,1,0.018122556104970957,95.93371153432729,103.41918982991534,0.9276200257621552,2,6,0
7,2,1,0.09965263087986193,17.8456448027212,18.471870055434003,0.9660984377416307,12,6,0
7,1,1,0.05717893159359805,46.234956727690886,42.79110135513206,1.080480643486541,8,1,0
3,2,1,0.07308796233222077,71.56892452200506,72.84313895647604,0.9825074200161483,12,3,0
1,1,1,0.04717398375184391,57.57981873993574,58.38924057832343,0.9861374830299098,17,3,0
269,214,99,0.0021657636627155975,145.88110392547577,79.50098041513235,1.8349598101020215,20,5,0
5,2,1,0.05131750822820359,17.39793316555678,17.19103402105728,1.0120352937610424,19,5,0
141,1,1,0.9541026121158613,1.7310046639497436,2.2976126858305994,0.7533927169817902,8,6,1
87,2,1,0.8535919397905725,3.3393112452231635,3.8536855937651637,0.8665240492441312,22,5,1
8,1,1,0.06256819122613526,57.30050965664143,56.23890912176533,1.018876620323086,12,3,0
277,1,1,0.8533846767558021,4.446659538796403,2.942792705969766,1.511033899797252,15,2,1
7,1,1,0.061164641938999245,33.09601844652696,31.479236254679396,1.0513602737616365,9,3,0
8,1,1,0.0384732576507445,46.41954215420566,47.29268878049748,0.981537386669969,20,2,0
9,2,1,0.01773265532239394,73.69180542471854,77.71052890513987,0.948285984704506,19,2,0
4,1,1,0.08118661240103799,6.316902911721711,6.505625212622167,0.9709909048350498,8,5,0
487,288,65,0.016639043448039775,120.33289357655369,147.26275296906636,0.8171305448963766,4,4,0
210,337,142,0.046587020165825416,199.45089513410053,149.62834296756924,1.3329753653512686,8,3,0
9,2,1,0.025619151443935496,25.961850664066105,24.082863244346985,1.078021761808583,12,4,0
5,2,1,0.09117258769127758,8.827449844781501,8.849014788659069,0.9975630118840794,21,4,0
8,2,1,0.06456025770584116,93.78166866797397,90.09390230743269,1.0409324745192778,18,5,0
188,366,227,0.016427907494289924,29.803888526030764,52.84244731744821,0.5640141598095463,12,2,0
7,2,1,0.03669614070072005,18.98657206899911,17.87236793261558,1.0623422783474705,19,5,0
3,2,1,0.019863161386186913,79.42178589960464,85.92250187488686,0.9243421009231317,3,7,0
134,262,63,0.009140669426961295,192.13253867240505,87.80175927730325,2.1882538602170274,18,1,0
6,2,1,0.0812390724186151,12.828567326885079,13.085056206930398,0.980398335628893,18,2,0
7,1,1,0.07850836572397571,31.001353479445243,33.55474045490884,0.9239038377038005,17,7,0
175,1,1,0.8580658467492975,3.677427936962993,2.0781998207898886,1.7695256732171525,18,6,1
3,1,1,0.08614180460955174,18.04350310797917,19.676031462562168,0.9170295921873661,20,6,0
8,1,1,0.09457497022259302,34.72735706273815,37.21735339403978,0.9330958248175595,8,5,0
290,279,105,0.03234186144631905,132.49635470768635,134.90310393567773,0.9821594228911225,12,7,0
318,309,248,0.01916985705291295,50.29014593138831,170.55959464457655,0.2948538077625376,20,1,0
4,1,1,0.051111363848950056,62.40973331283038,61.92166845590724,1.0078819719993606,4,3,0
198,195,63,0.03355064902664549,145.4643498807739,85.3369112726969,1.7045888784975802,16,4,0
250,129,295,0.04431901809800709,28.49540630552822,193.05499153556892,0.1476025358312383,14,2,0
8,1,1,0.024879178873917707,94.49553085141658,90.68306054651659,1.0420417030691675,23,5,0
4,1,1,0.02215172721131058,10.335390940814744,9.830277841559404,1.0513834000825364,13,1,0
2,2,1,0.046259354710515316,8.16045726108905,7.543344032608283,1.0818089730248437,5,6,0
103,2,1,0.8610046101189404,3.652584995900835,2.9884159253921814,1.2222478688007568,19,5,1
6,1,1,0.08950566039998331,86.05803457372616,89.0450500579228,0.9664550080857542,10,1,0
7,2,1,0.09308240749901142,67.77586032063648,71.11535160771716,0.953041204021576,16,7,0
168,227,241,0.017250841996228308,29.85188724649746,56.7635791463172,0.5258986077947877,4,2,0
9,1,1,0.09150015377475273,85.16854406693825,89.29567938583283,0.9537812428632536,22,5,0
1,2,1,0.07227846006215212,27.024922712899013,28.135985991896383,0.9605109527948523,3,4,0
1,2,1,0.023449947767409374,76.19100658879482,82.55815008416457,0.9228768632911625,15,2,0
8,2,1,0.06246639742837168,12.71060132405288,12.58909427757428,1.0096517703179846,16,5,0
1,1,1,0.07731835012587583,68.80083557919797,62.35725880999762,1.1033332268314409,1,2,0
7,2,1,0.03207245244599576,58.43079054120249,55.8533535310168,1.0461465041441849,0,4,0
101,2,1,0.8646050340686832,3.8254879872399843,2.3639489646770326,1.6182616648674688,14,4,1
233,1,1,0.8527412604585259,4.616541410312763,1.6716216653696807,2.7617142718067194,7,1,1
162,2,1,0.9306376938538848,1.7396811898685773,2.5703879325753,0.6768165878080402,22,4,1
6,1,1,0.09052989990105155,51.830912307306704,50.07027789828475,1.0351632641743789,1,1,0
161,2,1,0.8946475416352421,2.1922648046800166,2.301003215350537,0.9527430427106313,14,6,1
244,2,1,0.8925411885125705,2.305128606275786,1.5518950803099105,1.4853636921224442,17,5,1
5,1,1,0.01186606144745388,21.328268652912804,21.2281387056484,1.0047168500570312,20,5,0
6,2,1,0.021228564166859133,15.978045784660015,17.05311556673644,0.9369575736545501,10,1,0
122,260,120,0.02518541935420354,178.1148553480931,191.45302214322774,0.9303319078183251,13,6,0
3,2,1,0.01675665393045065,34.479305799932014,34.502373356154074,0.9993314211754669,5,6,0
439,208,231,0.005911120603622994,92.26956990167774,162.76313683335016,0.566894763131474,5,5,0
7,2,1,0.020989762958623072,29.78726506676597,32.584979957110306,0.9141409663585245,0,7,0
7,2,1,0.011582308223679429,72.06584247510068,72.1190070228609,0.9992628219667061,0,7,0
3,1,1,0.06285664006472833,65.16000415289399,64.51208544089212,1.0100433695109037,8,7,0
413,111,80,0.04041341056081391,32.42664864404748,80.26202754032225,0.40400983675321306,13,4,0
7,2,1,0.01485067816436808,61.664372164286654,65.54162958160781,0.9408428285645009,16,1,0
3,2,1,0.09329566255282273,60.718619198557626,61.03535809926276,0.9948105670128122,16,6,0
2,1,1,0.010986311374078295,88.94997693035903,86.15569635555639,1.032432917299756,22,4,0
1,1,1,0.0055740853587441744,62.932212347071115,59.669854489784406,1.0546734676191516,5,1,0
8,2,1,0.029797723549584376,13.527152553214927,14.638614464270777,0.9240732848201821,1,1,0
8,1,1,0.03428389648054508,15.591330344684284,15.810885872659362,0.9861136479167976,7,2,0
248,262,206,0.02769966277515655,116.22065944813556,55.18244006631198,2.1061167159059075,15,4,0
131,1,1,0.9058123382444344,4.039294633713554,2.3470587060570183,1.7210028122813494,17,3,1
475,126,156,0.002725596371891315,76.52788524531785,109.85581043143972,0.6966211886723861,4,7,0
125,296,203,0.017106630005594748,193.07913178476193,100.07343790895735,1.929374425613491,20,3,0
3,1,1,0.02992320043010606,45.93153616131572,44.2062731050649,1.0390275618157268,2,3,0
253,279,101,0.03956421462483418,128.2491327239414,81.05965371052108,1.5821574217667227,3,5,0
228,128,74,0.02009381356183698,141.27612136113618,101.0630694405427,1.3979005599493648,6,4,0
4,2,1,0.06617038454813468,25.816976143726084,23.81793250365379,1.0839301916640174,13,7,0
9,1,1,0.038048188549303585,15.081930621644572,15.17651493384632,0.9937677185695111,10,2,0
1,2,1,0.09621021041650275,55.88527755581957,57.20742037996176,0.9768886131316401,1,4,0
4,2,1,0.003926505164866023,97.84196320180828,92.80023914590613,1.054328783010734,22,1,0
479,209,133,0.04284822073881195,188.9686343673263,108.62521463353265,1.739638766237168,7,2,0
127,2,1,0.8964119192305666,4.746898223413961,2.7891913776926827,1.7018904695384374,12,4,1
4,1,1,0.06141331761875181,35.953335481847624,33.7367132432334,1.0657035622478372,15,3,0
5,1,1,0.00842643661558511,38.82884309081006,40.22966671041261,0.9651793381812936,14,3,0
7,1,1,0.053534776806165675,65.3557179372905,61.38845550171023,1.0646255456853733,16,2,0
5,1,1,0.0559744661333675,86.50381682974624,89.39178909751081,0.9676930924314056,2,7,0
63,2,1,0.9895247804293825,3.1103518930886627,2.147260686982849,1.4485208582005331,8,2,1
244,302,164,0.024113700004077178,30.315855801887626,51.42617322449355,0.5895024634547106,1,2,0
220,211,131,0.036381556884984435,186.0686762769124,157.19817049655188,1.1836567543322256,1,6,0
3,1,1,0.06233795659599071,62.23457119344031,62.10743676826731,1.0020470080845125,7,2,0
5,2,1,0.019755590567847828,81.4915677492358,76.37026203232752,1.0670588993755243,9,4,0
6,2,1,0.027675413195130862,58.02626246959187,56.250685941070614,1.0315654200267244,6,4,0
184,1,1,0.8991825991027388,3.9485296558265564,1.5917823587076665,2.48057131317392,11,6,1
7,2,1,0.0012003027272682544,57.517413193243165,60.285882519798115,0.9540776511707235,23,3,0
8,1,1,0.0518010431376098,63.347693210306076,60.010660674377945,1.0556073287383905,23,1,0
8,2,1,0.010616035354746723,84.55988936378358,80.15973015256866,1.0548923905162864,9,6,0
131,313,75,0.02331266407639177,162.54841213347754,92.41526744882695,1.7588913241363,7,6,0
7,2,1,0.09437781113683691,28.834580070739953,26.53105889374445,1.0868235672847053,4,2,0
3,2,1,0.03461968866803277,67.10974135682386,65.0991158025353,1.030885604658401,7,5,0
102,2,1,0.9106362463160559,4.973060785718986,3.671392570623652,1.3545434573002424,3,1,1
8,1,1,0.02852058026804141,64.92318991639897,64.34731537148043,1.0089494727416983,18,2,0
409,287,114,0.0047820348011857975,95.44451139956989,40.39392879168818,2.3628429879098416,17,1,0
6,1,1,0.03173888500278852,25.930314369086915,26.009688036321347,0.9969483037580616,11,2,0
2,1,1,0.08606678217888852,71.01724607924321,64.06538380321035,1.1085119898350548,6,2,0
253,2,1,0.8552822760288286,3.9847185542090893,3.5050956757071714,1.136835887769355,14,5,1
4,1,1,0.02715504551774857,35.04043664351636,37.45802251168351,0.9354587961120189,23,7,0
3,1,1,0.06254780604246614,19.71146953748802,19.21079756299207,1.0260620087663852,3,3,0
5,1,1,0.03261702541282535,49.51291448615779,46.02679270639669,1.0757411406438626,6,5,0
4,2,1,0.0565415939752538,6.99586991370427,6.344458313481347,1.1026741083377816,11,2,0
452,299,58,0.02691815510505114,184.38134353026868,89.83509579161955,2.0524422209996582,23,3,0
2,1,1,0.04452740247647046,51.37116662620482,54.587646850235295,0.9410767745153936,10,2,0
5,1,1,0.021515562162405556,64.60945038277691,70.08400084289522,0.9218858741756137,18,2,0
6,1,1,0.006379455625359787,41.78619841496966,39.970717272195266,1.045420279311257,11,6,0
195,2,1,0.9576514236690249,4.906470549260037,2.443004456144097,2.008375603622164,3,5,1
5,2,1,0.07408692683852179,56.54446606176578,58.28136244302837,0.9701980820547829,1,1,0
9,1,1,0.04445735010694285,75.52514402352928,71.42157976521878,1.057455523551845,11,4,0
1,1,1,0.0663742738625387,16.23264728485335,17.706393789065203,0.9167675517799687,23,3,0
6,1,1,0.0016660471244215993,37.19975365810262,39.39945120752331,0.9441693353078822,3,1,0
4,1,1,0.02564130276989418,93.72790754372933,86.81188703552286,1.079666745469736,14,7,0
147,130,92,0.025097270256592086,183.78742846874934,149.10713765583614,1.2325863896130917,15,1,0
498,106,245,0.04694384875711365,73.09024832762157,105.58344911044168,0.6922510009231485,2,6,0
2,1,1,0.0996809180681109,45.551541235533506,42.009005888743225,1.0843279975768134,20,4,0
208,2,1,0.9739696914238274,3.230754764741811,1.6365257580336725,1.9741545459227268,15,5,1
1,2,1,0.08394532342095508,66.82915604834108,68.36709046922354,0.9775047554265193,13,6,0
4,2,1,0.09732608830304917,24.13359937526846,21.766302529665854,1.1087597143509402,20,4,0
2,1,1,0.0007142081768245046,48.38940632415483,46.7367204957606,1.035361613114128,6,5,0
6,1,1,0.09837115832091518,9.766658280397529,8.978868996961504,1.0877381420424574,16,7,0
5,1,1,0.0021846711986201806,78.57613229638014,72.83117082155124,1.0788805316463335,19,5,0
220,1,1,0.8935382658058794,3.2477410140786533,1.779836445336973,1.8247412691135025,23,1,1
1,2,1,0.04769833926176538,41.97481876922669,45.22723370101124,0.9280872459879891,0,7,0
5,2,1,0.09269075621458642,96.3955573994284,96.56827973847786,0.9982113967493548,19,6,0
5,2,1,0.047224849894515857,35.81124351801183,39.049610701933624,0.9170704361526083,18,1,0
180,2,1,0.9367812727305297,1.3302886321411087,1.8863020749762973,0.7052362661255221,12,6,1
4,2,1,0.011536280130570387,87.61972571764797,87.13302312615994,1.0055857420530827,15,7,0
5,1,1,0.034719216756221194,80.44732280513244,82.46198321129484,0.9755686156492239,18,3,0
6,1,1,0.06101960089858345,94.52528674949939,99.97374185692395,0.9455011385367366,14,2,0
4,1,1,0.07331603781367996,99.56504372791834,95.33375238290856,1.0443839798523273,6,1,0
217,1,1,0.8583560254172867,1.5168952004109975,1.64435269866759,0.9224877373571554,3,5,1
3,2,1,0.06949701331214758,53.94086769672594,59.23014920076375,0.9106995073385767,11,2,0
8,1,1,0.017046251158164206,41.52900230209532,40.25787388167846,1.031574653548591,8,7,0
3,2,1,0.07966448690151381,37.10824729463443,38.633322225064546,0.9605243649110592,20,1,0
109,126,172,0.0004543517475608161,136.69355491378428,111.99688786503164,1.2205120831439067,17,6,0
2,1,1,0.013945023620516018,59.07461399729563,63.422264878895035,0.9314491387227931,21,7,0
426,117,236,0.019723969541942877,176.0708328282105,63.919154423445,2.754586389891748,18,3,0
4,1,1,0.09666222208961076,47.12671476942418,45.43955053483105,1.037129861865598,10,6,0
7,2,1,0.07364731746190728,9.907448925890899,9.014380567180039,1.0990715171225833,23,1,0
9,1,1,0.049101976266891,35.469690319599266,33.28658705355014,1.065585073727656,5,4,0
195,2,1,0.9167069165287504,3.30617995980456,3.9583519210355664,0.8352415413684623,3,7,1
3,2,1,0.038089036262466264,52.12405897157539,46.992618857146766,1.109196725767247,17,6,0
228,2,1,0.9093127405363567,3.7487599858747065,3.5369841688091466,1.059874686161477,4,2,1
3,2,1,0.06771449666716693,16.3070239268484,14.901123245757283,1.094348637878115,15,1,0
8,2,1,0.012564349241231398,32.52415845513039,30.824782696466325,1.055130178058283,5,3,0
9,1,1,0.050913541292159914,18.235350825914406,19.57100650282142,0.931753347651565,23,3,0
4,1,1,0.03032829394045271,73.07759840120295,71.01186077093779,1.0290900366197782,23,4,0
4,2,1,0.08448640854105086,39.169178316191434,40.63594139337674,0.9639047841174322,7,1,0
9,2,1,0.0009827552569787845,43.87234580855641,42.37523946869883,1.0353297434687878,10,3,0
466,186,232,0.04311057116609691,166.89662352456705,197.10314550148945,0.8467476411902612,4,4,0
62,1,1,0.8656623054247177,3.2759327772164912,2.828698115704552,1.158106182851027,9,1,1
6,2,1,0.05692979341347953,5.197269172007715,4.948536989741463,1.0502637815544038,10,6,0
233,2,1,0.9447583627489876,3.074991388458838,1.6279137661136898,1.8889154035472955,10,5,1
2,2,1,0.018176359776119422,52.89261998225164,51.01820913030373,1.0367400362321724,17,1,0
7,1,1,0.045507563552038444,20.5376104803678,19.73304486396393,1.0407725022646226,13,6,0
6,2,1,0.011396588711924116,66.17125592143765,70.59579424552082,0.9373257518897607,4,1,0
6,2,1,0.052870731988405265,8.265801543413895,8.495529695714742,0.9729589371670697,20,5,0
2,1,1,0.01633544497431565,14.909743298428806,13.852688667447216,1.0763068207448847,1,6,0
5,1,1,0.04356720661222904,17.263188538533868,18.099758362563957,0.9537800556630424,12,3,0
7,2,1,0.08994125221673253,17.685752150271195,17.284980449617674,1.023186124035355,1,5,0
253,127,144,0.02860859808918849,187.82266549406796,174.47722237586535,1.076488168120039,18,7,0
52,2,1,0.8918695706161405,4.722689022249593,1.5616110115908066,3.024241624320137,10,3,1
7,1,1,0.03477824030488872,7.056328327963441,6.480218080050144,1.0889029104879815,14,2,0
240,1,1,0.9308786619270449,2.0203737313295176,3.419690909084278,0.5908059485617463,10,6,1
3,2,1,0.08263903116005553,71.64241463919078,71.05987090246047,1.0081979284416365,4,1,0
6,1,1,0.09468801963410237,31.141160686366458,30.505634036418858,1.0208330910017764,20,1,0
1,1,1,0.047786735491313584,38.75197755250765,40.166515646214116,0.964783151564211,12,2,0
335,105,121,0.01715258662598253,140.04847733670317,38.455255681004246,3.6418553161741936,15,5,0
8,2,1,0.04593036882130738,12.312072385761649,12.732566656603867,0.9669749012761599,5,2,0
6,2,1,0.09376614606165921,38.43332821951879,38.019395559229444,1.010887407708639,6,6,0
3,2,1,0.08205075042321092,77.20331567130152,70.23596840526302,1.099199134350035,13,7,0
9,1,1,0.06837882008898746,76.54629048206904,80.02841784491476,0.9564888641233211,3,4,0
5,2,1,0.09477960660144572,42.676104566701326,39.474287801889034,1.0811114511015718,5,4,0
5,1,1,0.0541362638396132,31.985546958840757,35.150676467557155,0.9099553742119956,12,2,0
1,1,1,0.083839963809219,72.98396811231964,75.71271365855314,0.9639592161689051,9,7,0
9,1,1,0.06938631618757322,34.05228357194808,35.81781942158457,0.9507078912634044,0,7,0
4,1,1,0.01056503454489307,82.22084229599199,83.5159270605087,0.9844929606830753,5,5,0
181,166,51,0.002810695272993924,154.55371461437088,173.1534963179772,0.8925821187609757,15,4,0
1,1,1,0.09579710664824541,8.175239381372856,8.305704501223838,0.9842921067283626,14,3,0
430,295,263,0.031061326524008365,28.65421432756104,107.04342542669615,0.2676877558181617,23,7,0
73,2,1,0.8833424149957878,1.8324241383854911,3.3843004414053244,0.541448423422059,18,6,1
64,1,1,0.9026166434515468,4.33077498539768,2.7335167510334877,1.5843235582003663,3,3,1
190,2,1,0.8503485109197895,4.9357237605696085,3.7653438403186983,1.3108294939013723,17,7,1
138,338,253,0.013284278243313175,181.24683168083504,38.62551145638524,4.692412471624964,14,2,0
248,2,1,0.9952490440148882,2.8115334416620468,3.8642877711025614,0.7275683407138848,12,1,1
3,2,1,0.0818307817675303,36.88982806106996,37.44009294989109,0.9853027905257183,15,2,0
5,2,1,0.04234820092493328,47.97484212462417,50.21663780063081,0.9553575114903754,4,5,0
4,2,1,0.023684947059654626,20.66873255100945,19.116986378485137,1.0811710664956429,17,6,0
4,2,1,0.005469317457626766,6.678654255566219,6.148059542231603,1.086302793538337,20,1,0
208,1,1,0.9748586562552862,4.966497371844913,1.9090405103456907,2.6015673030142117,19,6,1
1,1,1,0.022627733414380704,17.52164884018454,18.87797425105273,0.9281530214613702,1,3,0
5,2,1,0.03828333947684353,64.91035302339264,64.00346103922371,1.0141694209882361,22,4,0
1,2,1,0.09361765641665053,94.3713316272738,88.2330669839811,1.0695687552650428,12,2,0
199,225,58,0.013571543213802661,20.666433229835032,49.26101706765472,0.4195291624095358,14,6,0
256,339,131,0.02288719085831067,37.200638712500336,181.66636006761814,0.20477450364863292,10,6,0
163,2,1,0.8760941331544339,1.1847859328065153,2.948991818531685,0.40175965404896413,19,2,1
9,2,1,0.0076795684286734,44.30207303145289,45.88708900676084,0.9654583454820066,19,5,0
2,2,1,0.06301750848870415,98.90659602624645,95.82680353565553,1.0321391549854313,9,1,0
2,2,1,0.07817289890047595,24.356771155744656,23.1908692953389,1.0502741766838422,8,2,0
3,2,1,0.051456179034829845,72.35160537675885,78.22801620376315,0.924880993892293,2,7,0
2,1,1,0.014362137806881626,67.50520114925446,70.57637833065411,0.9564843471138315,14,2,0
5,2,1,0.0063183096860226495,63.05844470506838,69.15916047965783,0.9117873072449472,1,5,0
6,2,1,0.05347994662811925,99.64132683924068,99.133824917207,1.0051193618571415,23,5,0
1,2,1,0.0813608813367356,72.92051823741883,69.25694857864248,1.0528982251451102,1,2,0
4,2,1,0.0028801180546518704,66.15338160086986,63.204850654383705,1.0466503902146576,17,3,0
479,109,57,0.044098777757030375,192.63516361083262,54.62234536770471,3.5266732381053627,7,1,0
8,1,1,0.0008619002591780279,6.897428594912672,7.0168944549013395,0.982974539412486,18,2,0
7,2,1,0.07180681612008609,47.0559016869064,49.24135851531428,0.9556174546295633,14,7,0
8,1,1,0.044018032869719316,11.584238438638009,11.765458514312982,0.9845972789369395,4,6,0
260,186,72,0.0026453716635332193,146.20595959399762,30.031037426177207,4.868495134522194,15,5,0
203,2,1,0.922882840928442,3.2634071496426875,3.7918900077968667,0.8606281149855309,13,2,1
8,2,1,0.058623549878076164,51.774869626618646,48.58880747656721,1.0655719355036233,22,6,0
6,2,1,0.03354068134963469,95.46508138067037,96.09620657246103,0.9934323610233796,2,6,0
7,2,1,0.0375821219007941,14.418880666374273,14.773452604479932,0.9759993856819809,8,2,0
350,88,128,0.023415029572819258,173.56307094384258,188.04448208120408,0.922989438578113,1,3,0
8,1,1,0.0666407304694919,32.11338650402514,32.66450612976992,0.9831278751451105,2,2,0
165,2,1,0.9472045477082821,1.9818178501557218,3.293903456621339,0.601662397290944,4,1,1
2,2,1,0.007862671098975805,36.436902749118545,34.60257782403327,1.0530112217191878,15,3,0
7,2,1,0.021208123747737773,27.704779620097376,26.492887026842055,1.04574407432559,9,1,0
1,2,1,0.0702405365866202,33.44848377375419,31.90220661412614,1.0484692854739197,1,6,0
281,2,1,0.9970391811724748,3.6004528936768545,3.355056129699401,1.07314237213654,15,1,1
6,2,1,0.08990239826494839,64.25565397832159,59.55246002725789,1.0789756451523749,0,5,0
478,277,296,0.0385918017615055,107.09790762156663,181.55581877397512,0.5898897008357324,7,2,0
125,1,1,0.9686966071469,1.8036453587420898,3.5127980218866623,0.5134497763618596,4,1,1
118,1,1,0.9351164812034845,2.5080308478349784,3.9123215037545647,0.6410594950921286,6,6,1
3,2,1,0.05364703911884732,52.74986098401908,50.1944307691034,1.0509106324299358,7,1,0
2,1,1,0.05993585871358027,37.459084512753144,40.855247772211236,0.9168732673365872,20,5,0
416,117,197,0.03422176805346538,110.5796746745542,157.7267929750275,0.7010836433608462,5,1,0
1,1,1,0.017238636210516623,87.87748351870742,89.86555760560852,0.9778772408487563,18,3,0
5,2,1,0.06268329044150672,29.053896166216973,30.818591769657605,0.942739252441182,2,4,0
208,1,1,0.9182435319591605,4.0139024217859225,1.8311766408548165,2.1919799173017966,17,4,1
2,2,1,0.04179840855069136,86.06205586388418,92.19231844633002,0.9335057119101026,13,6,0
9,2,1,0.07199968026274463,14.610733863244805,14.970560745164933,0.9759643684665358,17,7,0
5,2,1,0.0320056726885291,77.49925548582831,82.18407275821312,0.9429960439394672,17,7,0
5,2,1,0.0289136718418761,47.87209183187579,44.20492727655375,1.082958275949186,22,5,0
1,1,1,0.08146250560259172,93.93548894734467,94.18945043172731,0.9973037162525252,16,2,0
4,2,1,0.08482031285528956,51.83335749351846,51.54208005060258,1.0056512551032073,22,6,0
330,97,122,0.01666499299352625,108.54704432704327,123.09905175267963,0.8817861939759452,5,3,0
2,2,1,0.05574409671635999,97.94142672933854,103.29231342255002,0.9481966613399201,10,3,0
352,301,176,0.010522983608826714,144.12495179598136,177.91575251474643,0.8100741489095276,15,6,0
1,1,1,0.09655179182347665,40.848105336879605,38.872910016961754,1.0508116145422608,8,6,0
4,1,1,0.020598818418847323,72.38313207837297,65.45099696192268,1.1059133617243933,2,4,0
154,336,150,0.01024896164129554,153.559170402711,29.410238588376732,5.2212827155846115,13,2,0
95,1,1,0.958402536171173,2.276901191144754,3.764779178086619,0.6047901041308743,9,1,1
4,2,1,0.012356648740157617,16.75063080830727,17.029616574986637,0.9836176131476063,19,2,0
5,2,1,0.0493543659589453,48.0894169134416,43.64642778189101,1.1017950232663485,21,2,0
5,2,1,0.00039183749510932623,99.94876470066895,105.99114122694786,0.9429916834904061,15,7,0
7,1,1,0.015126428446267593,32.04410019041405,31.249222072214593,1.0254367329965064,14,5,0
2,2,1,0.010233217953406315,43.997377801251034,47.80924828769737,0.9202691817384789,22,3,0
430,273,172,0.03701891484705099,41.24108479148748,156.17705010072333,0.26406622973663446,17,6,0
3,1,1,0.09461868939912613,60.07828696743557,60.56152386634993,0.99202072755004,20,7,0
7,1,1,0.07433528955700124,73.7163788794265,68.35065557673806,1.0785028798540823,21,5,0
2,1,1,0.037230709857304776,29.193057759546377,29.12854651101203,1.002214708808418,8,1,0
150,1,1,0.8713272064581027,1.21130357563441,3.0646029874559395,0.39525627971796956,16,3,1
6,2,1,0.001001041055913643,88.8288727121599,90.10230350437578,0.9858668342241214,1,2,0
436,214,271,0.048505844320921615,23.956726665732123,164.48553296048388,0.14564640570236354,13,6,0
6,1,1,0.014562864670542342,71.25600363753328,73.29116903231332,0.9722317787852074,1,7,0
6,2,1,0.014124369802655735,92.4596729875237,84.94515902847195,1.088463121912963,10,4,0
7,1,1,0.08940071979168061,54.56262112985724,51.97274886709494,1.0498313504522367,19,5,0
172,2,1,0.8973330211664666,4.155780495739707,3.204463744471137,1.29687237151924,21,5,1
4,1,1,0.09316592497590191,14.959395984569175,14.26510872612082,1.048670309618955,7,7,0
9,1,1,0.07984535050511905,72.18669119186521,67.71662831587463,1.0660113030899778,6,4,0
5,2,1,0.09559031723881824,11.688509428238845,11.34938182319312,1.029880711595472,6,6,0
116,2,1,0.8761747729596933,2.5148134223246372,3.6078621625743637,0.6970370011392593,15,4,1
3,1,1,0.08939730574625047,92.38029431904644,84.89470416487192,1.0881749954583377,9,3,0
403,194,259,0.00846015258386259,53.75490012418999,21.899294626862098,2.4546407105849513,13,4,0
7,1,1,0.028716476513055745,36.13598646013217,33.35789237007354,1.0832814633262307,3,3,0
5,1,1,0.083629131310246,25.468976191194354,23.53578830550633,1.0821382254375453,21,3,0
2,1,1,0.09030278734928117,9.831075245403007,10.545906102653916,0.9322172177247985,7,4,0
2,1,1,0.06644237865926779,48.011662082330304,51.23363085749465,0.9371122303604406,11,7,0
345,190,55,0.009747138448507992,168.83621249120517,121.27797612249363,1.39214239789652,0,3,0
8,2,1,0.08677231528050924,46.051042496183285,50.348440773759464,0.9146468448370324,1,1,0
3,2,1,0.09517024063905372,35.37348068728615,37.977663317102774,0.9314285713664783,2,4,0
8,2,1,0.031151229901398604,79.37774335446937,78.46735760698809,1.0116020951290479,10,3,0
137,215,103,0.025195651269030003,22.432455615112865,85.31584705911862,0.2629342190035171,14,4,0
260,254,159,0.033536366272130046,68.4991003346579,69.95410488243067,0.9792005837224542,16,5,0
5,1,1,0.0029299443103418367,63.7197817283612,63.84096239362696,0.998101835236778,0,4,0
8,2,1,0.0668670884897893,34.96455716957493,36.241457760982264,0.9647668534795515,9,1,0
9,1,1,0.0386368137136807,30.389575088970865,29.912526726421255,1.0159481132073085,13,7,0
1,2,1,0.07624445219391002,90.52966275957664,93.51384618282766,0.9680883254719661,2,5,0
6,1,1,0.08057639182933313,83.39862333195718,89.54014925726901,0.9314103675696828,10,1,0
7,2,1,0.001011443166083581,19.136827879226722,20.192691983557552,0.9477105823636296,15,2,0
9,2,1,0.09450170942484941,68.99293403968603,62.98915897820076,1.0953144185265762,23,4,0
2,2,1,0.08008026879785246,65.05163070265719,65.09734263054257,0.9992977911841223,0,4,0
150,1,1,0.8789036642039452,3.425544467932211,3.1936583855999334,1.0726082925393154,12,7,1
130,308,289,0.0026848539299653418,39.12422752452089,51.26089465178117,0.763237313556357,10,1,0
7,1,1,0.06285039000835678,57.93892416524901,60.75053780643454,0.9537187036904269,4,7,0
8,1,1,0.0727268470452434,65.20663828308196,60.518376232760446,1.077468404510556,11,6,0
8,1,1,0.09187473048042516,46.83555118739501,47.29247750648035,0.9903382875421841,17,4,0
257,1,1,0.9284064181101401,1.0943678711231835,2.5343322439508245,0.43181704913999364,8,4,1
7,1,1,0.012561561315623594,34.5456653487343,37.21205259198201,0.9283461390188881,6,2,0
105,201,285,0.023263876563796165,30.48280954764954,67.20937792669727,0.45354994329654397,21,1,0
2,2,1,0.07668488978177732,30.487284040638404,31.04096076174608,0.9821630288650727,21,7,0
233,1,1,0.9272788339207321,4.09861047917207,2.9053618845689626,1.4107056683508934,4,7,1
6,2,1,0.07136520744937427,28.978162919504367,29.88700638245253,0.9695906826090896,13,7,0
2,1,1,0.062237593147317416,45.9438479024331,43.99734051424128,1.0442414783584877,11,2,0
1,2,1,0.03202987424967425,91.1320632104399,85.50451484848874,1.0658158036674787,2,3,0
2,1,1,0.02652285225026746,70.17865962463125,76.47776274068926,0.9176348406344446,9,3,0
144,187,268,0.0035275031854947294,188.12593840351508,157.94323050033023,1.191098458652343,22,2,0
6,1,1,0.05470629909184421,66.74544932575947,70.1330238597769,0.9516978685990996,16,6,0
139,354,116,0.02412465302638315,132.0635716099007,21.808456589869685,6.055612925457822,5,2,0
7,2,1,0.07146960890066222,62.36031194218121,59.85250634152456,1.0418997591570662,13,7,0
4,1,1,0.013063438155735975,40.32449453380985,36.50043377923789,1.1047675427010173,9,1,0
120,1,1,0.9975080830690859,4.36442923575548,1.589914390533532,2.745071848988609,2,7,1
9,1,1,0.08545154359107496,69.90167850778272,63.643141570289366,1.0983379635743034,15,1,0
430,238,270,0.011645091932474084,172.1593956239708,150.88930575322493,1.1409648600645859,14,1,0
7,2,1,0.02117981498815027,80.29127792402699,75.26355526868528,1.0668015567081983,12,5,0
221,2,1,0.9752866090238299,2.461467366202611,3.604038649394538,0.6829747418541492,1,1,1
265,2,1,0.8513647271921164,1.301648703971153,2.125896823927139,0.6122821622013791,5,3,1
152,2,1,0.9410459674411398,1.7539994111822446,3.5124170847042135,0.4993710510122837,4,5,1
7,1,1,0.00861161105063738,58.117982363981994,58.15033596881331,0.9994436213601815,17,2,0
1,1,1,0.05218308753051894,60.637161865735926,54.676475234192026,1.1090173901300862,17,1,0
465,172,213,0.047758758023906625,63.22728728396255,78.23443047266682,0.8081772552310279,1,7,0
4,2,1,0.08187468103841916,16.08546639391048,16.5873373034459,0.9697437328032655,22,1,0
266,240,63,0.00847112010466235,134.62786357118352,195.45857181567436,0.6887795317472352,13,4,0
8,2,1,0.050304374755702146,67.90062345177702,73.50377401206715,0.9237705732038975,21,4,0
6,2,1,0.03396926184795871,73.30684710047466,70.1837818761702,1.0444983889556518,12,3,0
8,1,1,0.03840190739649582,86.16795376593961,90.45910092984256,0.9525625711532216,15,7,0
1,2,1,0.05334802087447829,61.65739197078385,60.00532242440929,1.0275320501519798,10,1,0
6,2,1,0.09365702180708392,34.29345155923888,36.82801999392251,0.9311782595126784,12,5,0
6,2,1,0.07284939338474403,23.968625113861435,23.3515333043297,1.0264261794499516,7,3,0
6,1,1,0.0651868093647606,79.05088660403021,83.27490303763702,0.9492762371431677,13,4,0
6,1,1,0.03456569355418593,75.61297514628728,74.67706270783445,1.0125327966113837,3,4,0
2,1,1,0.06393748005427756,37.10988419770655,40.12963851150626,0.9247500245252929,22,5,0
2,2,1,0.022673422689836145,62.18822853257298,64.6440146648014,0.9620106185396682,23,7,0
4,2,1,0.0896256716471579,70.14271303834468,75.17868693897306,0.9330132766921512,6,7,0
165,1,1,0.8767497268642325,1.9574793453681854,2.5449212700347177,0.7691708849372308,6,6,1
5,1,1,0.05597174359283135,39.105072967530056,41.516743997309234,0.941910882271127,20,4,0
248,167,117,0.01660003510588396,153.99959021075966,47.356432845329216,3.251925471534934,0,6,0
252,2,1,0.9745953647029134,3.2853320198877145,3.0186793847714233,1.0883342021883793,12,6,1
6,2,1,0.08757625388591554,76.47284174053581,69.09543267484722,1.1067712984793883,4,1,0
7,2,1,0.03517098179588083,56.63102071538638,51.79174439334058,1.0934372143423698,9,6,0
3,1,1,0.035552979715200765,81.84156120818871,78.48116912769454,1.042817813723271,23,7,0
9,2,1,0.04593460101728228,82.7065319631696,89.81799957222343,0.9208235805414989,20,3,0
8,1,1,0.00985468514129424,27.04746489728568,28.177508014512163,0.9598955622106652,11,2,0
250,2,1,0.86340098534378,2.7511259091984797,2.0768364755176343,1.3246714132911135,4,1,1
280,1,1,0.9618600600522038,1.1406279681940057,2.9376760477135373,0.3882756129906779,21,6,1
1,2,1,0.08072616493262505,48.66511166386372,45.97492909397654,1.0585141211286748,9,4,0
9,1,1,0.00038302905003225753,27.62186010912988,30.04400798684875,0.9193800015371076,0,2,0
3,1,1,0.08534655532025531,75.05043234291378,80.78737350747933,0.9289871558451591,8,4,0
424,184,299,0.02789395917889428,74.77536652775558,35.562351281627414,2.1026553035143882,22,4,0
9,2,1,0.057231518563007656,99.92469339962688,95.66483668346577,1.0445289707675565,16,1,0
6,1,1,0.028518659601004782,80.31980430098508,86.83786550452814,0.9249398731109625,13,4,0
8,2,1,0.02872413479748408,53.57721353063261,56.86348823613119,0.9422076483972984,15,6,0
3,2,1,0.01569172720372272,6.427141488153798,6.186397857958608,1.0389149931386132,9,2,0
1,1,1,0.055232149737427794,61.89389400194513,59.10138659624833,1.0472494397597443,19,2,0
133,189,225,0.028214175086671595,93.85270452991038,79.93219058685528,1.1741540403290824,19,1,0
5,2,1,0.02597944161711604,29.192860211082447,32.10160792772697,0.909389345132081,12,3,0
2,1,1,0.057980534516679616,64.64706347019964,62.904539709143286,1.0277010811797271,16,7,0
57,1,1,0.9347262155076139,1.718627863347384,1.749408894257106,0.9824048962991049,16,3,1
229,372,178,0.011778296729725064,187.85071155752885,174.71053561248164,1.0752111250702872,8,6,0
2,1,1,0.07702287656498734,76.03154883124351,71.98823158876706,1.0561663643242956,1,2,0
1,1,1,0.02899247626330286,86.02969932150785,84.09617538051302,1.022991817787743,11,2,0
163,1,1,0.9049956550144684,3.476485600186785,1.8984872119285054,1.83118726233364,19,4,1
106,2,1,0.8681733191891478,1.3416339312330612,3.7736091600915778,0.35553070663006936,18,7,1
4,1,1,0.05990110442135676,11.814857656005373,11.169196047776772,1.0578073484847748,15,7,0
228,1,1,0.8660870250243768,3.032675225375853,3.338695970833119,0.9083412361800336,7,3,1
8,2,1,0.08728302341533203,82.38369515078276,77.99961090688448,1.0562064886340519,3,7,0
316,273,193,0.0076145123533827635,67.51559354776938,96.95136036667692,0.696386242466538,20,6,0
9,2,1,0.019283960894224562,23.15503415565877,24.399682912541994,0.9489891421398987,4,1,0
7,2,1,0.04654869724396994,94.60360572087782,102.77227561782256,0.9205167945553583,5,4,0
3,2,1,0.0659357387278844,53.51488352248233,53.269231211250116,1.0046115234938915,19,7,0
409,110,107,0.005770147965720407,164.27710292943357,115.29031184255602,1.4248994586273251,18,4,0
3,1,1,0.0765270524116957,38.84483763533111,37.089697318447435,1.0473215055333092,13,3,0
5,2,1,0.09778536935017818,24.05364266086664,22.684313441477027,1.0603645873137104,14,6,0
8,2,1,0.09108342269897539,63.458044859714555,62.34050488607142,1.0179263863147316,11,3,0
4,2,1,0.06155526231931792,8.75796312344825,8.588126526917634,1.019775744569936,11,1,0
6,2,1,0.009352012359790952,45.57568240983674,42.19172843812181,1.080204203453713,18,1,0
5,2,1,0.04979485925822639,34.45323228118276,36.60289169974806,0.9412707761944367,0,6,0
4,1,1,0.05663228801665321,77.51301663974175,71.8778670251695,1.0783989543345658,12,6,0
161,2,1,0.9629090706738964,2.8950931700576916,2.616930397099017,1.106293531255944,2,5,1
115,138,294,0.014640643336858439,87.51789295730299,111.60952058167152,0.7841436151789649,21,1,0
125,1,1,0.9806007202321481,2.6873193420906136,3.2282544233380723,0.8324372833389871,0,5,1
7,1,1,0.019892977979503835,62.16022781894418,56.69861971519518,1.0963270028650327,23,1,0
9,2,1,0.07712430740331781,8.6872300421212,8.15579529524074,1.0651603832173884,19,1,0
95,1,1,0.9763801762527702,2.2128327750386996,2.5736197426967564,0.8598134131190617,7,6,1
4,1,1,0.024071258566350673,27.795145853744973,25.479137860500458,1.0908982087983028,13,4,0
9,2,1,0.09115768872630525,37.833916045575,38.753335527279376,0.9762750878293516,10,1,0
3,1,1,0.03871832741559344,37.880307515618725,40.425018753769464,0.9370510808256964,22,4,0
5,1,1,0.0015498241826190308,20.842605542905744,21.287226381250004,0.9791132564486708,22,7,0
9,1,1,0.00785362427927987,38.858449905718146,40.78312310950173,0.9528071158597667,5,4,0
290,130,186,0.0350227432712179,92.32642254830513,33.734441751334316,2.736859356644113,11,6,0
8,2,1,0.0009419855972445324,81.83533245330592,77.89741198060541,1.05055264831752,8,5,0
2,2,1,0.04486325916177342,56.080752216142294,57.91599170049958,0.9683120424865063,11,5,0
9,2,1,0.09327712799060948,12.441070239175753,12.909399198514436,0.9637218624866309,16,6,0
9,1,1,0.08782524677323467,55.089239245314324,59.82548681403156,0.9208322769952557,22,1,0
2,2,1,0.08026562441522199,28.461714184370937,30.736445475774897,0.9259923762753633,15,7,0
8,1,1,0.06009571949974973,8.258300623814609,8.254280620800769,1.000487020395661,9,3,0
8,2,1,0.0019446258419546615,97.43135532044396,92.00347188508269,1.0589965065898925,0,4,0
1,1,1,0.057109316243451475,5.854872441909299,5.571275154027127,1.050903479013629,19,7,0
2,2,1,0.003294786824552998,61.0621035630215,61.35709052708301,0.9951922921780116,21,7,0
9,2,1,0.07560042417740771,47.96983332987687,43.58702432838871,1.1005530675475268,9,7,0
2,1,1,0.02366331314700089,89.5261540780611,80.7376499618483,1.1088526123854943,20,6,0
123,2,1,0.889250704995626,1.2679643775833904,1.5704783511180553,0.807374629953161,9,2,1
88,2,1,0.9580500053748989,4.673140141519831,2.5201011540070413,1.8543462567323492,14,5,1
8,2,1,0.08043744141377007,11.253835119499609,11.687271627614303,0.9629137987098217,22,7,0
267,379,263,0.04397313467559462,93.80428161351374,106.75908519191607,0.8786538536264706,15,6,0
2,1,1,0.0752335177977885,91.60116664158203,92.59277058347219,0.9892906980140935,6,7,0
9,1,1,0.06262592746624267,68.56008395511006,63.43567665610723,1.0807811561116134,2,3,0
4,2,1,0.09335931437012517,73.39615624010055,77.12194642682863,0.9516896245576087,5,6,0
1,2,1,0.0769973618206601,14.87614071167701,16.25178301323234,0.9153543767822109,21,2,0
3,1,1,0.03184519668058044,74.43816341363816,71.27779344101134,1.0443387739723216,19,2,0
2,2,1,0.04995664633759328,46.65826158640215,47.69429346198973,0.978277655451312,20,3,0
8,1,1,0.04830141128439505,89.24899624955113,87.07752500432028,1.0249372182445828,18,2,0
287,2,1,0.9184149289993887,2.5910934061241586,2.3117633356456597,1.1208298730979243,3,4,1
4,2,1,0.04779995450543115,49.77981601874513,46.5519316190925,1.0693394299094727,16,6,0
3,1,1,0.04864050355361782,52.96861638849301,49.54061371160689,1.069195805624083,6,3,0
9,1,1,0.0766157101582778,93.58217794584833,101.95416871400813,0.9178847625971617,23,7,0
6,2,1,0.09150833333580749,32.86811953365851,32.80694766357636,1.001864601081132,6,3,0
7,2,1,0.09025338826385755,87.85530943710312,80.32186306634922,1.0937907324750542,5,6,0
382,282,118,0.035735115819112886,188.7868307682862,184.20582099820803,1.02486897398385,14,6,0
6,2,1,0.09720534746234882,86.63587035169522,79.87857952132467,1.084594529232541,13,2,0
1,1,1,0.07646435726141122,32.04533734670581,34.52954528211119,0.9280555850038262,2,6,0
235,1,1,0.9151073302717271,4.277711414681461,3.7639553439328304,1.136493667911539,6,4,1
5,2,1,0.005600230893900016,50.6102436554672,50.968269351974335,0.9929755178847707,0,4,0
50,1,1,0.8897927633629078,4.615812260759557,2.3016568868410805,2.0054302129691233,16,4,1
267,2,1,0.9887465422352553,4.142676599511277,2.3144488593640453,1.7899192642561066,0,6,1
6,2,1,0.07448653584662795,12.567123123940174,11.43246955612424,1.0992483349503532,19,6,0
5,2,1,0.09639160120731885,65.95006971812245,59.66414375434639,1.1053551692563783,15,2,0
207,1,1,0.8641834517161582,4.033539086359671,3.0150345798402034,1.3378085655566339,5,1,1
1,1,1,0.020782384145883584,52.88665757610031,53.36138604819522,0.9911035205932218,7,1,0
114,2,1,0.9583560261449198,1.3119754656376363,1.7653250482725487,0.7431920070025996,0,2,1
98,1,1,0.9231201753195961,2.4564842273660217,3.098466053635245,0.7928065645527973,23,1,1
4,1,1,0.08877515246716881,8.855642652796032,9.588407221307635,0.9235780717694976,2,3,0
4,1,1,0.003121356033874756,96.85222727787239,97.36738316270204,0.994709153434176,15,3,0
6,2,1,0.09893495140420393,8.732734789315783,9.00328735400101,0.9699495801869531,0,1,0
1,2,1,0.0482356208582753,71.77231218475963,65.57133128617308,1.0945684764508379,21,2,0
9,1,1,0.09421854544896385,54.25683261951284,52.6541821897425,1.0304372865197127,9,7,0
101,1,1,0.9940852804485153,1.5706174058926483,2.7727045714161775,0.5664568169592064,21,6,1
1,1,1,0.012818511029909786,16.67757859990241,17.07640029326179,0.9766448615334491,20,3,0
382,116,95,0.0021100234290649224,109.33312259011515,118.00303978685035,0.9265280181561787,3,3,0
222,2,1,0.8795659058235478,4.501452959603043,3.2612340910292117,1.3802912743937468,0,4,1
5,2,1,0.04801349396383732,40.45470006498705,40.40006593612296,1.0013523277152685,12,3,0
2,2,1,0.06332689173374889,14.452141487160622,14.753248785909628,0.9795904411890224,16,7,0
4,1,1,0.058881027015622325,13.476105965437666,13.290090053741606,1.013996587754023,7,6,0
136,2,1,0.9531155291411301,2.3016731227304312,1.7368472869483604,1.3252017837299153,15,3,1
7,2,1,0.008008950967116124,22.401105105687797,22.80112490054651,0.9824561377298922,13,4,0
374,202,267,0.03430121119679455,64.98230989464017,31.808137690105315,2.042946070208143,11,7,0
5,1,1,0.02168142759291083,68.61306937106417,75.07186497941674,0.9139651637784215,22,1,0
4,1,1,0.035579312782099304,54.03280644407729,51.92377815890771,1.0406177739746731,19,2,0
116,1,1,0.8789476011908542,1.4647222970163565,3.040635101427031,0.48171590741977977,14,5,1
5,2,1,0.04691774960927717,39.9323082721166,36.742675034662106,1.0868100440277,2,2,0
8,1,1,0.028622430723999438,48.70974952298036,45.72332777515759,1.0653150567366478,11,1,0
86,1,1,0.8841300815404695,2.1184057305805273,1.8185201792385726,1.1649063643976274,3,1,1
1,2,1,0.07720895238812851,85.02527671274059,89.45690605191086,0.9504607354003654,3,5,0
322,292,75,0.021857405252251733,68.21724490713933,128.72089959311,0.529962462372278,8,5,0
109,1,1,0.9107058811493756,1.9008284008648064,2.1427402234877793,0.8871016561078,16,6,1
9,1,1,0.03682954676557095,40.477236158816375,39.53439594990406,1.023848605404444,16,4,0
6,1,1,0.03341430223838622,82.70089679908175,75.065352266932,1.1017186265242291,15,7,0
1,1,1,0.08538659935252035,18.315716171359384,18.47756537460258,0.9912407722574935,12,3,0
4,2,1,0.07254780340154869,12.700658568372301,13.250477651349177,0.9585057159867069,12,1,0
297,1,1,0.9936745326212915,4.535048061832128,3.8333235477908683,1.1830590361843212,21,5,1
2,2,1,0.007833821776200667,11.894605814247525,12.727984023904574,0.9345239428261481,7,7,0
2,1,1,0.012508890983640353,17.32938174364807,17.526307154710256,0.9887640100493582,0,4,0
1,1,1,0.018593364087438457,26.315071691356174,26.282699920176007,1.0012316760180073,23,7,0
181,141,80,0.014262217115338328,63.05799584615938,161.65564388861617,0.39007605505940485,2,4,0
9,2,1,0.056034867435032346,74.21843989531381,72.06381510509192,1.0298988443378936,2,2,0
8,1,1,0.06404832931422122,29.647671251467248,27.184831809945234,1.0905960889785977,18,1,0
1,2,1,0.049235759452948974,8.479821271887843,7.963817413749084,1.0647935319621853,7,2,0
380,337,68,0.02954580464136134,198.05900301570549,50.02934689104731,3.95885645773137,5,1,0
295,163,180,0.0052632581240212644,123.0829068542041,110.10456010069376,1.1178729268037697,7,1,0
9,1,1,0.05425754525355802,27.139239685352884,27.538880502199223,0.9854881240791751,23,6,0
7,1,1,0.029267144575942417,42.29583628430557,40.959479578385945,1.0326263106776585,7,1,0
441,98,165,0.02711499878105396,46.658143752882935,154.33648626243382,0.30231440978606583,3,3,0
220,2,1,0.9445672173486985,3.9370881221228617,2.4277652277488473,1.6216922777881364,21,1,1
1,2,1,0.06751298858444198,44.65758697016393,46.71790057406805,0.955898840089408,0,1,0
9,1,1,0.0047838812507038815,85.76633479447952,94.30150184538144,0.9094906562050693,0,3,0
235,104,299,0.014053694272255658,140.24350145226077,51.802816551734935,2.707256299707199,20,7,0
195,1,1,0.9505380964066539,1.751614355193666,3.061988496796813,0.5720512526503784,5,1,1
5,1,1,0.0888209193214149,84.85734416345323,84.39706642562807,1.0054537172596012,15,4,0
1,1,1,0.09712199118854944,46.61319738627645,49.97898161346535,0.9326560062143785,4,4,0
3,1,1,0.051343449712582014,66.80761970894983,72.01443740184033,0.9276975856405505,8,2,0
88,1,1,0.9232907388816977,3.4128885426318547,2.3139528312975286,1.4749170754349852,2,5,1
7,1,1,0.032662190574800874,64.21487120711046,58.51687092210993,1.0973736325133476,21,2,0
9,2,1,0.035577408420066015,25.22495419269938,26.516299555536612,0.9512999406220842,16,7,0
1,1,1,0.06854405223712914,79.00551242278358,71.42181610289542,1.106181790574501,21,3,0
158,272,258,0.009492633013548458,39.83098164565396,149.8317084152888,0.2658381331090103,8,3,0
315,148,118,0.02501791801921951,84.35239911690265,69.93681226417624,1.2061230185652958,15,5,0
5,1,1,0.07648788300884687,21.588037113314886,20.8206272703687,1.03685815191737,7,3,0
213,2,1,0.9901404687195815,3.0909227122274183,2.228970320402893,1.3867042929798745,0,7,1
116,1,1,0.9369448687302727,3.2221002722508785,3.3490542116324873,0.9620925994746065,6,2,1
415,375,242,0.028476063934101632,152.90322988181507,45.47381644099282,3.3624455092794663,2,4,0
1,1,1,0.04619252042057351,85.25521509726158,92.03406516073925,0.9263441199556026,0,4,0
104,157,140,0.028019947690997138,145.06896427906264,163.24161161177037,0.8886763788149381,18,7,0
3,1,1,0.08407850719391147,8.175520643856055,7.957646413869919,1.0273792298193078,13,6,0
5,1,1,0.022325540106936093,92.61923867094056,91.24649475877897,1.015044346807958,12,3,0
3,1,1,0.0005348988694222845,76.0826865871855,82.21572189093733,0.9254031326041562,7,6,0
1,1,1,0.046268783168782704,81.6171148799983,76.38782986850575,1.0684570437528367,10,1,0
435,174,119,0.02819335159458833,112.95998154250788,150.85602551511758,0.74879330246698,7,6,0
5,2,1,0.0735953560515178,33.61697300542128,33.3708363116673,1.0073758023759185,8,2,0
2,2,1,0.06623718599127536,20.036889816440496,20.790748378449365,0.9637406721351945,8,7,0
1,2,1,0.07483752494281826,29.893325428153084,32.17548536048021,0.9290714683319057,5,2,0
8,1,1,0.03915370996016292,72.76556430262086,75.0856688066189,0.9691005681793499,16,2,0
7,1,1,0.010294614470028619,73.30716794119209,73.3641832770855,0.9992228450812561,21,1,0
5,2,1,0.02298063414226651,76.20405943989417,78.19388817079611,0.9745526309350977,13,3,0
2,2,1,0.0030824618699370255,88.52441207061135,79.90231516243792,1.1079079735129713,7,7,0
3,2,1,0.09242184348426602,7.31714434545919,7.436303887273381,0.9839759719854749,18,5,0
4,2,1,0.06522640059437702,74.07746370378311,66.68033794836828,1.1109341371536323,5,6,0
7,2,1,0.026935970066353777,81.06307444490456,80.31516414660145,1.0093121928623334,9,5,0
5,1,1,0.09907125586231051,28.52362328159826,28.560455134868963,0.9987103898345887,2,2,0
1,1,1,0.010339493663004152,45.99327138552602,43.508883852484836,1.0571006956065434,4,3,0
1,1,1,0.09059439679262646,58.846579975994274,57.13324993637423,1.0299883175126232,16,2,0
6,1,1,0.08547406185919787,93.31039398676904,87.41728086480138,1.0674135944708905,11,1,0
4,2,1,0.08136157259807193,8.397793086418849,8.445201328663686,0.9943863692054411,14,1,0
6,2,1,0.08385492070247931,49.7529543009729,48.86883367919816,1.018091707029036,2,2,0
142,190,254,0.030727050911065774,169.7892416712413,108.92210070787502,1.5588135058706742,6,5,0
9,1,1,0.07902599039416938,33.09651928893129,33.06775127066752,1.0008699720167935,1,2,0
8,1,1,0.08819032847634595,43.89196746242475,42.047457386999426,1.0438673391936328,9,5,0
9,2,1,0.03746492190148287,22.37885552200019,22.06579925710006,1.0141873974856994,3,7,0
2,2,1,0.07764868813156668,76.16999320177051,73.56154093023898,1.0354594566473971,16,2,0
270,2,1,0.9153601535264961,1.897093672967621,2.4715807259970974,0.7675629013502224,5,6,1
116,295,141,0.028209739589937267,108.94836863932478,151.73718555128963,0.7180070478010709,14,3,0
150,2,1,0.9356820864422196,4.302123293386998,2.188090264827806,1.966154396160415,2,4,1
134,363,152,0.03530290573190154,108.28179353356126,66.38521667405234,1.63111305435996,19,3,0
3,1,1,0.026911975263801038,81.29764344894336,73.88566513733686,1.1003168652245237,18,5,0
9,1,1,0.03947753167716829,51.760537412309354,55.70107310348385,0.9292556593325662,5,3,0
1,1,1,0.00023474738674531537,28.25598793516396,29.27649867412542,0.9651423228467075,22,5,0
4,2,1,0.06478370386082265,72.6468392635534,67.97493082473754,1.0687298741187634,19,7,0
85,1,1,0.9780019746413086,4.4539658018512736,3.431306479406361,1.2980378839904267,0,4,1
296,188,169,0.0018676468217777465,100.11919946923894,40.364468781324256,2.4803794647128337,12,5,0
256,2,1,0.8572486613283096,3.2530233753027336,3.119555762061089,1.0427841729469398,8,1,1
8,2,1,0.09688164414833766,99.22982144536597,104.98042325924204,0.945222150613021,18,5,0
3,1,1,0.00789805993662317,70.86325951239174,74.8985453642136,0.9461233081069966,5,7,0
144,2,1,0.9999611908387139,1.976256043869005,3.4082690380305265,0.5798415623348172,3,5,1
7,2,1,0.08978981047742522,17.208988502191062,15.578121374427978,1.1046895892363637,18,2,0
3,1,1,0.016163769378459182,91.05569204993405,91.35158340709135,0.9967609608271515,16,1,0
9,2,1,0.02705217801718466,81.44896845543595,83.33029236159248,0.9774232892644493,2,3,0
4,2,1,0.07820018255939415,79.47548921929489,78.73258052054489,1.0094358484611863,21,5,0
6,1,1,0.027401178038554755,34.90990976382986,32.23444295965426,1.083000249376864,1,3,0
4,1,1,0.0908437547872265,14.925630091626017,15.583157602403865,0.9578052454095428,9,3,0
8,1,1,0.04046450284400993,10.932515463763208,11.634554295288316,0.9396591555028958,1,7,0
9,2,1,0.04481708470213185,65.48582686400447,61.834832490330086,1.0590442995741167,21,7,0
6,1,1,0.02720025737309897,73.67962531699747,69.35016749349423,1.0624289454514928,22,3,0
9,2,1,0.07451448098278204,25.28889353193827,22.813982248974717,1.1084822130548813,7,7,0
463,322,283,0.03969478275972584,177.39461975536614,173.18067802350484,1.0243326321386117,2,2,0
6,2,1,0.05334784759062927,10.011878409048627,9.925653809254124,1.008687044848785,17,2,0
132,141,278,0.035376140948902145,25.61148364014582,176.63540428860358,0.1449963202071277,21,1,0
9,2,1,0.09116386897353035,66.98604919858496,70.65421528143591,0.9480828416501466,18,6,0
5,1,1,0.03277712058412189,86.70698430403031,80.16282755456265,1.0816358023924917,3,6,0
5,1,1,0.015313480060440388,5.93544837614104,5.624532036474776,1.0552786147629685,15,1,0
7,2,1,0.012989880453681081,72.96643931127134,66.67927425482819,1.0942896443715853,22,1,0
2,2,1,0.05851947853928539,40.12509203290543,40.01320355004146,1.0027962890480397,22,3,0
9,2,1,0.01055136464012011,69.8916096430618,72.13830888668816,0.9688556707483206,0,7,0
173,147,295,0.04313375814728629,99.79765773908576,125.45534909502588,0.7954834804492413,5,2,0
3,2,1,0.0409225480191796,76.08220306688338,70.2004734621617,1.083784756920364,19,3,0
431,151,284,0.04005857516476624,128.78852943490546,55.7377145962763,2.3106173327657302,3,2,0
2,2,1,0.012544178445052002,79.71588825811106,72.03223672436035,1.1066696229794044,13,6,0
2,1,1,0.031276072742181596,83.54667571419812,85.13328538121856,0.9813632275564633,15,2,0
134,1,1,0.9977425474542466,1.1153453076868214,2.3453499712095214,0.4755560242088844,12,3,1
110,2,1,0.8850413548054356,4.113487618181965,3.0214289829349354,1.3614377969546825,4,6,1
6,1,1,0.031057701555078733,63.49397507729141,65.91882733544988,0.9632145722826834,9,2,0
3,2,1,0.037393871360377466,95.33942842725426,86.22884628447662,1.1056558510909567,23,3,0
9,1,1,0.05342204099312473,83.2611662424511,76.6526735391787,1.0862134665126149,15,3,0
2,2,1,0.01261950910262366,69.40001725712834,70.40013589765715,0.9857937967338201,18,2,0
1,1,1,0.09377416549348222,13.668907616309568,12.355332832370939,1.1063164223708377,18,6,0
1,2,1,0.06508663952541408,23.894711779111653,22.653679279502786,1.0547828228826284,22,4,0
178,2,1,0.879704641994664,1.5364784908391607,1.6410033944019762,0.9363042733979797,14,7,1
3,1,1,0.09958023677799187,32.43694714563851,30.161612158572037,1.0754381090474907,6,1,0
171,2,1,0.9047227144461785,4.493565831636877,2.487475676372581,1.8064762901278792,4,2,1
1,2,1,0.0316684356016926,69.34387613332339,66.42564596059898,1.043932281433219,23,3,0
3,1,1,0.09369492539086954,40.83893864299106,42.179061236707604,0.9682277757156372,13,1,0
9,2,1,0.08749394056026714,82.02867076941574,89.91960418479009,0.9122445712821643,15,5,0
61,1,1,0.9050497220902332,1.4245016742596097,3.221612630660975,0.44217037787294317,14,4,1
416,137,231,0.008155733755833939,64.85667870643171,81.53580831722306,0.7954379805017746,2,1,0
6,1,1,0.05251408517696297,24.284388123163737,24.05062196308319,1.009719755291126,20,3,0
239,2,1,0.8573728943087066,1.0212566766194482,2.3201742112141446,0.4401637910133592,23,2,1
6,1,1,0.06694120642536434,25.53290216953747,25.996946953389365,0.9821500276673297,2,4,0
321,353,171,0.031137063818873878,94.31109159660316,174.7738082603219,0.5396179927379552,7,1,0
106,2,1,0.9690306103343247,1.3423982112910733,1.9586447118971626,0.6853709624502614,11,7,1
173,246,253,0.018254696011590296,130.06907348945583,145.28565325804047,0.8952644020427908,21,2,0
7,1,1,0.058893602256254785,54.4622586047406,57.100421403357444,0.9537978401248415,18,7,0
1,2,1,0.033555720169665716,97.72191496482695,105.02282821576706,0.9304826067344087,6,6,0
5,2,1,0.04369548610836978,79.53096927506505,73.06188612302861,1.0885425150555676,4,5,0
454,247,103,0.0014168725191692324,169.13544672467154,161.88953747074933,1.0447583541662253,8,6,0
146,84,253,0.02931040830952545,157.56602132434543,198.7677386462289,0.7927142623722495,15,7,0
442,249,172,0.01353373029826447,25.250720343333406,128.9182920026871,0.1958660788246178,22,3,0
268,2,1,0.9786648322558663,2.979931178849844,1.8273281303169437,1.630758663105014,23,1,1
5,1,1,0.06725224042381393,71.90461207772987,72.74765535602054,0.9884114027570386,7,7,0
6,1,1,0.0803075642337745,46.02148457466164,48.65215072445339,0.945929088218714,3,3,0
5,1,1,0.05757852108894116,20.544280019972213,19.003129532354492,1.081099825425795,15,7,0
1,1,1,0.0045088856005389925,74.4660054379584,80.0060542779217,0.930754629884402,1,4,0
4,1,1,0.04897040318578551,77.44425571519753,82.60789211443971,0.9374922145200266,18,3,0
206,2,1,0.9291711045338245,4.998830551287324,3.608257415380403,1.3853863446603127,15,4,1
5,1,1,0.07039134261281078,66.82625556362106,73.07935337310695,0.9144341387702122,16,6,0
3,1,1,0.04760587695019969,70.4781818963922,71.99642018764187,0.978912308594056,17,3,0
2,2,1,0.027734676172462926,52.52199049795118,48.956830834299886,1.0728225173667387,18,2,0
8,1,1,0.006668230036302458,83.81852462518404,84.86421738764987,0.9876780485974527,21,4,0
176,360,157,0.004509785010012218,129.08270044629978,36.13371919483122,3.572361310229159,18,3,0
364,191,213,0.02948645180382329,100.98430059539096,174.50720835699124,0.578682689077269,4,5,0
7,1,1,0.08462873364864602,38.85483058673038,41.43866672615391,0.9376467356805003,5,7,0
2,1,1,0.00015846444663401016,54.712783974454524,53.0065712049443,1.032188702848055,11,7,0
318,395,139,0.0023978866218493824,159.57371262664904,122.72297151295615,1.3002758217095687,15,1,0
5,2,1,0.025364247434137555,26.665872605501892,24.06075558942893,1.1082724524751633,3,3,0
1,1,1,0.019908231282795775,60.83180669244027,55.527802675925344,1.0955197893831756,7,4,0
3,2,1,0.002213445102949707,65.86747134908605,64.73357676806124,1.0175163282740813,20,5,0
9,2,1,0.0179659289029912,70.46536274124828,71.38243114696463,0.9871527434554833,7,6,0
2,1,1,0.08964728572592955,65.44078872358776,68.46001857982868,0.9558979106510128,12,1,0
64,1,1,0.8796736643261984,4.3734932827000215,2.0094400854776593,2.176473592971252,22,5,1
290,2,1,0.9705312665239642,4.982416807214024,2.1316575054282056,2.3373439656823107,6,7,1
3,2,1,0.009557444766260116,7.142176045358211,6.507593130169013,1.0975142272259293,19,5,0
236,1,1,0.9515659549294417,3.090291281047238,3.45488154243038,0.894470980580519,6,7,1
9,2,1,0.09321339153982831,73.45570984021055,77.36007651961832,0.9495299532386368,6,5,0
4,2,1,0.07992380942034583,90.36857138962972,98.34152990804246,0.9189258238521597,0,4,0
8,1,1,0.013929668940710084,7.115883231386267,7.641208492467196,0.9312510237616469,18,7,0
6,1,1,0.06908535043398134,79.7620216014905,73.64185695550668,1.0831071471986582,21,5,0
100,2,1,0.9178132765508459,4.428771814347223,1.620989704864414,2.7321406182019294,11,5,1
131,1,1,0.918597491483923,4.384775464617494,2.63080869408574,1.666702514126096,22,5,1
7,2,1,0.04875816033967161,71.27640636407386,71.70257222518451,0.99405647736357,20,7,0
9,1,1,0.0094907909766078,42.05152577101826,41.26605249551939,1.0190343691242132,4,1,0
4,1,1,0.0470762392387603,88.42094371364163,89.93916885071361,0.9831194221997757,4,6,0
334,311,56,0.016766450372946773,166.85394603422426,164.46161618275232,1.0145464328212217,22,4,0
1,1,1,0.01670556694687857,99.31892841724621,100.57060401569149,0.987554259908293,9,7,0
7,1,1,0.0664152765054482,44.841843994370166,49.01581878924977,0.9148443319323873,23,4,0
7,1,1,0.09190382770286712,90.49140661869382,89.55320752134911,1.0104764432599584,8,4,0
6,2,1,0.028686687498279396,30.515062411631824,32.718634019872965,0.9326508677928695,20,6,0
2,2,1,0.034450589339406326,10.846588242809503,10.347587993605549,1.0482238227413305,18,3,0
272,1,1,0.9706962546002016,1.5515797696583062,3.4399421245381054,0.4510482192681201,8,5,1
3,1,1,0.014503273374988846,74.99648513849492,76.51721865597888,0.9801256038288431,12,3,0
5,1,1,0.03477700976044378,54.44945069594388,56.141556667576545,0.9698600097312602,20,7,0
129,345,121,0.022577351140871223,93.4436164313146,143.74366472895105,0.6500711986682385,8,1,0
9,1,1,0.03293053128645993,45.236354837943274,45.88447073195689,0.9858750491468081,18,6,0
6,2,1,0.0759028048051203,53.59069944489641,55.13439494557351,0.9720012253294703,0,4,0
9,1,1,0.08484177264305111,6.938153015379602,7.083145124845697,0.9795299818215635,6,3,0
6,1,1,0.003479919986835012,43.87870950961274,42.02872302010741,1.044017194826982,10,3,0
268,1,1,0.9830659768778005,2.432579124783222,2.446605958510235,0.9942668194368519,4,4,1
9,1,1,0.04491482027322126,46.81147324356894,42.98358054126963,1.0890547658919212,11,5,0
3,2,1,0.02277783416178014,60.46653539426146,58.912102085943,1.026385636452945,3,4,0
2,1,1,0.0973780500978929,5.778840507441409,6.239778596025678,0.9261290955294702,18,6,0
6,1,1,0.017748183499101178,28.961197751908788,30.76102304212491,0.9414900704781047,9,7,0
2,1,1,0.006007316835498245,35.92281712198286,33.362868266221476,1.0767304787865983,16,4,0
7,2,1,0.09988992870461721,98.78537320895842,106.32614499756545,0.9290788564865237,16,6,0
3,2,1,0.06485270268242029,34.39608474210091,35.12667308509753,0.9792013225611573,0,4,0
1,2,1,0.0011897832245155616,32.84981451406367,29.603753952923928,1.109650301995539,2,7,0
4,2,1,0.057340162589770385,93.15055983689257,99.26828145709136,0.9383718391171789,5,1,0
5,1,1,0.07440494512285778,52.8058246823814,48.24125113258259,1.0946197174126742,7,5,0
159,329,97,0.02132959505271967,180.0414840309397,172.14060046893317,1.0458978505970322,0,4,0
5,2,1,0.049571701007827554,34.758820346438085,36.522247489552875,0.9517163574443436,11,1,0
221,2,1,0.9435085580540571,3.662861741028562,2.0343506551528048,1.8005065801959477,10,5,1
8,2,1,0.09774250416894216,31.75953867507987,31.636757011913495,1.0038809813256189,1,1,0
5,1,1,0.05993635517382656,44.78210409585222,44.1716675227179,1.0138196406739766,1,5,0
9,2,1,0.07606613420236065,50.66872836455245,55.0420981132874,0.9205450028497515,18,2,0
433,363,268,0.01806331942029948,58.40535224593482,89.30912225665101,0.653968494708672,21,7,0
5,2,1,0.052315814981764165,90.3706981886048,84.30488470171586,1.0719509137382817,21,5,0
176,164,95,0.026903377536741137,183.3709495205409,172.35833173531523,1.0638937362316627,21,6,0
7,2,1,0.012637014194700515,97.50075281076889,92.24816573932057,1.0569397454068772,7,6,0
4,2,1,0.03088608992364632,67.59126340155001,68.48946592556197,0.9868855376243089,7,7,0
3,1,1,0.008777291412344058,68.477162886001,73.89798083394517,0.9266445728723604,16,6,0
4,2,1,0.04035486208136884,18.01183028170241,18.03621844658421,0.9986478227154971,0,2,0
3,2,1,0.02582643578871635,50.67468597707409,55.66123692605217,0.9104125020505225,13,4,0
5,1,1,0.004050917294132184,16.676562341513275,15.686209987873845,1.0631352222369213,15,7,0
177,251,82,0.01471468869943704,35.560235571211734,156.69716689216756,0.2269360466209501,6,3,0
8,2,1,0.030148841535435945,96.96199131662469,100.89763100596926,0.9609937354315907,5,2,0
6,2,1,0.026211297201679654,37.58918055033597,36.917840797250946,1.0181846971162791,5,6,0
464,182,241,0.025153416131601408,125.16046198970926,185.6354574933693,0.6742271313883009,16,1,0
2,2,1,0.024192772811923658,88.24777310977406,79.75910349097151,1.1064288494637284,17,5,0
67,2,1,0.9158543865970672,1.179524065890872,3.800284533306572,0.3103778297528121,21,5,1
9,2,1,0.04818372535762582,16.81280515702902,15.85202667744161,1.0606091889155507,18,7,0
9,2,1,0.05057422983554444,82.62470263524841,88.59035193710365,0.9326602821705612,21,4,0
5,1,1,0.020082875017492088,47.944158775081156,49.78374622960784,0.9630484325939973,17,3,0
431,254,163,0.00021797899782902141,186.43719897293255,40.25074398285647,4.631894482555144,14,2,0
272,1,1,0.9726118682903666,4.732900245276513,3.8459040007400436,1.230634005520104,0,6,1
8,2,1,0.006091222687152709,45.73970645325211,44.81874795093812,1.0205485102645468,3,6,0
194,135,81,0.014909743893779942,127.7415830284958,110.51175115983563,1.1559095000109108,7,6,0
70,1,1,0.8987586465087722,1.632506278532273,2.3463165868170894,0.6957740859458611,3,4,1
8,2,1,0.05537282313983613,98.70933175587444,103.29518109263114,0.9556044213461974,7,6,0
227,183,144,0.007205198151648301,195.4421139452809,128.69730412871422,1.5186185543545894,12,3,0
9,1,1,0.08391923428715385,67.03430949646318,67.06480829193313,0.9995452339871428,10,1,0
6,1,1,0.012346357373073602,98.10493458276605,96.0195998010479,1.0217178033030647,3,7,0
6,2,1,0.014755184682869994,80.71003677964637,73.65424627594346,1.0957961130614058,7,1,0
4,2,1,0.01145452995864823,34.86657890140855,37.02918144038707,0.9415973441794798,12,7,0
5,1,1,0.09870823640059703,57.90365606405675,55.333298276158104,1.046452278609355,22,2,0
5,1,1,0.032268370707782025,66.2661007671671,70.92440155443379,0.9343201960796034,17,2,0
64,1,1,0.9457512625871635,3.6182647648943926,3.8852347872557518,0.9312860002085157,16,5,1
6,2,1,0.0066750254850756925,16.062324788047583,16.37224598770771,0.9810703308579155,0,6,0
4,1,1,0.05543225980836554,36.23086889321262,37.828169806210155,0.957774829679037,6,4,0
9,1,1,0.07736473950553341,48.28355552684986,49.36418094495875,0.9781091188504922,11,4,0
271,175,99,0.025629131342356826,102.55843270862665,135.61753717563397,0.7562328209500404,3,7,0
5,1,1,0.07907730637320341,40.523147622144464,41.03222056338573,0.9875933367911478,4,2,0
1,1,1,0.08521477478000117,58.12265859808559,58.496186648598844,0.9936144888767343,19,1,0
7,1,1,0.0286660581287023,39.86099402261455,36.5437458417808,1.090774716833793,0,1,0
6,1,1,0.061681688437557516,61.870531988836824,59.30340517763254,1.0432880169952286,9,3,0
186,147,133,0.005063259049370484,177.06332347357602,111.37461007814251,1.589799716015572,23,6,0
7,2,1,0.02815096207723755,28.202201534587463,28.542613241451694,0.9880735620111385,19,2,0
345,160,199,0.03678589933890549,58.109020123153826,46.1514817542416,1.2590932709936935,7,5,0
243,2,1,0.918419081341995,1.1200809028693453,2.493068823915581,0.44927797103898676,3,2,1
7,1,1,0.00407850134355181,34.92578614302853,35.45351133377257,0.9851150091798854,16,5,0
151,1,1,0.8830164745028745,1.804691868455603,3.806247240756258,0.4741394224556551,20,7,1
8,1,1,0.08246812392279365,31.23127008212852,33.91944954758166,0.9207481400403564,8,7,0
268,1,1,0.9134302613588631,3.068601449135509,2.4249972148999435,1.2654041127474536,6,2,1
250,286,146,0.010225216934639791,80.83459626328619,104.57217829706148,0.7730028921617832,17,3,0
413,197,54,0.040122990766868524,27.44738884410678,88.19967625986895,0.311196027106002,17,5,0
8,2,1,0.05132199758278188,87.8500760559252,84.14169622808083,1.0440730338712467,22,6,0
8,2,1,0.0792003126130196,35.80979806818016,37.35795976050849,0.9585587194200869,5,2,0
158,1,1,0.9149202341839476,2.972306839150296,2.164023644166037,1.373509410196741,17,5,1
211,383,137,0.030140376613337974,197.47848299071867,188.79762067728035,1.045979723061642,11,7,0
271,2,1,0.9486166490766197,4.580266891744857,2.4823769124783825,1.8451133946343223,12,3,1
8,1,1,0.09505920130759384,28.238546034965275,29.628622226889863,0.9530833333632704,22,6,0
1,1,1,0.06609738206496758,35.67560151490059,35.541988908391154,1.0037592889597096,17,4,0
5,2,1,0.051146754004261746,74.72243517733155,73.39308111466173,1.0181127981341045,8,5,0
2,1,1,0.05434698699813632,52.229612508872805,48.41461312157394,1.0787985102291124,0,4,0
5,1,1,0.06594900581245842,43.17039868166956,46.70157231309947,0.9243885493242925,17,6,0
139,352,237,0.024827490680091564,69.8596073218489,116.28273554887598,0.6007736831447821,7,1,0
4,1,1,0.043843984496152524,7.877856515564434,8.304273114530849,0.9486509423419288,16,5,0
5,2,1,0.059031317232506854,93.79193550718595,84.57348653000905,1.1089992780882452,2,1,0
9,2,1,0.018119445946918267,68.83466915562177,68.27687844212382,1.0081695403513617,23,3,0
9,1,1,0.09842407168016491,84.01702337621346,83.50954745976715,1.0060768610522144,19,2,0
225,213,204,0.041422226927719276,116.79904842961581,47.547667489487836,2.456462211431056,13,1,0
7,2,1,0.05992935663104787,50.252137881964785,54.602427481461824,0.920327908480369,20,6,0
6,1,1,0.037537735389931985,27.950575063729175,28.25728744014925,0.989145724724296,0,5,0
3,2,1,0.05965160006986309,35.224457651395205,34.88223798092547,1.0098107142855017,5,6,0
3,2,1,0.05321179724587827,30.305875935852267,32.727031060388676,0.9260197137935049,18,3,0
6,2,1,0.03839488942629726,74.99759902382151,74.63674383946989,1.004834819497589,2,4,0
225,1,1,0.9601730560483606,2.4686952577251686,1.5472021964405867,1.5955867070280285,10,4,1
2,1,1,0.08410449825125604,53.782306327476434,49.90094496176618,1.0777813199466288,13,2,0
5,1,1,0.05343855642352632,84.09785623864663,82.44684183840874,1.020025198824156,22,7,0
206,1,1,0.971078795560324,4.02960879332411,2.3923432448703377,1.68437735762391,7,6,1
3,2,1,0.06332834823329955,82.01846392979161,74.55070631066958,1.1001701793139584,10,5,0
299,2,1,0.8829428568219005,3.7098670757378476,3.3960216019992617,1.0924156293805147,15,7,1
8,1,1,0.09765019736460125,66.24386717686701,63.3008760643763,1.046492107147107,3,6,0
277,2,1,0.9737981927262751,4.263282093051867,3.836997424183749,1.1110985027462723,8,4,1
4,2,1,0.046735728833161176,64.51613579722195,68.32538247445926,0.9442484397557342,12,6,0
1,1,1,0.04448054950587818,68.50641899342338,70.28649669083487,0.9746739732207538,5,6,0
4,1,1,0.026512326144573953,52.030314837185564,55.63637459301663,0.9351852132312788,7,5,0
2,2,1,0.08806684625501485,42.73800248934934,40.76094878312559,1.0485036233268992,4,6,0
100,377,229,0.030108438469444165,108.74327752667057,161.43549029961193,0.6736020519704271,7,3,0
4,2,1,0.06162173962941392,52.3929180096187,57.51888995269445,0.9108819390066197,2,3,0
6,1,1,0.020802456273324887,37.08252359880133,39.37922419549979,0.9416773528778426,14,7,0
142,364,177,0.019324686143195685,58.027325048875355,133.88186627144478,0.4334218416945672,20,6,0
4,2,1,0.05415062821224879,85.12564059235967,89.58184370407879,0.9502555101853053,15,3,0
1,1,1,0.06511977120953465,86.34708716444241,79.65316695439189,1.0840383435586856,7,7,0
445,235,102,0.03940594699726095,170.38750801579332,49.27739927418211,3.4577211972520714,7,2,0
7,1,1,0.054667949988878695,72.3832280071782,65.86925627789776,1.0988924438709078,18,2,0
5,2,1,0.06152282028002035,47.10210713874265,48.35215977055771,0.974146912201092,9,7,0
8,1,1,0.02466884297439973,71.05530021431653,69.76845941893312,1.018444449054786,17,5,0
1,1,1,0.030065564056074412,59.91712967255901,58.430446382889166,1.0254436408020529,6,4,0
129,1,1,0.9497200065800627,2.356523261938811,1.6762623889206432,1.4058200419662177,4,7,1
8,2,1,0.02863660678871586,77.60320101588212,78.21806437941603,0.9921391130244368,3,7,0
3,1,1,0.08415157240621232,6.047702607417939,5.820464145461063,1.039041295724514,16,6,0
1,1,1,0.005427118538937359,61.67990057392841,56.583449622165574,1.0900696402533645,21,1,0
1,2,1,0.030532589903326635,90.17429487208136,92.72430217274095,0.9724990402633709,1,6,0
7,1,1,0.021305735073300615,63.52877050924938,61.94368205352273,1.025589186873926,12,6,0
5,2,1,0.05587069945960965,10.653682043577565,10.170705628285134,1.0474870115156272,6,3,0
153,288,161,0.014817403844029037,150.60228456079068,61.368687522656494,2.454057445911489,21,6,0
465,85,211,0.03571077184286569,32.51157886074552,194.98999227332428,0.16673460253884675,12,7,0
2,1,1,0.01509159827135298,80.30436134048955,86.52895248096567,0.9280634867058469,21,6,0
8,2,1,0.0072547012986651895,68.9544033715019,73.43910033153271,0.9389331168303376,16,1,0
5,2,1,0.07356426600113652,51.26652384904275,54.477675853613405,0.9410556350972218,8,6,0
53,1,1,0.926825493390083,2.440568456555752,2.662588311826682,0.9166150267073725,7,6,1
6,1,1,0.08151802319698892,97.99132144193229,105.44359619083441,0.9293245392027903,8,2,0
3,2,1,0.016019641320544276,5.73947717555188,6.029873619212933,0.9518403764324735,21,7,0
7,2,1,0.009972620385336795,39.51582517905595,39.52650230470578,0.9997298742608814,23,7,0
6,2,1,0.06470701662588739,49.1058750858123,49.059888876858075,1.0009373484124608,1,3,0
198,2,1,0.9274996389765812,3.9440694734613437,2.8921110328364064,1.3637337670238894,11,1,1
6,1,1,0.008852231521472843,62.85491554993321,60.19253178239703,1.0442311311503063,4,4,0
2,1,1,0.08225178019983485,25.780330694888843,24.455059066877197,1.0541921254161533,15,2,0
4,2,1,0.049064749934072685,96.7794879094908,103.21025147917061,0.9376925888899937,21,5,0
2,1,1,0.03574831034918829,74.29547892835792,81.18926331502232,0.9150899502571438,19,5,0
1,1,1,0.060411562498094956,68.71679204385991,70.12584209802965,0.9799068358822699,15,3,0
4,2,1,0.029029451569891465,79.7216473114545,74.29085349049195,1.0731017825990867,4,7,0
8,1,1,0.011567522364811657,94.89512683529279,99.3241009430884,0.9554088678805825,1,5,0
193,185,182,0.0393146446298139,178.7100542329269,170.96550325310906,1.0452989102038455,16,7,0
1,2,1,0.08909953746442649,52.13671297960595,55.52271266026754,0.9390159536804362,17,1,0
2,1,1,0.005133437132367758,41.11426348597865,39.77589348643751,1.0336477670827806,17,7,0
109,306,235,0.04764551567817549,92.97271295316634,80.69958378384068,1.1520841693830797,10,5,0
6,2,1,0.01806549020911703,43.62394175102164,42.36427425211826,1.0297341928108303,7,5,0
8,2,1,0.0738992063156244,42.7043579313673,40.6795243741743,1.0497752515139651,13,6,0
8,1,1,0.039850202880398033,6.821426521240333,7.193191328108787,0.9483171251936938,21,2,0
9,1,1,0.08278286070661928,7.147421739126529,6.781248931031417,1.0539978419638134,6,2,0
94,2,1,0.9106330065839824,2.7979310484043194,3.929811376755838,0.7119759144048498,1,1,1
161,361,170,0.046071681451222674,96.15359410336691,70.17604390435325,1.3701768973243902,18,1,0
486,242,68,0.029767786125515595,176.9968152198011,28.564974658300237,6.196288193393179,12,3,0
421,145,124,0.045670646908201606,69.60020062182117,164.14570904182986,0.4240147429262662,5,5,0
8,2,1,0.07916950992017467,23.34998635649309,24.134193189971064,0.9675063994348131,1,4,0
2,1,1,0.04163494987964317,84.13329709635158,92.33070441383074,0.9112168874967316,20,5,0
8,2,1,0.024929535000461134,26.364244121425518,26.466794631882326,0.9961253143086215,14,2,0
88,2,1,0.9895993755950696,2.0817847418857056,2.500888985674896,0.8324178937210641,3,3,1
8,2,1,0.011805450726005196,10.346123870567872,10.164019653354176,1.0179165550072113,0,4,0
3,1,1,0.05150843761717851,70.1421867821772,72.23989312413353,0.9709619401242506,21,5,0
2,1,1,0.05132385720964592,60.78201717289119,60.49621280213424,1.0047243349214559,22,5,0
9,2,1,0.0819868147527005,57.624464716190566,57.05493323637462,1.009982160130771,17,6,0
1,2,1,0.027479026442179977,15.392992918731725,15.885017138700757,0.9690258930366332,14,2,0
102,258,89,0.02614907575529163,40.611115364416655,92.15214241762621,0.4406963777398717,14,1,0
4,2,1,0.06718920156363727,91.60372952282567,91.6433391726695,0.9995677847380791,15,6,0
287,2,1,0.9249965897443628,1.5636157747519341,2.044761174538462,0.7646935956248627,16,6,1
2,1,1,0.0017430545502045926,74.72006023546136,68.34765396320981,1.093235186619305,10,4,0
384,129,289,0.036796769596872274,44.88959498200555,193.9120444702166,0.23149461965937987,23,1,0
4,2,1,0.026828219553948787,84.99230071617032,81.82336502885308,1.0387289826836112,4,6,0
7,1,1,0.0018355724379141793,34.61887644647709,35.573126245550235,0.9731749806725938,7,6,0
9,1,1,0.026536973312034397,70.35646981127735,74.47171357395801,0.9447408476965713,12,1,0
214,2,1,0.8659722644927059,2.9674274855725895,3.4211694891603344,0.8673722523758658,3,6,1
1,1,1,0.019740373373054256,59.67442061178178,64.74990483129305,0.9216140281173303,22,1,0
90,1,1,0.9826857980587393,1.858226085320009,3.085137640027458,0.6023154562736042,5,5,1
148,2,1,0.9649038849278945,2.355204679708452,1.9390661639200057,1.214607692884075,23,3,1
2,2,1,0.02567695155379132,8.313629052902627,8.164431233201142,1.0182741228923287,3,1,0
186,2,1,0.9147476281276572,1.2089823348033115,1.738859686411916,0.6952730828431648,8,4,1
8,2,1,0.00011314751208701956,12.487717338064481,13.144568517034335,0.95002869983,1,5,0
4,2,1,0.08689513946008064,93.733466612606,90.49854776639899,1.035745533227309,2,4,0
9,2,1,0.09714842150423107,49.307393649236154,47.38788850480457,1.0405062391466748,9,3,0
333,220,245,0.0007867990186772201,66.71940475969787,139.04877401209802,0.4798273500339737,17,3,0
5,1,1,0.07648861601652962,7.104879794543135,7.107313665879499,0.9996575539717562,9,4,0
5,2,1,0.04754162371040143,99.47275841183053,109.02186683007164,0.9124110722381505,18,2,0
9,2,1,0.0364386310139785,6.151851258335759,5.8432430213833095,1.0528145476447068,0,5,0
166,2,1,0.8522424956656358,4.560075604595059,2.1123837709148905,2.1587344437038793,21,3,1
273,185,294,0.03403019350595767,162.19545672257,166.73714796181696,0.9727613714474291,8,7,0
2,2,1,0.0645951531112045,97.42496699183101,88.7684766585822,1.0975176172791954,6,6,0
215,1,1,0.8617790778912359,3.2421574096670835,2.3301847270595513,1.3913735559319136,5,5,1
361,323,267,0.03464858968868337,20.904590605756148,97.008222194885,0.21549297711857662,7,7,0
89,1,1,0.8929090077488928,3.0673470709379966,2.1584090474951982,1.421114813476902,21,2,1
7,1,1,0.04183747051078475,78.96356551694215,82.66545078672999,0.9552184711441495,16,2,0
6,1,1,0.021722409915108144,72.84253939220451,70.94781945540257,1.0267058233973345,19,7,0
7,2,1,0.07170479387071048,13.005703122172726,13.816899258812471,0.9412895671130872,17,4,0
9,2,1,0.08309224908218506,8.951615844364603,8.097829825134173,1.1054339295425097,14,6,0
5,2,1,0.09173489015067489,42.190574381731494,45.10130529179673,0.9354623798306199,21,4,0
4,2,1,0.03281471805150687,91.27801159116777,83.92012984438234,1.0876771968826733,18,6,0
2,2,1,0.012251914253709384,25.14264579771175,22.776933868533757,1.1038643718611405,17,5,0
217,1,1,0.9421136106963552,3.1276427875252097,1.7296258430730025,1.808277090707878,1,7,1
4,2,1,0.056777695643187825,98.25000782763647,106.07354140451238,0.9262442502316313,22,7,0
144,159,88,0.04119901945785327,141.87822974432564,55.805124712748025,2.5423871100482502,23,4,0
4,1,1,0.042740828790431534,17.80579369985032,19.278936802243358,0.9235879489878498,17,2,0
3,1,1,0.03535911459573186,80.72973505250403,79.80699736927819,1.0115621150230247,10,2,0
396,387,260,0.029404312292734887,122.72413908383264,107.16791565975059,1.1451574692697373,1,6,0
5,1,1,0.05997190111102774,21.869340250003678,21.010894679095724,1.040857164057942,17,3,0
2,1,1,0.006043654494056406,47.109076940121405,44.15293467172372,1.0669523394169957,2,2,0
386,98,245,0.028974709139513062,139.72391483307058,99.00357323712299,1.4113017365385236,16,3,0
3,2,1,0.047921625743351626,69.16342152785293,66.72373888747758,1.0365639378286282,6,1,0
1,2,1,0.04850719855631738,91.0803626614686,97.1831766472767,0.9372029789892743,13,1,0
278,1,1,0.8825710606056507,2.494563273866794,2.332280240578508,1.0695812752107494,4,6,1
182,238,287,0.0016054790241029127,135.89622695992273,157.33079813208101,0.8637611235267254,15,1,0
181,1,1,0.9891715092471545,2.330626399283566,2.758023541878858,0.8450349911429201,10,6,1
5,1,1,0.0966056132765199,62.39034560933048,65.50033377026834,0.9525195066662464,6,4,0
2,1,1,0.015214788691951654,91.66181408996201,98.86269176795803,0.9271628402057138,21,1,0
2,1,1,0.09361481045130232,96.14108616676002,90.52856176968965,1.0619972778463993,4,1,0
336,87,87,0.046097781506637514,45.3386823988184,60.48142503147331,0.7496298636354065,7,3,0
8,1,1,9.430425274903342e-05,76.92930512920672,84.39463761439494,0.9115425731277165,15,5,0
5,1,1,0.04098476731183501,54.868738003129415,54.617765842962044,1.0045950645599266,12,6,0
488,225,232,0.0291597580941523,61.393054772186154,46.66410596294895,1.3156376513659538,12,6,0
69,2,1,0.9849785922773793,4.273610589991294,3.9759360739471563,1.0748690397702036,21,6,1
6,1,1,0.027413616719193835,24.25240758909095,23.97182718713096,1.0117045897156567,2,7,0
283,2,1,0.9335428137496262,3.6231851195988796,2.7425591194430163,1.321096451089342,13,6,1
1,2,1,0.006309468118321571,15.246298734583878,15.704452205946282,0.9708265232461321,6,4,0
9,1,1,0.08279120621490643,41.36829975653286,42.105637873323616,0.9824883755707713,16,1,0
1,2,1,0.0972095993212311,63.667944754913755,69.79809467128429,0.9121731052224188,21,4,0
4,1,1,0.0511902121269624,35.363721923266766,33.0128942053404,1.0712093796837139,16,5,0
7,1,1,0.049211665708586164,13.953091308429935,13.036914570233098,1.07027558041139,17,6,0
70,2,1,0.8515789069464552,4.961496837418549,3.2075457962354026,1.5468202646527152,21,3,1
8,2,1,0.08467830271688292,62.07027857278737,64.3275639631902,0.9649095154342467,6,2,0
9,1,1,0.04603213900573984,8.747935527655686,7.898459622672294,1.1075495660628556,23,4,0
8,1,1,0.0031856762528260085,49.58378465420067,53.79466592603344,0.9217230705062349,11,5,0
2,1,1,0.08547461320307251,85.28275558487265,84.94595694504292,1.003964857798325,6,7,0
4,2,1,0.07955818365422829,44.62024744210703,42.202870699061194,1.0572799125510581,15,3,0
298,1,1,0.9330296328035774,3.4644432016628843,2.6858139263757277,1.289904400167382,15,6,1
176,1,1,0.9127670184574341,2.3782476319515014,2.745376800627871,0.866273668302141,21,1,1
3,1,1,0.05131415015132771,28.02978731928503,26.260162289039712,1.0673881985483353,20,7,0
477,154,153,0.021982786702958248,100.33160032538323,93.965882544891,1.067744990076064,9,4,0
6,2,1,0.03330855480938729,19.014764246847946,17.480464739854444,1.0877722377423633,8,5,0
1,2,1,0.06799785486507615,13.146349836554913,13.04359999844685,1.0078774140666915,19,5,0
204,1,1,0.8867259326214281,3.866214559115998,2.9948235670495746,1.2909657188670036,7,4,1
161,1,1,0.9942966482101189,3.891604029791112,3.1114078865795554,1.250753411848308,14,5,1
7,1,1,0.03312138146231214,16.272291803643967,16.501364423175666,0.9861179588755719,12,6,0
393,204,278,0.008315585010454119,146.96850073653513,72.48398901678753,2.027599511700394,9,3,0
8,2,1,0.06309704448700582,49.933193230219906,51.65203814898557,0.9667226119169235,17,5,0
4,2,1,0.038279430814535026,60.96767329982363,62.7682847118976,0.9713133564133757,2,6,0
221,1,1,0.9020570538930666,2.6762987325017638,1.5423033586623578,1.735260911850002,6,4,1
4,1,1,0.026670343063721427,96.86357671266356,90.27828912070218,1.0729443109312455,4,3,0
177,2,1,0.9548541121063142,2.0116472222251485,1.6012195608207611,1.2563219132759085,9,2,1
179,1,1,0.9381828537894672,3.0055859143812973,3.6834604109276188,0.8159680243785734,10,1,1
7,2,1,0.06690800168622833,94.52177701882852,100.62953849369904,0.9393044868703937,2,4,0
9,2,1,0.031014722109080208,47.87698888963924,46.768102145308326,1.0237103216394288,9,3,0
182,1,1,0.9883346304758095,2.920946853884107,3.0593556137488527,0.9547588520789372,9,5,1
7,1,1,0.07488274636039875,68.38526271548122,75.10659978226386,0.9105093682010904,7,5,0
4,2,1,0.06677772264457614,10.63713192660704,10.972346897823616,0.969449109261842,10,5,0
6,2,1,0.08209096340706161,79.3386407795538,80.03971119223861,0.9912409677366153,21,6,0
323,218,73,0.013963263902049489,86.23731389362159,33.97373934496312,2.53835213774921,13,1,0
221,1,1,0.9862387832015599,2.237926316779468,3.9410330559601405,0.5678527139971551,8,1,1
98,1,1,0.956390801750472,3.128444535348015,2.694692692806827,1.160965234996569,11,5,1
122,133,102,0.01266226815201254,192.0118483606441,25.153614890417508,7.633568741397593,6,2,0
9,1,1,0.05507432808910722,32.55876517032105,33.29749407051651,0.9778142793979933,12,6,0
9,2,1,0.09982774288732464,79.1494547076126,75.77472180766746,1.0445363944523736,5,2,0
9,2,1,0.08295224152883747,97.6315476468781,104.9241003858351,0.9304968761977443,13,2,0
2,2,1,0.057832910270430415,70.47682495448043,64.93570264234295,1.0853324455832447,7,1,0
3,1,1,0.07861826691982132,40.81024731019585,37.548427038523066,1.0868696914607447,3,7,0
169,1,1,0.993649521221346,4.470821839066752,1.505352298363688,2.9699505185108612,5,2,1
199,373,193,0.0303158473687266,85.70455472698815,182.80530691063177,0.4688296864865451,8,7,0
3,1,1,0.04935003640726167,21.9478339332152,22.005203037737143,0.997392930007346,18,4,0
3,2,1,0.06581624765263336,46.27020963950446,44.84909278513303,1.0316866354728698,14,3,0
440,292,237,0.028455349018140192,64.27866801282576,109.48528347539624,0.5870987037931047,20,2,0
4,2,1,0.07455030853527726,53.00654316690863,54.57245265671112,0.9713058619583608,23,1,0
234,2,1,0.90991024881117,3.5800392619662693,2.488512526324269,1.4386261769211472,17,7,1
2,2,1,0.015397412974382907,80.40315544959518,84.98939755428822,0.9460374795366268,12,1,0
8,2,1,0.08256714459794781,71.29071814093976,65.33413941015252,1.0911709985707967,14,4,0
3,1,1,0.04482265821082246,62.097458361425545,59.95356447767654,1.0357592397120488,8,6,0
286,122,152,0.005178828305150752,170.79123775207813,47.49507770017099,3.5959776469944225,12,1,0
2,2,1,0.03631891960908492,32.27946502657473,32.28420950201062,0.9998530403714672,10,4,0
6,1,1,0.08529839690301366,97.42137744748257,92.87484241122415,1.048953353978547,6,3,0
9,1,1,0.09937731027679317,74.24570290012124,80.96480983150852,0.9170120087310766,12,7,0
271,2,1,0.9188738695563867,2.0071538133875375,2.4258004386263057,0.8274191814905263,8,5,1
5,2,1,0.002049204687797446,6.596691583008537,6.623358957766968,0.995973738562492,2,7,0
281,1,1,0.8654888214154124,1.2083516277086037,2.5901039572823756,0.46652630459529776,14,6,1
438,386,103,0.02177180644510178,73.03680255125008,29.003387762393544,2.518216256307522,15,4,0
106,236,296,0.012239475951471242,28.900538602282506,172.7754861017423,0.1672722169930047,7,2,0
112,233,67,0.012323895478836812,21.621019567605543,62.384855061957886,0.34657481445027805,4,3,0
2,1,1,0.046256330831379956,62.13150116302944,65.73175153012622,0.9452281388630469,3,3,0
9,1,1,0.006212577072009573,77.82294296484156,81.23487896213051,0.9579991249955637,13,7,0
8,1,1,0.012158734953352691,57.82544684318884,55.82442759321701,1.0358448682098975,8,7,0
1,1,1,0.06202788171008429,56.69900020079464,59.41824310890559,0.9542355551791233,7,7,0
6,2,1,0.04322712877881686,44.212491911135395,46.54908338603316,0.9498037060038255,2,6,0
5,2,1,0.0030783102237640137,76.0976538399256,80.03637925738822,0.9507883108405477,14,2,0
6,2,1,0.03357865835028362,5.301558327527805,5.78884850333748,0.9158226069435511,22,5,0
239,282,289,0.036897656012646926,158.11009418965668,182.96717388723692,0.86414459397564,2,7,0
72,1,1,0.8944752356535909,1.637132149397834,2.5884734903200335,0.6324701240017035,19,3,1
7,2,1,0.05098899482056102,14.958150889372726,16.030026061284378,0.9331332857592516,17,4,0
6,2,1,0.004657994208654159,71.98574893070452,77.02905231102453,0.9345272565478752,14,5,0
65,2,1,0.9445010703169785,4.38167680680308,2.2420005126295974,1.9543603055040781,7,4,1
95,1,1,0.9964724164301306,4.607353265766685,1.8184300900834023,2.5336983208165944,19,7,1
7,2,1,0.04722809643288011,57.614427837710956,57.95752077899831,0.9940802688473231,9,4,0
6,1,1,0.08026758125262869,18.255044153168583,19.265527555906928,0.9475496635217485,18,5,0
9,1,1,0.08597287835022326,71.51788463293504,72.20073610049513,0.9905423198648605,19,4,0
4,2,1,0.019370029278570202,24.79644950583841,25.596402617026005,0.9687474398978437,12,2,0
2,1,1,0.06487469372366543,87.76276940328019,92.12139853956263,0.9526860294634956,15,7,0
3,1,1,0.09304775919636682,61.44153931742288,65.14042127928552,0.9432167939779832,23,4,0
113,2,1,0.8759184477823695,2.4305621983556454,2.2268596647266845,1.0914752450976575,7,4,1
299,1,1,0.975723880210163,3.1008088009231884,2.0208173671500993,1.5344329731766755,17,6,1
5,2,1,0.03683103820867317,39.5826095753838,43.219773203722745,0.9158449163720818,8,6,0
268,126,92,0.028593484468586606,180.97452079735666,105.5355895022509,1.7148198219283814,15,2,0
2,2,1,0.08914538731447494,85.52971380641058,93.955928028922,0.9103173753984143,4,3,0
172,2,1,0.976663949968013,3.276566281817073,2.455911494791777,1.334154870306055,19,4,1
8,2,1,0.07306369212628776,84.09019313527631,87.70288765304461,0.9588075761876822,16,5,0
9,1,1,0.00033878479826391364,28.30255889614608,29.460620540902678,0.9606911998629234,22,7,0
76,2,1,0.8806890421437663,1.726031846485982,1.534954282428412,1.1244842053245203,6,4,1
133,2,1,0.8782299972519794,2.141111987763519,2.6898167434124085,0.7960066398602379,12,7,1
1,1,1,0.010401245428508033,41.832132997453314,39.54056200538973,1.0579549423640267,12,2,0
6,2,1,0.006834837144819472,95.73436283574017,89.85655988127901,1.0654131758685963,6,5,0
367,303,269,0.03722784285522897,44.00336121565043,43.939745673435056,1.0014477904057109,3,2,0
1,1,1,0.006500548941080631,40.04351370763118,42.70861001253313,0.9375981493164994,13,2,0
446,309,163,0.03810358267198629,195.05260678875368,26.760092553234117,7.288936179900484,13,1,0
2,2,1,0.0329077416890032,14.012717704142078,15.405158345580277,0.9096120526513323,9,3,0
238,2,1,0.9597030957666067,3.097797577889008,3.952266395725324,0.7838028279772616,6,1,1
2,2,1,0.014531645633662604,80.86138695179828,86.6279067340132,0.9334334627301946,12,3,0
1,1,1,0.03939442646905847,63.07515177004273,57.32871767985129,1.1002365711768063,7,5,0
6,2,1,0.08318880637567296,21.596464871259226,21.66340301036528,0.996910081990626,21,2,0
4,1,1,0.028487120683547654,76.48494363889719,69.30462120748119,1.103605247475776,13,3,0
1,2,1,0.0047865598906107094,43.746702431136775,45.54061927784964,0.9606084222138498,12,1,0
180,272,86,0.017677442710216856,106.84126466860117,127.52287417601356,0.8378203938623076,15,6,0
386,283,148,0.010696689140052363,21.0446783917294,74.17238880056104,0.28372658252002014,15,4,0
145,174,211,0.025120139674006337,185.05617482333048,147.2177507350936,1.2570235172002053,21,2,0
9,2,1,0.08974828847954247,86.96491183878211,87.12289763188137,0.9981866329358466,8,5,0
8,1,1,0.06716660572094706,23.637157659107974,24.44771376266136,0.9668453209399345,21,7,0
5,1,1,0.06447936024607497,44.02687992556244,44.25305530550831,0.9948890448719432,10,2,0
7,2,1,0.0063911320949141094,20.769473764136897,19.94265046956076,1.0414600504500717,2,2,0
494,360,84,0.012807544258687444,65.82967927315505,190.79549226106337,0.34502743483625403,2,7,0
291,355,155,0.024702143346786665,29.939172815073015,191.83475240481005,0.15606751352276002,8,2,0
4,1,1,0.09247474758643617,85.92449683779866,86.34136688769159,0.9951718386571853,13,7,0
3,1,1,0.02554282810460905,53.13566409559838,58.09225763357418,0.9146772093238263,14,7,0
262,1,1,0.9212869789880801,4.4184302509334845,2.6784202754324937,1.6496403837220899,16,3,1
6,2,1,0.013233055612009138,69.31496250974966,71.74163252204649,0.966174870476343,14,6,0
288,376,63,0.03129291985350586,162.84641549641825,70.5062388753864,2.309673840129737,10,5,0
451,115,128,0.027838435994874535,94.02593382385922,102.86070168849234,0.9141093953316719,11,1,0
9,2,1,0.003868495825719154,76.58287060519426,76.96735334695576,0.9950045996771083,15,2,0
1,1,1,0.028088327306759975,91.47106163397964,87.88740851561501,1.0407755010517568,18,5,0
6,2,1,0.09321617192136324,40.5809344828489,37.17846023172617,1.091517352518522,19,6,0
8,1,1,0.06945419740372741,10.27097449645151,9.828378917068166,1.0450324090186147,1,5,0
2,2,1,0.08427872461139291,50.74624753117457,51.06485067218468,0.9937608132244347,8,1,0
2,1,1,0.09558308296829901,81.03426209737664,83.75657670456935,0.967497303324669,9,7,0
359,339,54,0.008018711758333602,136.5654059843253,187.29663410477255,0.7291396700056633,10,7,0
8,1,1,0.08901151363098093,86.60940132213233,79.27752353946359,1.092483688381348,17,2,0
2,2,1,0.027490833748224076,73.0957830864402,74.48337526174298,0.9813704444726542,17,7,0
4,1,1,0.010671385999376871,92.70483940785806,98.36004410764875,0.9425050613681971,2,3,0
4,1,1,0.029671745157904095,60.53909084676859,59.58067698645222,1.0160859847318333,6,2,0
269,2,1,0.8538710752286847,1.0811198950696799,3.0557883911356605,0.3537940971979051,13,1,1
2,1,1,0.03394939150599428,69.61506194209348,63.46295324053641,1.0969401577994555,2,2,0
9,2,1,0.008084680164325397,88.11866581331164,94.44120227706104,0.9330531980607252,4,2,0
2,2,1,0.0661000298820853,42.50481337121782,44.58050190440181,0.95343954319682,1,7,0
271,2,1,0.8760341020109228,4.651355432775901,1.7313886146525705,2.6864884020906343,9,6,1
6,1,1,0.0246617422690674,68.49426670115244,71.78403802516101,0.9541712696232626,23,2,0
101,2,1,0.9186886869791346,3.277340807104376,3.231533608562752,1.0141750648732992,8,5,1
110,2,1,0.8949828610083708,1.8553555579810572,1.5944574201614878,1.163628162483728,4,6,1
8,1,1,0.01749460136910298,61.65661474830678,65.79614845278724,0.9370854707787216,7,7,0
264,162,88,0.028204246084431256,115.945501067886,44.82178791146011,2.586811157487112,9,3,0
7,1,1,0.06758918887082935,99.39536760682948,91.28664238432303,1.0888270727317164,21,2,0
7,2,1,0.08606518873876169,54.573206370245465,51.227605224770684,1.0653085603122638,9,5,0
99,1,1,0.8563008651128218,4.627491327276211,2.7111820225829817,1.7068169118602865,20,5,1
1,1,1,0.04691660485673987,83.95708558818585,75.82134945875205,1.107301389219665,0,7,0
6,1,1,0.09451897611270066,62.80793823222472,59.72566211160225,1.0516072323294297,19,4,0
286,249,101,0.012961274357257913,42.02094367318543,189.63251565625825,0.22159144768904326,6,1,0
5,1,1,0.07727441445464123,20.996603338790177,22.119904120984977,0.9492176468735625,12,5,0
5,2,1,0.013214337816986055,61.570505633238945,60.94671085897909,1.010235085133687,0,7,0
2,2,1,0.010815075602366575,28.901902127658396,27.5837737003206,1.0477863704095889,21,7,0
2,2,1,0.004912689389185232,36.80063552093941,36.86900367301328,0.9981456468777887,16,5,0
132,2,1,0.8568325233948029,2.2009084461655455,2.8277735563603885,0.7783184906072615,3,3,1
3,1,1,0.044184808717385705,53.10528497184489,51.840159064884816,1.0244043600517623,21,4,0
3,2,1,0.01052418980776524,78.05029438014262,80.99477767459396,0.9636460105331587,6,1,0
241,381,192,0.023527234247561136,76.61316299763894,146.03376094948217,0.5246263774863809,7,5,0
162,147,255,0.0035973179619720186,28.28812880808174,83.54436848455796,0.33860006749958754,5,3,0
3,1,1,0.05323306025871027,32.76756640737905,33.78845502357414,0.9697858746283955,15,3,0
4,1,1,0.04336225869016739,59.10362758772001,63.55537521179711,0.929954821142323,11,1,0
5,2,1,0.0746082156572893,24.456144869220857,23.82549296434161,1.0264696267071205,18,5,0
294,2,1,0.9465331700434628,4.608704639909935,2.770867937268358,1.6632711281265165,0,6,1
124,1,1,0.9923463497447351,4.760487573242131,2.4558154114006006,1.9384549633260626,20,2,1
8,2,1,0.09859743176855196,77.86619034817309,84.74916340063679,0.9187841770198291,16,6,0
154,384,83,0.007998145873382712,22.561080271249878,160.77620263224978,0.14032599291360795,8,5,0
2,1,1,0.0832040739218776,34.43477829512943,37.486035808774886,0.9186028224160422,17,5,0
213,2,1,0.9369172628873035,4.608777160489514,1.5297611721196258,3.0127429330054354,9,6,1
1,1,1,0.006489921723172476,64.46363850062716,63.391598387357256,1.016911391107685,0,7,0
59,2,1,0.9910602058393279,3.21805022276386,3.0005465276549232,1.0724880261326681,21,5,1
3,1,1,0.09054686921374157,80.58012373046103,81.93118282663823,0.9835098304508069,7,3,0
6,1,1,0.06400903965861701,62.72423970897418,58.376908362503194,1.0744700510598362,15,4,0
1,2,1,0.026518087513032286,84.34832703511023,81.4314185953258,1.0358204301251344,17,7,0
5,2,1,0.07613886651049474,98.85765549285017,89.13173637700014,1.1091184746442317,5,3,0
6,1,1,0.018059620790472363,8.651172316129543,8.261963769156958,1.047108479030803,22,5,0
1,2,1,0.06679337354557424,45.79478475096406,45.257042264357516,1.0118819626670577,16,5,0
7,2,1,0.0696547064285704,30.75928431183586,29.508681380166408,1.042380847709109,7,3,0
7,1,1,0.039388463494161696,33.346148788339555,34.397178263965344,0.9694443111711041,12,3,0
5,1,1,0.04627599408939731,56.660857006437745,58.59819257563905,0.9669386463293971,5,3,0
9,2,1,0.0343353386416052,68.49469652609113,64.77101957123779,1.0574898616619413,5,3,0
268,2,1,0.9019751331048618,3.382722543292461,3.9274383246501503,0.8613050705497173,8,5,1
7,1,1,0.09006565507683997,59.17260663481957,57.58673827083705,1.0275387773574534,7,5,0
8,1,1,0.05458594010197623,37.12363613129864,35.274079975744215,1.0524338595599445,3,7,0
5,2,1,0.08815444504059321,55.624581197201884,58.50711817538237,0.9507318584801986,15,4,0
7,1,1,0.0866788598150242,46.44618728575882,42.21225265575899,1.1003010823546324,2,7,0
209,193,100,0.034711340802085225,180.6681421509573,134.07176091037462,1.3475480662309776,6,4,0
4,2,1,0.022557994416109506,90.94232592883881,90.48929979675081,1.005006405543037,20,3,0
254,2,1,0.8959898614787313,4.337111596221822,2.27198007450149,1.9089567047252631,21,1,1
4,2,1,0.07245406740609814,66.28802677389346,63.40272198569008,1.0455075854449056,9,1,0
5,1,1,0.010816035223518218,53.34324388388679,52.9684641758486,1.007075525293578,9,3,0
195,1,1,0.9403152745191025,2.819841269572044,2.3904463358210526,1.1796296061185185,16,2,1
80,1,1,0.9526712652817717,1.0763906224128177,3.2671821138585964,0.329455348646477,18,7,1
1,2,1,0.006834761818969116,83.50788350574018,79.53172652827264,1.0499946015387214,15,5,0
146,1,1,0.9254341116910628,2.8524721358018015,1.8940283726571703,1.5060345330519054,17,7,1
371,345,153,0.025500968986401584,149.42308781214825,164.1410144073007,0.9103336442247684,18,1,0
9,1,1,0.0596641405393735,73.8235458158872,69.17661969861855,1.067174807579698,3,7,0
8,2,1,0.013338861709325956,15.501429619589858,16.810037532049346,0.9221531831820989,14,6,0
2,2,1,0.07584557473091266,40.3212841710809,38.257597078391356,1.0539418899849085,14,6,0
1,1,1,0.013905912579392955,25.803121839697965,26.204427820752368,0.9846855659738316,9,2,0
4,1,1,0.01907543297432639,88.88267248393524,92.5803930828913,0.9600593551634056,17,4,0
1,2,1,0.06050714851807668,70.41978254055161,67.35407633129863,1.0455162682979053,23,5,0
4,2,1,0.09898921622398747,43.65351094934373,39.38388024481389,1.1084106156627895,11,2,0
6,1,1,0.02538840109610682,77.54503197697774,80.46047736902052,0.9637654972058951,19,5,0
9,1,1,0.04525645034355827,88.71374725778588,87.31546565540486,1.0160141344020246,3,7,0
5,1,1,0.058110624469789644,53.06841626992103,51.992627506648695,1.020691179016386,3,6,0
9,1,1,0.04159165329327161,34.011240787004056,36.90589889349274,0.9215665193566367,10,3,0
440,338,128,0.038126755602701005,66.22642658310303,100.32720532578176,0.6601043691793573,5,2,0
8,1,1,0.05893763726481173,70.00172753436242,68.18067592790466,1.0267092043555475,19,1,0
259,1,1,0.97262473847885,3.031136747804484,2.73960007776006,1.1064157766716043,1,4,1
113,1,1,0.8675660847257917,2.1973871059387093,3.8994374544157964,0.5635138738923346,16,6,1
3,1,1,0.04174745560781662,77.01698263497593,75.37237273894166,1.0218197973112841,17,5,0
7,1,1,0.05223833054267352,45.922310044364835,47.282674389109765,0.9712291159008922,19,4,0
2,1,1,0.08693401079073552,27.581382229091737,25.271098283576976,1.091420005556947,8,4,0
1,1,1,0.013339923517748943,70.20536211340112,66.16673765361544,1.061037080004276,15,3,0
3,2,1,0.09985602484850686,46.1422297457453,48.01528740130022,0.9609903895836266,19,5,0
205,2,1,0.9362629542077673,1.4606556476181023,2.5445289572537506,0.5740377382832197,14,6,1
8,1,1,0.08891856998408762,69.18198747654188,65.71846582376887,1.0527024118618473,12,4,0
5,1,1,0.02936764133584362,44.49183993706826,47.04528723320529,0.9457236325611214,9,1,0
3,1,1,0.011163744532118536,48.567463568872476,50.48095591268208,0.9620947680325348,16,3,0
4,1,1,0.054353437837412366,84.85090859517341,91.35673827807504,0.9287865371999278,0,2,0
7,1,1,0.004204479607594469,61.83258718593017,66.22047555832134,0.9337381929773867,18,5,0
479,150,213,0.039999583627776746,188.4434313611815,92.58130508254324,2.035437188892184,22,5,0
2,2,1,0.05703860995762268,76.86537948983917,70.87878377639734,1.0844624497554565,23,7,0
258,2,1,0.8642878682356487,1.4776025683052545,3.457746690625375,0.42733106283098266,18,6,1
2,1,1,0.05941046382754252,72.27399678686294,77.0839565737734,0.9376010261965849,3,7,0
111,208,165,0.021194987599849915,111.65808534428767,190.10909961102863,0.587336879574649,5,2,0
169,1,1,0.958620396824895,4.248958154434989,3.197822078337155,1.3287037397166317,22,1,1
2,1,1,0.08216465971645001,16.617428512156955,17.775954606343138,0.9348262234100904,8,3,0
6,2,1,0.08083646901768167,30.023343135805227,27.04460309529473,1.110141754715888,11,7,0
5,2,1,0.02760751360694104,47.146336427330475,43.2523655326527,1.0900290850390155,6,4,0
390,329,234,0.04739686731898257,122.93886588789981,75.00135098385739,1.6391553522063895,2,4,0
7,1,1,0.07151056136180893,65.75761350584456,67.91139545364544,0.9682854116983799,19,6,0
4,1,1,0.06787132362153539,49.916424090708844,53.90733818972097,0.9259671459761835,7,7,0
4,2,1,0.07969876547589855,53.923082011592754,49.94069782594345,1.0797422615024117,14,6,0
8,1,1,0.09499550093322041,81.53550790111723,79.53862867494249,1.0251057789082028,8,5,0
80,1,1,0.8631600890894048,4.353650924669483,3.6387779384662693,1.1964596351555683,9,5,1
454,165,265,0.046440200999889505,75.26003291270011,91.7133827895258,0.8206003379617489,22,1,0
4,2,1,0.004992248566337909,15.977886389452184,14.60815655848276,1.0937647283204972,22,2,0
4,2,1,0.04183689101320072,93.24993987939921,100.91045624803652,0.9240860000691319,22,3,0
9,2,1,0.07680865413077163,84.41852266388011,78.04847727589507,1.0816165236058026,7,6,0
8,2,1,0.010016932623732988,38.48094742751036,37.73420771201232,1.019789463215901,17,3,0
3,2,1,0.05009386917498945,95.35889198351427,100.35776657626738,0.9501894595377012,20,2,0
1,2,1,0.04559244243194171,82.31346050937691,80.34938784685384,1.0244441521603946,20,4,0
9,2,1,0.07817458588152745,38.75727228085696,39.3329757508623,0.9853633380384975,19,1,0
1,1,1,0.014447569659460535,27.132360147413713,29.332737455269967,0.9249856133880566,17,2,0
7,1,1,0.06168840719663948,55.739660558157226,52.59894787923196,1.0597105608678028,1,2,0
9,2,1,0.027117778571120344,95.02223765273361,94.33551614935023,1.0072795648067074,11,1,0
9,1,1,0.05707437417333199,78.35448795670915,85.06176911725727,0.9211481111884452,8,7,0
3,2,1,0.0179693094651303,97.1678338090959,98.17167953506362,0.9897745894669228,2,1,0
123,1,1,0.9491676891018287,2.331082184196721,2.4552871612737963,0.94941325844239,3,2,1
1,2,1,0.01968117494603071,6.509872348300342,6.5579168604159515,0.9926738150028084,1,3,0
1,1,1,0.007596028696491686,71.06367911598404,67.54947598655714,1.0520241360588238,3,4,0
3,2,1,0.05721468777864003,59.09610489401119,58.038203235650975,1.0182276776223558,20,3,0
205,208,55,0.006498521830940629,109.40190924399096,93.32386609330098,1.172282223441278,20,5,0
68,2,1,0.8911678075307218,4.515732873809223,3.5834782852615104,1.2601535475691266,12,6,1
3,1,1,0.03074621730335261,98.56909755223202,104.76026054661209,0.9409016075172382,16,5,0
2,1,1,0.02440634510429253,15.857672154501373,15.963405133744477,0.9933765397571976,12,4,0
452,280,242,0.0433822016456,79.87657436014628,35.23289519361626,2.2671022043802656,1,1,0
7,2,1,0.08165756133592796,87.50811471511216,89.94827219644908,0.9728715469263538,15,3,0
1,1,1,0.0008349737513769662,15.48373037299817,14.676993072454318,1.0549661157814356,15,3,0
187,2,1,0.8691131175039098,3.182250176671032,3.644893638493771,0.8730707922621513,11,7,1
9,1,1,0.07148559742004092,74.16992677493552,76.6403557818636,0.9677659506962689,23,4,0
237,2,1,0.9144784553666818,3.5662811822603993,3.545530003426158,1.0058527720296229,16,4,1
120,1,1,0.9205373478489964,4.488118939371467,2.0626009976104984,2.17595111442829,9,2,1
4,1,1,0.017713545479300253,39.544636133259914,38.54387383230614,1.0259642376712785,23,5,0
112,1,1,0.9588953168992521,1.2069819186764046,1.5754800383429717,0.766104228109333,19,6,1
280,2,1,0.8790891730421021,1.646689342214846,2.1013377162898674,0.7836385981413064,1,5,1
5,1,1,0.07566227880899452,34.407551093251826,37.31245212349489,0.9221466061617025,5,3,0
7,1,1,0.08179146260466648,32.595752532849644,31.550827520102864,1.0331187830836133,6,6,0
7,1,1,0.04540553226095492,81.11494052314475,85.52220898023106,0.9484663865721117,13,2,0
7,1,1,0.06340303926050336,85.14696437020727,81.07909960686463,1.050171558182896,7,2,0
6,1,1,0.06706633160020996,98.29380832114329,89.70359104034759,1.0957622452030034,19,7,0
220,398,185,0.014396887408570752,180.07485028907934,178.5347438733541,1.008626368080029,19,7,0
123,247,63,0.01783981278274673,162.59906596796333,156.46325716943207,1.0392156529880168,0,1,0
131,220,210,0.039465022455407506,43.43500277666601,34.63023887135979,1.2542507413250334,22,5,0
4,2,1,0.03980431741040957,36.53109706526219,37.44017288372443,0.9757192408997282,22,4,0
1,1,1,0.0274969366452949,18.152050274226337,16.77164832065095,1.082305682016698,8,4,0
4,1,1,0.011887110559819626,85.71802087541099,93.57751232035729,0.9160108956728858,19,4,0
2,1,1,0.06746739920231619,10.285672636226757,9.51206496840443,1.0813290984020785,22,1,0
3,2,1,0.08957191747480014,70.72276568187982,65.37072359517548,1.0818721561022975,23,3,0
62,1,1,0.9126184106640612,3.8069241630231394,3.3908294662003975,1.1227117733198768,11,4,1
5,2,1,0.001102808426890034,93.02292593847461,94.94492616252172,0.9797566831453728,4,6,0
157,1,1,0.9811084844708469,4.991137551280259,2.1117154703081815,2.3635464253864926,1,6,1
186,260,74,0.008840083323203218,38.43206296328022,152.71674928635747,0.25165584746187,16,6,0
8,1,1,0.02387146839350636,70.5349219264166,71.45983684343537,0.9870568565802186,23,7,0
5,2,1,0.05179071606402861,71.91667745915075,77.53191421810057,0.9275751564297262,21,4,0
1,1,1,0.08595277052474898,92.83819057163234,98.89602602187207,0.9387454107721177,7,3,0
8,1,1,0.015637361253330696,69.96897747739567,63.248206641137,1.106260259273303,13,3,0
102,147,295,0.03392317745385803,191.72284474145368,111.98085743802564,1.7121037392266818,1,4,0
214,1,1,0.896463784488793,1.784862604681181,2.870300162454546,0.6218383108597431,23,4,1
289,2,1,0.8886610091967277,4.007195778074834,1.7374666124432803,2.306344046772668,1,7,1
4,1,1,0.01581326457193646,86.75742658322241,85.84720645217148,1.0106027926669698,4,4,0
9,2,1,0.01418288286876749,5.355783997572058,5.390229706268848,0.9936096028232843,7,6,0
7,2,1,0.07239226711930655,44.11983522473689,39.876383118168725,1.1064151704529777,6,5,0
2,1,1,0.04058877526047255,7.957895103404109,8.701801732318517,0.9145111952905642,6,2,0
202,2,1,0.9481459482301084,1.3201302790637466,2.1058245286343475,0.6268947203876797,14,2,1
9,1,1,0.04287514083413543,87.6321747523227,86.73754554771011,1.0103142093653146,18,5,0
199,2,1,0.9828885505625204,4.390445496862597,2.026700993318907,2.1663015468664883,10,1,1
2,2,1,0.03289957746879688,72.01624758398236,74.54755034550516,0.966044454180037,20,5,0
6,1,1,0.06676739510082869,7.494397786941074,7.30964401209962,1.0252753450832397,21,3,0
1,2,1,0.0030161371506838954,96.01828282080517,90.57911341551551,1.0600488258296197,5,3,0
3,2,1,0.0557219044930044,24.649898623638318,25.258789622568013,0.9758938964206872,20,7,0
305,122,277,0.049669305601433456,142.18070496263243,61.73212817899393,2.3031881316382896,14,2,0
4,1,1,0.050974245004262064,43.34099972268903,42.5121004988124,1.0194979597373641,3,2,0
6,2,1,0.02124147325232152,24.79105718416394,22.93361810773542,1.0809919772668584,18,3,0
3,2,1,0.056152459877314514,65.51097371197596,71.70155845969356,0.9136617825232128,12,7,0
7,1,1,0.047671193185681415,92.44486855831937,96.58610775031879,0.957123862960657,17,1,0
6,2,1,0.05862386720298945,57.60877344692858,55.84180212473833,1.0316424480399689,23,2,0
191,240,198,0.02202608719920733,65.45981853354891,154.18143443126368,0.42456355899796644,5,6,0
333,114,131,0.04311516180131995,82.14940899534291,81.18124780913001,1.0119259214700567,16,4,0
5,2,1,0.026197556427851754,98.04782249571825,103.87656111382591,0.9438878361431252,18,7,0
391,141,178,0.021880781436917504,194.28104917311384,191.748020499866,1.0132101946431809,21,7,0
207,1,1,0.9843374784986771,1.945894869465226,2.3635505004419963,0.8232931215564607,7,3,1
4,2,1,0.02997294847209249,83.22782677800949,77.47286010625778,1.074283648026657,6,2,0
111,1,1,0.9983611698210557,3.681054747310367,2.6587787008963772,1.3844908363638315,1,6,1
2,2,1,0.08787501388344936,84.395513296342,79.83411598465702,1.0571359406367276,9,5,0
3,1,1,0.06013676269900664,96.28127979455408,99.55841471551118,0.967083295467073,20,5,0
5,1,1,0.0028264701049977694,6.41647509470675,5.940889811340282,1.080052870608481,5,1,0
7,1,1,0.00729170119270054,81.30961180950042,76.67874860779345,1.0603930461279893,14,2,0
2,2,1,0.015397435116568393,40.79786258405723,41.84377784095323,0.9750042823362773,2,6,0
4,1,1,0.03768950168852138,5.129958514535996,5.07516984079024,1.0107954365005498,5,6,0
7,2,1,0.034755832731160195,63.40195193036161,67.6818286120268,0.9367647599151203,12,4,0
7,1,1,0.08095872708095529,57.59629570992731,61.589503491402795,0.9351641504622149,21,3,0
5,1,1,0.08230955802956337,92.763584604642,95.34509754207744,0.9729245340978736,22,4,0
5,1,1,0.018892506683912458,29.369440595951755,26.745751390391796,1.0980974199327411,12,4,0
121,2,1,0.9770824251640022,2.9181222108851554,3.8102048352269087,0.7658701663243711,10,1,1
5,2,1,0.09754382898535707,87.85395168659312,94.21133028751287,0.9325200208773363,8,2,0
100,2,1,0.9577409248242741,2.0590686949790173,3.053350053571123,0.6743637836646935,18,3,1
59,1,1,0.8691614145314034,1.0198899412893967,3.194682801171663,0.3192460737934132,5,6,1
6,2,1,0.010028647247890566,36.930306476008596,36.03815821173442,1.0247556564637004,15,4,0
1,1,1,0.027126858648317678,63.41874690212901,69.47127659269661,0.9128772352053784,3,5,0
4,2,1,0.06191471360491901,55.31087925063752,58.21232420317589,0.950157548384229,3,2,0
65,2,1,0.951103449159039,1.5335863557632372,3.699763583269481,0.41450928451163543,23,6,1
7,1,1,0.0009109943882201655,78.72210695182324,81.09298043664225,0.9707635177292395,0,7,0
1,2,1,0.03226681375097192,59.30094695318832,64.71782312019056,0.9163000869645709,22,4,0
258,1,1,0.8863132999428257,2.747111532085031,3.3511328059589744,0.8197560917908492,11,1,1
2,1,1,0.06106427509216448,16.328765929739326,17.713557924345217,0.9218230464754539,8,5,0
240,1,1,0.8617047805980783,4.538898013258259,3.5388806350803206,1.2825801379862707,8,3,1
161,1,1,0.8823977913594255,3.9145692948676007,3.114275861864093,1.2569757685256826,6,4,1
301,341,234,0.01694915446690854,88.34232495768278,179.82233089909772,0.4912756080736914,9,2,0
3,2,1,0.08912294410314675,51.65145521708995,52.675968393231074,0.9805506532221101,18,4,0
8,1,1,0.058950538417542546,37.72767623853386,38.675902379469484,0.9754827662033045,11,2,0
241,1,1,0.9134305173595206,3.6779229855437254,1.5428792017415351,2.3838048898398823,21,2,1
95,2,1,0.9062581580328304,2.8479980294568326,1.5309708047593895,1.8602562639360256,22,5,1
7,1,1,0.08939876737572475,96.7792210883514,104.23325318721176,0.9284870051453514,21,7,0
4,2,1,0.07837029887609753,15.697679158734621,16.99137027352924,0.9238618725877541,20,5,0
4,1,1,0.08823965347663638,95.87357321331106,92.85544956701412,1.0325034627517338,0,7,0
2,1,1,0.020001626126582652,97.46161440517376,94.53771768775943,1.0309283615992446,22,3,0
108,2,1,0.9718049939538991,1.6236740386513082,3.474870674417596,0.46726171727914545,8,4,1
7,1,1,0.08549256565110713,29.00456463523816,28.00211818758876,1.0357989506698715,6,7,0
3,2,1,0.07736366450057608,18.802712636749256,18.666692805020052,1.007286766496346,10,1,0
4,1,1,0.0077823464637165945,52.25120871888126,48.57388281697771,1.0757058256133116,0,1,0
8,1,1,0.005014402307181021,42.677835936762754,41.56824242322298,1.0266932987505835,16,1,0
289,277,146,0.031245813109303973,22.65030053503967,154.64973243586093,0.1464619445393066,14,6,0
8,1,1,0.0015774389771445964,83.27858055291267,89.58778177320853,0.9295752043926302,15,1,0
1,1,1,0.07379100536649891,17.194258225043797,16.787940017455245,1.0242029818528111,11,7,0
482,349,83,0.02691001957049102,115.91726224907126,134.77275829032754,0.8600941593802082,17,2,0
196,1,1,0.936484594513391,3.741890340181364,1.8009999167032198,2.0776737996917833,19,4,1
4,2,1,0.09720420941766236,18.56456076325864,17.083573627071647,1.0866907105337804,10,2,0
1,2,1,0.03666671778746331,97.90011883968202,96.61606358534092,1.0132902874189953,23,5,0
6,1,1,0.04423244033662102,57.8598174556542,58.063605257336796,0.9964902661352252,10,7,0
4,1,1,0.05622825027675228,28.949372658418493,31.583127005126084,0.9166088162745848,14,4,0
2,2,1,0.02444522102566621,84.12065895118704,86.04550802606133,0.9776298714595154,22,5,0
9,2,1,0.05766733177592012,83.4955777215895,75.85614371804566,1.1007094960157653,23,2,0
4,1,1,0.04679156319455442,58.91589971335042,62.34721183344959,0.9449644656241347,19,4,0
2,2,1,0.028888729937422676,21.360740609668106,22.48102938515107,0.9501673719521524,23,7,0
217,277,75,0.010883293803296912,44.60511340802653,119.23949894461423,0.37408001377752553,19,7,0
286,140,78,0.042958618078496685,141.9968889852808,118.28829320446086,1.2004306186060165,0,1,0
6,2,1,0.045491014486784276,80.56821650909778,78.76327060437255,1.022916086278228,17,2,0
3,2,1,0.057034942800876114,53.14442125031984,56.75833222942102,0.9363280977937564,4,2,0
311,269,83,0.00469818977051914,131.79333592467808,184.99273075603625,0.7124244038458127,19,1,0
7,2,1,0.01868078981904985,67.21600370119396,65.54581167362444,1.0254812929296837,22,6,0
6,1,1,0.00800921608802454,43.306900155011334,42.21626565405465,1.0258344617663246,4,1,0
7,1,1,0.04326424806040359,49.46798571782644,54.27979402699847,0.9113517581371318,22,7,0
6,1,1,0.084221008021026,66.57596465305663,65.29797380521477,1.0195716769352468,12,2,0
218,254,79,0.009450853366727713,54.539758949257156,137.58888184989388,0.39639655629121767,9,3,0
4,1,1,0.01933786098790552,56.02255637577105,59.937460290137984,0.9346835201989517,19,4,0
236,1,1,0.9425107120862354,3.503600931695969,2.2406745898861735,1.5636366599194362,4,5,1
9,1,1,0.06429312081607601,86.80737308925421,86.57170556860085,1.0027222233766275,8,5,0
4,1,1,0.0302467826984846,65.32401785166277,66.38535473995817,0.9840124844937137,10,3,0
2,2,1,0.02487071559664679,69.42734553596146,75.01199954185856,0.9255498581559513,13,4,0
231,1,1,0.9850925098152924,1.5234541037735148,3.1488257975749514,0.4838165721796339,16,3,1
9,1,1,0.0034905859073109283,56.455943244140045,55.18958110680244,1.0229456740192855,20,3,0
236,334,269,0.042097922720917426,183.241350494089,32.94010182800241,5.562865332077248,4,6,0
368,250,206,0.0440733382439778,134.96583707897105,89.77878210058383,1.5033155264655051,17,2,0
7,2,1,0.047368526040337144,78.65331174776279,83.39858815961786,0.943101238083635,0,3,0
6,2,1,0.0388427221227857,82.9641614231017,82.15383392683763,1.0098635384075405,16,1,0
191,2,1,0.9835633305668747,2.080019985860056,1.587456220770157,1.3102849443312086,7,6,1
1,1,1,0.05220234176643487,83.50941824064378,84.78610786577504,0.9849422310179353,23,1,0
364,227,233,0.010085227869322089,75.75904725032883,63.25811853406952,1.1976177762784168,8,6,0
250,1,1,0.9607287845986748,2.960476944507128,1.5721447833403113,1.8830816193767148,12,4,1
5,2,1,0.017394780160419322,85.05601970116234,81.38703791045688,1.0450806649916675,20,1,0
2,2,1,0.0763997049319543,99.23302873927052,96.16467724394447,1.0319072614109903,20,2,0
8,2,1,0.03946049516612406,22.085222449376417,21.135997377254633,1.044910351528681,0,4,0
3,2,1,0.07359844887570796,5.745267517859204,5.790345492742161,0.9922149766469963,19,2,0
7,2,1,0.04350909266995243,55.861190761295816,60.685173192273446,0.9205080553087747,5,5,0
78,2,1,0.922579202543593,1.8736925146522383,3.00736907672651,0.6230337769821498,5,1,1
2,2,1,0.07212051249619437,19.31267512972851,20.792665981649566,0.9288214963282144,20,2,0
3,2,1,0.04403592079688156,89.33237701646942,84.90948671455459,1.0520894716603757,16,4,0
222,101,204,0.034137846236676,96.89654491073023,126.47518352396715,0.7661308899573034,9,6,0
9,2,1,0.011840158414150282,28.812318103949107,26.736336760638963,1.0776464390726253,7,2,0
3,1,1,0.010870897962815118,76.44564000278498,69.49986291664887,1.099939435772214,17,3,0
99,1,1,0.9695888538472162,2.8279214385120195,2.320680733895378,1.2185741007834423,5,7,1
6,1,1,0.0778493099453379,10.355928172602482,10.407840100486938,0.9950122285331778,11,1,0
5,2,1,0.002074134280620077,8.000196153909958,8.011981198166914,0.9985290724022601,20,3,0
1,2,1,0.03272599451695323,25.717294295809534,25.158388376495818,1.0222154897583136,22,7,0
3,2,1,0.046806086279546445,27.13975935983848,27.620912932811862,0.9825800988496002,2,5,0
443,342,55,0.028167468118648193,157.31001655445615,86.07349113410623,1.8276244460604059,13,2,0
8,2,1,0.0321588264224049,6.846339742318689,6.313291519482177,1.0844326958752941,14,1,0
7,1,1,0.06566569566228452,84.51574060129614,82.3743721505448,1.0259955662768252,7,2,0
4,1,1,0.02986460135867416,56.57570249037383,55.82161196973211,1.013508934873658,19,3,0
1,1,1,0.029906430960884314,39.120574170225545,40.82391027199706,0.9582760178918993,2,5,0
409,325,283,0.04622150458921312,157.21737710491564,106.64404977941341,1.474225495281828,21,7,0
7,2,1,0.0018319342603543732,42.00754788447905,43.61517560173294,0.9631406340780613,13,3,0
2,2,1,0.09769314167973153,20.43372031449914,20.845121673123376,0.9802639022656953,6,1,0
6,1,1,0.027550801993199526,41.262432813886456,40.22947377133706,1.02567667298908,0,1,0
5,2,1,0.08170849469196495,83.36995829875296,78.98598718430628,1.0555031502514123,5,3,0
6,1,1,0.028735366174199674,61.28620844003288,58.80763572416522,1.0421471240145292,16,5,0
4,1,1,0.07922507001640183,96.33597467641702,94.92881820110364,1.0148232802428065,9,6,0
1,2,1,0.06112143311988301,93.65957342018112,87.95942442017805,1.0648043008191337,21,2,0
295,230,221,0.008676845981944176,87.19489822211973,95.15410509935546,0.9163545611728985,11,4,0
3,2,1,0.040059537410527236,23.272599865127034,22.205424363790065,1.0480592257033012,9,1,0
9,2,1,0.01496367215089267,47.72409429075928,45.60984058717343,1.046355209234834,0,7,0
67,2,1,0.9274980233891864,1.9002333820586883,2.5269427238107265,0.7519890989824508,16,3,1
6,1,1,0.056563219279292865,32.688549677500205,30.186383522716458,1.0828905573567886,16,7,0
110,2,1,0.9958867626489214,4.124467384836056,1.8492560707297554,2.230338702204965,23,4,1
5,1,1,0.08286061336487838,45.42304461977042,41.4421127622873,1.0960600604587372,0,1,0
5,1,1,0.09072657128148177,64.33559828936161,61.79729358067858,1.041074690518108,15,4,0
9,1,1,0.04885611605848416,15.824127397158605,14.507407014797888,1.0907619384372158,9,1,0
8,2,1,0.07836227424434299,67.6928080496107,67.93173779007294,0.9964827965802877,22,4,0
269,1,1,0.8660388403670867,2.9751955828629844,3.684995029032708,0.807381165896432,14,4,1
5,1,1,0.027148421749985854,8.702374577000192,9.307694818386972,0.9349656114432335,11,7,0
8,2,1,0.08131202726214194,79.69940750747658,85.91764252723802,0.9276256326773619,15,4,0
9,2,1,0.024393256381021623,84.69037150456609,82.58806605792648,1.0254553175414602,10,6,0
270,1,1,0.9468406169266941,3.8464309104201164,3.7952783469014033,1.013477947819157,22,4,1
3,2,1,0.051945276651755634,65.03917769248955,68.95054019442468,0.9432729244628688,13,7,0
2,1,1,0.06579508281194142,73.18361420063168,74.03326096807375,0.9885234453226575,21,4,0
6,2,1,0.07054326956974029,80.72229662346186,83.65535173868204,0.9649388227500101,11,7,0
3,1,1,0.06955044360155284,59.63084808755498,55.92518283209922,1.0662611200857592,12,4,0
5,2,1,0.029232951584263346,44.97221973876377,46.83132075707001,0.9603021869071335,23,1,0
101,2,1,0.9997296818931787,1.014018654124233,1.5690743895210377,0.646252759522615,4,2,1
2,1,1,0.058938093800917385,58.9373164207026,64.48927272949474,0.9139088398146424,6,7,0
154,2,1,0.9802222655881283,1.5163626469132239,3.0823304463599723,0.4919533039372685,5,6,1
9,2,1,0.016840794901002997,74.14630746476395,69.45638929603918,1.067523207242105,19,7,0
8,2,1,0.03439606135835676,91.27254537325993,99.3935318156076,0.9182946184323793,14,4,0
6,2,1,0.01115953930487984,92.45264628107365,100.49439554142998,0.9199781319442732,18,2,0
126,2,1,0.8564820549324997,4.897270548817657,1.5429324766559238,3.1740018587409353,19,4,1
6,2,1,0.08195176047505864,63.67384124762576,69.9737203923157,0.9099679263962392,8,7,0
3,2,1,0.04147326363701401,8.434502751422473,8.13325820669388,1.0370386058173662,13,3,0
135,1,1,0.8869774486614572,3.2544663423932003,3.529209749156117,0.9221515788828897,17,3,1
4,2,1,0.024209895732634403,46.094555175318305,43.839292650090414,1.0514438620903077,1,7,0
5,1,1,0.047557740971846646,33.444214123430115,32.26192983071371,1.036646421925785,6,1,0
407,225,240,0.041383970360177026,96.98472364091683,135.4015037093563,0.7162750854606288,7,5,0
178,1,1,0.9751634268766517,1.6008595818677032,3.1468108355685156,0.5087244405583996,20,2,1
281,1,1,0.8993910758710131,1.5612910998543796,2.427980590364985,0.6430410136102773,11,7,1
4,1,1,0.027572963698075593,80.67211263441736,77.25512563406267,1.0442299067189416,3,1,0
2,1,1,0.06099814928144716,58.24498080648267,63.07576993086732,0.9234129186266087,20,1,0
1,2,1,0.09444379623549935,14.552910665439699,13.888849517302752,1.0478125382026537,14,2,0
3,2,1,0.025345369387036465,38.85473136549863,36.45567696706845,1.0658074296795343,14,6,0
3,2,1,0.09688593354677885,71.02190875755544,69.6202976941357,1.0201322187615092,13,6,0
140,2,1,0.9714697494060647,1.5120708345666625,3.387968185620651,0.446306090176482,12,5,1
4,2,1,0.030142491179855846,24.08271989070748,25.40370798003247,0.9480001860215329,9,1,0
3,1,1,0.096953254153502,21.49573469941414,20.30492534435379,1.0586463301324809,2,6,0
4,1,1,0.019643190907274035,67.20707350288399,69.69177921678694,0.9643472194019628,22,7,0
3,2,1,0.09114272188531475,52.64859456546025,51.1933840407189,1.028425753679106,19,2,0
201,1,1,0.9887323664901538,4.391033192523105,2.4415996294929894,1.798424745598002,7,6,1
5,1,1,0.07102728485692497,69.40153985539534,67.36626279586908,1.0302121117464018,18,3,0
7,1,1,0.02818256790996847,41.293308889070744,37.92078694263595,1.088935969381029,14,4,0
349,166,97,0.038098487229857675,67.30656941952951,28.141333565638686,2.3917334714269765,4,1,0
6,2,1,0.04702303869987151,55.37084364762451,52.75763988977611,1.0495322338775586,14,4,0
283,86,100,0.004952821710799399,77.38370511509922,29.228659843367588,2.647528334510989,1,4,0
2,2,1,0.06603533285426848,84.17364967462922,87.97582535443614,0.9567815855720733,23,6,0
374,262,126,0.04805519374852683,53.63020998819549,83.2301070412055,0.6443606994479087,8,1,0
286,1,1,0.9004054496241398,1.2684338461054065,2.554049244805463,0.4966364092960239,5,6,1
284,1,1,0.9045737561196581,1.2907356440104922,2.922046829416237,0.4417231205936401,5,1,1
343,94,275,0.007655125239939997,153.6682378758662,84.15083021569227,1.826104834402578,16,4,0
1,1,1,0.05045769678928006,92.06449312327537,94.42288119287859,0.9750231295655369,10,7,0
133,2,1,0.8824924053664129,4.37769210904132,3.0788837136048937,1.421843926646948,9,6,1
4,1,1,0.06650774399984281,84.76479181905424,82.3977879271257,1.028726546567269,20,2,0
493,280,205,0.01940482118505098,69.97025053304003,122.66771606278826,0.5704047713517818,9,4,0
4,2,1,0.06031888234045188,18.839840096289997,19.69317762945429,0.9566683676336728,9,2,0
290,1,1,0.9540452261091472,4.900407604400801,3.905695150381158,1.254682563723021,8,5,1
1,2,1,0.07257588754532755,69.05247335467891,66.78863480214189,1.0338955656039914,15,1,0
7,2,1,0.03155733081799751,99.15310712285914,97.7933505040413,1.0139043872800089,17,6,0
64,2,1,0.8570347361417752,4.790986926453406,1.8218564053329422,2.6297280688144347,8,6,1
8,2,1,0.07168841755972774,60.21260755955078,65.73648497740821,0.9159693826076063,18,3,0
239,381,79,0.021619121047814445,135.53715958317855,194.48690199137727,0.6968960798665388,14,7,0
378,153,99,0.03454602850355975,95.84116698998871,173.72279548198267,0.5516902184545418,20,5,0
4,1,1,0.07901658159309496,81.20371591973604,84.771077553897,0.9579177033358712,12,7,0
6,2,1,0.05325148697565201,15.85360305951535,16.00984034343928,0.9902411716436664,13,2,0
8,1,1,0.03794453868809514,84.6225899325093,81.4604323343028,1.038818325751445,9,1,0
6,2,1,0.08825493144643481,27.289115365596796,25.99217060531204,1.0498975164474988,3,4,0
4,1,1,0.030575948714350445,48.66076555854717,45.61029916838103,1.0668810870743168,3,1,0
8,1,1,0.019764778111961534,50.56503583895505,54.484726080251754,0.9280589162635542,15,1,0
9,2,1,0.04473798226380674,67.61734169920027,61.539564595919224,1.098762107648777,2,3,0
2,2,1,0.09609174315580615,22.356007207581364,21.512046708817746,1.0392319945278699,7,2,0
286,1,1,0.9615797921332256,4.425496392859209,2.2750408895546226,1.9452381771149503,9,6,1
9,2,1,0.0055341998550452855,81.93780380892613,89.87225899061632,0.9117140787290255,7,3,0
2,2,1,0.019769788854358063,39.5859728206827,40.90790307239819,0.96768521111004,1,5,0
102,2,1,0.8653600923944348,1.52610089554284,3.1905979632502772,0.4783118754292044,4,7,1
430,175,163,0.012870561509835272,88.6593947790096,84.11005375659974,1.0540879576129494,1,4,0
8,1,1,0.07375381875483787,5.247709022300205,5.382301669302576,0.9749934776473034,22,5,0
2,1,1,0.05558710963965052,86.42423300818648,81.8028092646693,1.0564946825794792,8,1,0
6,1,1,0.09404635188285677,36.890943519486484,37.11145038369624,0.9940582525897014,9,2,0
1,1,1,0.08724556312513082,88.28455427729098,91.82970070867648,0.9613943375179644,20,2,0
7,1,1,0.02311403420098477,89.45420566285158,81.49194860941604,1.0977060579517857,18,1,0
2,2,1,0.0045852018374701545,5.688980661438725,6.244302478095761,0.9110674380997659,14,4,0
7,1,1,0.026655012045428694,37.76300945085492,38.888682976064366,0.9710539560853144,6,6,0
1,2,1,0.012155662951826907,25.424261240897163,23.070865963823408,1.1020072363457891,0,5,0
51,1,1,0.861649879266753,4.838907352155845,3.697480769396625,1.3087038591807156,18,5,1
253,1,1,0.9754553939515129,3.7599647854172247,3.6743981239192207,1.0232872591951838,20,2,1
2,2,1,0.02624563029848903,36.21625548766521,33.3762181436041,1.0850916461488116,14,5,0
5,2,1,0.020228794187253797,41.86262374244385,41.79268595102186,1.0016734457197596,21,6,0
272,114,259,0.0373872910466314,184.32127645512213,155.88771195300288,1.182397728120427,7,7,0
5,2,1,0.07845101356775531,61.635465801514364,66.4842248641498,0.9270690291938709,12,7,0
6,1,1,0.05435360976472599,54.94903414773714,52.66365500188689,1.0433957564428138,7,3,0
3,1,1,0.07528694445035707,67.48894868762696,68.5839217848728,0.9840345511200068,1,4,0
316,241,141,0.026356196088884877,103.81374588064466,199.94053576214608,0.5192231054344273,6,2,0
5,1,1,0.0876304422959158,59.365439942122606,55.7098068513736,1.0656192023875033,13,7,0
2,2,1,0.009372486605971642,79.18865208009696,86.97301834445278,0.910496767704138,13,3,0
3,1,1,0.08560953322363837,20.905180035893864,19.92487596056364,1.049200008937094,20,7,0
188,256,253,0.03923675570430497,166.67606269378032,186.91987073132202,0.8916979347442409,2,2,0
9,2,1,0.0032345287918897573,66.45819240433345,67.17986472695003,0.9892576097681978,1,2,0
109,2,1,0.8980674895562142,1.794946655480627,3.636590517046637,0.49357953475013366,12,4,1
321,296,272,0.006209372157972843,188.86129950740641,193.92566730321613,0.9738850051865944,3,7,0
251,2,1,0.991364366401823,3.6837556230508244,3.253075381021252,1.132391719092094,18,2,1
113,2,1,0.897659581992646,4.964606580592748,2.5558196977574883,1.942471366406935,9,5,1
5,1,1,0.037485227279680455,80.99496961556378,86.40957248690698,0.937337927783827,17,2,0
2,2,1,0.005267333182969714,89.46877138959961,84.44392507330915,1.0595051249918592,10,4,0
7,1,1,0.08593602247528215,14.64935364624282,14.20116553524905,1.0315599525884909,16,4,0
178,229,154,0.0026327879725539963,45.506690844926936,127.68478271825282,0.3563987021487225,18,4,0
4,1,1,0.035641785515778755,62.1022959056073,62.799276698075765,0.9889014519097189,10,7,0
2,1,1,0.045588258842410294,95.55921129347925,102.25701217726278,0.934500326763187,15,3,0
3,1,1,0.06535622219580249,67.27876059091247,68.5226531787922,0.9818469873804491,7,3,0
151,2,1,0.9457376478095483,4.543046776450478,2.5582212210495907,1.7758615787678245,19,2,1
51,1,1,0.9107904355349105,4.622304235986275,1.8991071695379576,2.4339354356241287,22,6,1
7,1,1,0.0456894554982428,44.03549097422162,44.519961400414324,0.989117905520282,3,5,0
3,1,1,0.018669898487717274,23.848069278343058,23.71671568126429,1.0055384395902058,16,3,0
5,1,1,0.024684890529825133,34.37860917438843,37.03090191472923,0.928376231655167,23,5,0
367,332,189,0.04132778983930489,198.24497622581592,87.4411201715568,2.267182486190311,19,6,0
1,1,1,0.08535563636206633,60.928693579172034,65.4826159462148,0.9304560103282494,6,6,0
8,2,1,0.089279335642066,99.83879979472604,93.47881116007105,1.0680366871992444,2,6,0
8,2,1,0.0847924162278411,76.42350690049406,75.6545285816092,1.0101643395749318,4,3,0
6,2,1,0.04927604239990901,41.22701280694096,38.631922216688686,1.0671747726063503,1,4,0
2,1,1,0.06817968112843865,47.700786692615665,45.23628954332649,1.0544805326468858,9,1,0
9,2,1,0.09720489647757144,39.34044173895618,38.507472740435176,1.0216313598177618,15,7,0
7,1,1,0.018024603731114308,6.4827064822497835,6.107458624540484,1.0614409168817796,9,3,0
7,1,1,0.08960155229616223,86.84860700374587,81.01307448268221,1.0720319844460549,6,1,0
1,2,1,0.09722598017417107,58.059034550278376,56.58737425448736,1.026006866640827,12,6,0
2,1,1,0.06974728319758003,9.96314805111658,10.031392472736053,0.9931969144059558,12,5,0
8,2,1,0.09838459228475457,32.64105089920636,34.56264477146103,0.9444025801566737,0,4,0
2,1,1,0.04959358345483794,81.87222326333648,79.26338728517639,1.0329135060652144,4,7,0
296,304,188,0.02497022806901223,105.45100134868702,39.803823738465795,2.649268121614678,14,7,0
224,2,1,0.990540604754901,1.004514490107931,3.735594574088821,0.26890350925005035,12,1,1
6,2,1,0.05568906382730944,79.7703821290848,76.80794751312145,1.038569376111206,17,2,0
5,2,1,0.039893777087274596,21.080809347231437,21.12579327495427,0.9978706632628009,4,6,0
9,2,1,0.09253867143253425,58.05464674435657,55.15428869198628,1.0525862652053692,16,6,0
6,2,1,0.013554101309083678,44.502559196546486,41.37643623472872,1.075553219327137,10,2,0
368,278,273,0.03191857647853039,85.54847567309888,100.9064285614848,0.8478000548891893,12,4,0
2,2,1,0.027690168974093765,28.645346593353235,27.12453134548878,1.0560678902980343,17,2,0
1,1,1,0.018394741784738402,49.139571732511726,44.359842605814606,1.1077490100488003,22,5,0
1,1,1,0.07905921286504129,51.56059028046326,47.297430312127574,1.0901351286994245,7,6,0
234,92,290,0.0407105449191434,158.28459997633695,164.5385632160875,0.9619908967386736,10,2,0
8,2,1,0.06972196608085894,24.702878193767972,26.80828349129148,0.9214643750612591,5,2,0
2,2,1,0.0768538097011416,45.62261630699283,48.536392512130185,0.9399671863868098,4,3,0
414,320,59,0.04186406368495292,188.85306740697402,198.86405465894043,0.949659141421331,22,7,0
163,2,1,0.9372077343004767,4.634622245361438,3.521283183151027,1.3161742479382579,2,5,1
6,1,1,0.04735301628464783,80.82738400961007,74.80096084891288,1.0805661196367478,13,5,0
6,2,1,0.027303883288624754,91.30701240806296,90.65934592292443,1.0071439571788787,18,6,0
386,265,77,0.006113642636067474,52.90193600568193,191.15149991091224,0.2767539675615275,3,1,0
5,2,1,0.005901047022300066,56.059466128004,52.05230049308376,1.0769834492800692,2,6,0
149,2,1,0.9725230039695802,3.0678031053424304,2.8982359691132507,1.0585070153142364,13,1,1
7,2,1,0.010282022380482382,76.66440892247454,72.38707375216326,1.0590897649068658,2,4,0
128,1,1,0.906721200601567,1.1020953782284528,3.318161646481874,0.33214035229325384,4,2,1
3,1,1,0.09219073887152349,80.12170948404422,75.32634423518985,1.0636611971222432,20,7,0
1,2,1,0.007227201225523694,88.20914352986037,88.63759268851382,0.9951662816457676,18,3,0
320,89,169,0.012693877415282735,79.63341847471997,110.07618385385608,0.7234391281264456,11,3,0
8,1,1,0.051784138860686585,67.17368981845809,67.54341616225064,0.994526093514364,12,5,0
8,2,1,0.04129528961003446,18.246641079247524,18.27318207561074,0.9985475438129279,22,5,0
211,352,215,0.0019293100404089215,23.203639409770872,99.22347528928411,0.2338523151111278,16,6,0
4,2,1,0.07606825135390388,9.583191697971461,9.33713943770146,1.0263519959096352,17,7,0
2,1,1,0.07203813108663944,71.68153568353456,70.97825841945361,1.009908347707334,2,2,0
3,2,1,0.004792517595602408,72.44013034276627,73.6310591357964,0.9838257277973724,12,7,0
1,1,1,0.05246913414192697,77.04881035867187,74.50091849296534,1.0341994691776466,20,5,0
208,2,1,0.8655624136863027,2.373640455200072,3.3648052987306842,0.7054317395706335,9,6,1
5,2,1,0.08315694983648617,61.18774348708736,59.45105545812828,1.0292120638662545,15,1,0
6,1,1,0.0616291790254461,22.429104127040603,23.23237602041856,0.9654244622817755,3,1,0
108,1,1,0.8918256375366412,1.373969446335959,2.0271946015183806,0.677768895648621,4,2,1
81,1,1,0.9141122680281564,3.129594748907652,3.746732634505402,0.8352863826166189,10,7,1
159,112,230,0.03575959353268245,33.460986072635116,185.0915783223317,0.18078070529153822,18,5,0
9,2,1,0.050649609620410145,39.29209429661132,41.519708907258945,0.9463480195484181,7,4,0
295,386,55,0.038111628102209645,113.67357764286776,56.768159582033576,2.002417877905699,21,2,0
245,312,164,0.0097633467595527,127.94353656105069,79.79122271564427,1.603478831462567,10,6,0
3,2,1,0.010361878766496658,84.52207235281398,85.37240486031675,0.9900397264327501,22,1,0
7,1,1,0.013256940334513467,67.67417333846399,68.69110034273093,0.9851956512678784,20,4,0
4,1,1,0.08620177161300169,45.31212328064619,49.079294820693804,0.9232431608112832,9,4,0
299,1,1,0.8903520896866624,3.393847032992265,2.004178587168739,1.6933855369579023,0,6,1
7,1,1,0.07246108241431164,80.99507408777633,88.78546749257025,0.9122559848497072,12,7,0
352,245,90,0.013273661249882447,57.57365601711018,189.96790873799915,0.30307043120906746,6,7,0
79,2,1,0.9729157122689902,2.1036902122724124,2.3767558185768185,0.8851099451739576,18,6,1
7,2,1,0.0015647317942065976,11.115613933928763,10.22561152013006,1.0870365955177008,2,5,0
269,397,235,0.016048634638775035,95.48245890666318,126.90873989454876,0.7523710265029945,4,3,0
2,1,1,0.044923713077591576,46.049775254104674,46.527783143528055,0.9897263987852413,21,3,0
498,83,286,0.005520719733722235,134.2226915361625,141.0331328472036,0.9517103451256409,14,1,0
1,1,1,0.01995874958000984,6.929494444168366,7.015620374618976,0.9877236900157547,20,6,0
8,2,1,0.08409248945898515,18.891041403750094,20.369619052326364,0.9274126018371756,18,4,0
2,2,1,0.018182699624115152,47.3464039778481,44.92574548422728,1.0538813205552855,7,5,0
2,1,1,0.09313583672064593,18.878616478443178,19.378525622575165,0.9742029319532125,19,1,0
3,2,1,0.05629815045152658,22.781967853906576,24.1517275492107,0.9432852290788246,14,3,0
6,1,1,0.05750254562616394,15.372954658333892,14.383540310358699,1.0687879566939886,4,4,0
149,182,161,0.006317245101410002,107.12825767286826,114.54704240922898,0.9352337294763449,12,1,0
2,2,1,0.03699300045901225,83.5577713518518,77.81429794547348,1.0738100009641276,9,3,0
442,340,291,0.012467615545335098,167.0570085456325,39.8902432209842,4.187916519339557,10,4,0
8,2,1,0.09382353222556326,9.207808455298814,9.667725148146745,0.9524276201691465,9,5,0
6,2,1,0.014109779642892529,16.96030777146388,16.800157136949295,1.0095326867010286,14,7,0
4,2,1,0.025776588686222315,48.5899272622644,45.83263895062173,1.0601599291416162,12,4,0
377,285,127,0.012419830436696906,156.60819312086963,41.282871630727385,3.793539231517608,21,6,0
6,2,1,0.0567826091399584,38.195385705909864,39.762840144379894,0.9605799175114614,4,3,0
6,2,1,0.059040372565390624,10.708089936159487,11.720865303871774,0.9135920990937645,23,1,0
260,1,1,0.8871337593452964,1.4159822812533425,3.424040443386929,0.4135413423600532,9,7,1
370,313,112,0.000770747922420384,39.30244431851423,36.663692069377774,1.0719718091714063,1,3,0
1,2,1,0.047270689863628916,34.516834738032884,37.07387754543378,0.9310284497685126,15,5,0
4,1,1,0.06729504002463686,82.5577840043492,89.69519897851485,0.9204258973116798,14,5,0
5,2,1,0.00398390908380597,99.57873779498878,101.61504190997717,0.9799606035020644,7,6,0
7,1,1,0.07927004505613187,27.138140068272826,29.470940484615785,0.9208440457622752,19,1,0
7,1,1,0.04960971064070674,48.79077384075236,50.82428405644949,0.9599893977170725,10,3,0
4,2,1,0.02336195984780444,56.52742660549795,53.386844261883766,1.058826896158319,16,4,0
250,219,163,0.022900731215797294,175.64199546541707,186.68133516858512,0.940865327038727,22,2,0
151,1,1,0.9810054159474129,2.5551804758456105,1.797750144023389,1.4213212466372454,13,3,1
9,1,1,0.048851835393082625,71.64230055374944,78.6116431548446,0.9113446517411249,16,7,0
7,1,1,0.059873511282906425,70.52985918397904,73.18413924473514,0.9637314848798055,21,6,0
5,1,1,0.059413558397379544,34.93180453775704,33.88281898912051,1.0309592170879687,8,3,0
4,2,1,0.08376369886828723,88.89585727206037,88.29387493635278,1.0068179399323174,3,7,0
55,2,1,0.8866572619512758,1.3823749452107896,2.601634018872767,0.5313487351344458,12,3,1
9,2,1,0.009725421585553241,86.2846297458472,85.93919898995163,1.0040194784214356,23,4,0
431,331,187,0.0075833480178810145,34.754379966828296,97.69079312702284,0.3557590112062943,22,3,0
1,2,1,0.022528889186254432,20.796064996300288,22.189211117935848,0.9372151576623893,12,3,0
9,2,1,0.04223518727007345,21.324282907107037,20.71929963668505,1.0291990212521864,0,4,0
8,2,1,0.056897003376124106,89.85462591232998,92.30845670062037,0.9734170532581995,0,1,0
2,2,1,0.06893388222000828,11.622235914551311,12.458691654711785,0.9328616709248011,6,1,0
3,1,1,0.0012642601400018494,25.63842438568364,23.408585180786474,1.095257324937664,13,3,0
1,1,1,0.06957452483567053,78.5319876816827,71.35316123054851,1.100609788372778,18,6,0
2,2,1,0.04339758491202951,52.33011023766315,56.44148423308027,0.927156876696601,10,6,0
1,1,1,0.022655384852629124,42.53916530727549,43.8475819831738,0.970159889856631,7,7,0
439,98,149,0.03569710399133771,26.62287037349933,88.0194153390903,0.3024658851792651,19,6,0
206,2,1,0.9761791083815362,4.4552395012060515,1.808215998315125,2.4638867841880576,12,6,1
2,1,1,0.07404646509447303,46.883704273765105,50.52479422415361,0.9279345911982385,2,6,0
137,195,151,0.024612820318947223,181.72019614595294,54.2810280093534,3.34776629717919,22,3,0
274,2,1,0.8567364244763097,1.601383498927066,2.5588102307525564,0.6258312866195211,14,5,1
2,1,1,0.07924874221659796,13.74665434234574,12.52496380200704,1.097540444798965,23,1,0
2,2,1,0.044371085521898626,7.093724348425252,6.441500741950584,1.1012533620041414,8,3,0
4,2,1,0.007564468065734964,48.968912433886736,53.76058161518146,0.9108702131313698,2,7,0
296,2,1,0.9812322951163216,3.826118529212764,3.4012550110430997,1.1249137500099902,6,6,1
81,1,1,0.9765827448498449,3.6920364038522093,2.2614498677181225,1.6325970593270749,8,6,1
232,2,1,0.894721445672221,1.5965404313901512,3.5738079137518866,0.4467336997175254,8,7,1
396,82,263,0.038775954026190475,165.58815799690305,122.73721125526642,1.3491275897780999,6,4,0
3,2,1,0.09267128453077733,8.003426070768,8.441040962395837,0.9481562885931515,3,5,0
1,2,1,0.006307517434296673,79.96867537282664,80.44149966062271,0.9941221348459329,20,3,0
9,1,1,0.08061118176584049,46.590955471103484,47.09954859852333,0.9892017409390673,11,1,0
7,1,1,0.06130520258694786,64.68654861119529,67.71526313099272,0.9552727940532625,4,6,0
7,1,1,0.013346900446965904,32.30842578288788,32.262392073153116,1.00142685358328,20,7,0
319,140,100,0.02414357272781218,53.19803100742455,108.58979105393705,0.489899008839614,1,6,0
7,1,1,0.06284678497868001,9.075216044389311,8.477894925825035,1.0704563012151447,18,7,0
9,2,1,0.03225592366332684,45.32121944147001,42.1085591640216,1.0762947092284594,9,5,0
3,2,1,0.08248017914341674,99.45406531322092,92.85411023382073,1.071078760679312,14,1,0
6,1,1,0.09712962274285455,40.37479833171725,39.3377563629117,1.0263625093215356,1,5,0
2,1,1,0.09998926667050494,39.572359796425175,36.10220137005121,1.0961204107972389,17,3,0
232,236,96,0.046116278911046645,26.432939310944157,158.0102953317562,0.16728618382394594,18,3,0
6,2,1,0.039051569768439404,54.78688241813691,59.33217723601707,0.923392414881398,14,5,0
5,2,1,0.05605316054954965,41.06113680669976,37.350870897036536,1.0993354591353746,22,3,0
90,1,1,0.9575944116360142,1.4211714330237801,2.0986002335009855,0.6771996926031566,20,6,1
6,2,1,0.024443944597169323,63.58934386066354,61.28362803044422,1.0376236835892596,18,6,0
7,2,1,0.09022202865403742,9.727883675914676,9.774794529575244,0.995200834808483,20,1,0
56,2,1,0.9898675631620965,3.5224338866024376,3.8353883594825158,0.918403446131775,10,6,1
2,2,1,0.03941704545835062,21.160153791147224,21.138619546052023,1.0010187157703598,2,5,0
262,2,1,0.9591153606123223,2.2368309461173066,2.436760924917974,0.9179525669686298,8,5,1
4,1,1,0.05823617157400163,49.2315729596028,51.21623098952391,0.9612494322292661,20,4,0
1,2,1,0.06406389213201227,78.43088767331734,80.59729814214987,0.9731205571555065,0,2,0
5,2,1,0.03270996654000793,36.26096760558641,36.97308861518726,0.9807394773800874,13,6,0
6,2,1,0.03536378631401104,54.86333571053033,55.95665384539059,0.98046133820151,5,3,0
1,2,1,0.07608075414310772,85.8241363499148,81.6531902983305,1.051081238055062,17,4,0
7,2,1,0.04017159196853878,48.54848003790023,51.933549983272734,0.934819207497604,14,2,0
321,305,259,0.04925169225029799,180.0713831733674,158.8364539805025,1.133690526706618,5,1,0
4,1,1,0.08523554603874851,37.49902554714544,36.2637200259954,1.0340645008362221,7,7,0
2,2,1,0.04819442793927208,9.034736496399077,8.96703738246362,1.0075497749198474,17,5,0
116,258,273,0.02115294045983624,174.675904261899,44.24146723855936,3.9482394044485356,3,3,0
251,1,1,0.9333555311080451,2.938965429598768,3.587574903167117,0.8192067089677332,17,3,1
142,2,1,0.9986376212191769,1.623705008695326,2.133874439829773,0.7609187206089102,15,1,1
7,2,1,0.09642201998380312,59.992939139358,60.25823448014424,0.9955973595463761,9,6,0
4,2,1,0.08852289842111727,28.941399699509986,28.25344904564948,1.0243492627306838,7,6,0
3,2,1,0.06793155399660034,18.37877090595588,18.172044203679153,1.0113760840530461,1,1,0
9,1,1,0.004516775649747773,67.05950615096734,64.5659302870519,1.0386206138876852,5,4,0
8,1,1,0.031525625737482986,53.73127108462772,51.00427046336571,1.0534661234537352,22,2,0
1,2,1,0.0017592487993914885,30.461114548177154,29.701994456778166,1.0255578827375935,21,2,0
198,1,1,0.9238797671514489,3.5624861962307546,2.5350026292033325,1.4053185409714255,4,7,1
7,2,1,0.04757937917347358,84.43071646813033,87.43767442785422,0.9656102706367726,19,7,0
8,2,1,0.08416752092714888,79.95546403326598,77.24041994164327,1.035150560984443,12,7,0
1,2,1,0.0918302742009773,86.53657367131574,81.32783875107992,1.0640461495131843,9,4,0
1,1,1,0.017075455099619642,8.487258366439697,7.953536449745053,1.0671049815471396,1,4,0
7,1,1,0.05247075411822658,7.113783433001441,7.422114170139867,0.9584578288516659,23,2,0
298,250,199,0.038063571481268016,191.76164434575588,86.85811111641182,2.207757478040788,18,6,0
7,2,1,0.0657494059256251,23.310633185175,22.389881638020398,1.0411235558115264,3,7,0
8,2,1,0.05728866011799064,60.51338461330072,58.935261395614255,1.0267772328537412,4,1,0
4,1,1,0.0399131702400031,81.72789737822687,89.35275804024995,0.9146656373092773,10,5,0
301,241,137,0.006714848219759335,187.87339383308475,181.0138238389883,1.0378952825183012,1,7,0
2,2,1,0.06097313531899208,31.063001684758888,32.2966469601911,0.9618026825833406,9,7,0
143,2,1,0.9953995188027491,1.5015155364327506,1.9013945269079255,0.7896917316126582,1,1,1
5,2,1,0.05232315278655319,22.874093111922782,21.057199193411957,1.08628374086328,17,1,0
5,2,1,0.04274310711602143,15.77284109776633,15.563778595773009,1.0134326314594388,20,6,0
8,2,1,0.024413682080690637,23.862478336023827,23.990395150132226,0.9946679988675512,11,3,0
6,2,1,0.05166544007286027,62.92106823877349,65.73674055565793,0.9571674486279029,22,5,0
9,2,1,0.001738874292543391,43.492299861091304,47.199822275767374,0.9214505005333562,6,3,0
2,2,1,0.022456861927675143,56.04139542210256,61.02088491556614,0.9183969635911764,6,4,0
145,107,51,0.0008446677535759229,106.34602925603824,174.60421869721546,0.6090690708937275,17,3,0
146,1,1,0.9370065332947147,2.7784223969444035,3.4371246163352476,0.8083566082357614,21,5,1
5,1,1,0.045560253750166216,39.516709282045106,40.54072469950835,0.9747410677768258,22,6,0
4,1,1,0.028993709366237786,22.734972961860088,22.309373598944262,1.0190771543193828,22,7,0
183,1,1,0.9910522566505288,1.5624232163061071,1.677941997159192,0.9311544850485525,12,1,1
5,2,1,0.06719878714023261,97.21917557865046,92.45139857437334,1.051570631464722,13,3,0
2,2,1,0.05900933994880078,47.112168677527755,46.61015606931149,1.010770455423272,15,2,0
4,2,1,0.08246157392957797,82.55176789503285,87.41044659017432,0.9444153544035592,16,4,0
8,2,1,0.069244035251813,64.86762906018438,68.8084017130072,0.9427283216189299,16,2,0
7,1,1,0.04277011708192385,71.6519382404617,70.71476483292352,1.0132528674846395,10,7,0
286,82,233,0.033277819439437216,136.51768521567783,64.3468399665729,2.1215911346477383,4,2,0
5,1,1,0.05938543647058008,42.943028668938005,45.824843246541874,0.9371123963894553,18,2,0
8,2,1,0.05021811415391275,66.34767031582899,62.49391208923345,1.0616661383126866,6,1,0
258,1,1,0.9085861566388703,2.2723061777125197,1.8777754621619502,1.210105373885508,9,2,1
2,1,1,0.04146901541657864,16.789203230419822,16.520265538637197,1.0162792596253154,7,1,0
9,2,1,0.07383916369360576,78.55047802580408,80.23190841867702,0.9790428717699363,19,4,0
189,2,1,0.9394539637329051,2.3766875326712773,2.2038648348156586,1.0784180114521744,3,1,1
75,1,1,0.8628286776364161,4.474718870977882,2.197082932044542,2.0366636168867043,19,7,1
8,2,1,0.048175690912267644,90.0956272868097,84.47675215119204,1.0665138631935245,11,2,0
8,2,1,0.03945392082424255,11.569519864387544,11.217692758580116,1.0313635890534019,0,3,0
2,2,1,0.04525336440293007,53.12261250873468,48.15729540770265,1.1031062284332074,19,6,0
7,1,1,0.09230008393898835,35.95436675289381,37.98104387272168,0.9466397730768152,0,5,0
4,1,1,0.05091591292096588,69.01234384754967,70.23914184976934,0.9825339836178011,23,5,0
7,2,1,0.057183928985654164,6.74013468549388,6.403996424469891,1.052488827092344,15,3,0
9,2,1,0.05612755148562122,37.08679734189061,33.90957596958656,1.0936968771049715,17,6,0
408,162,193,0.03804155150097253,107.36712113045496,56.19502791308827,1.9106160298827488,0,7,0
119,143,82,0.002459449511601103,99.40584788643378,101.37683403026915,0.9805578250426831,12,4,0
9,2,1,0.07839123805872338,36.58253323352564,37.250841898914665,0.9820592332596784,23,7,0
132,2,1,0.9412463542155339,2.5535727215355477,2.7580116751874098,0.9258745147850144,23,7,1
217,1,1,0.8737583891780487,3.0085938105479406,3.656392081309627,0.8228312893267011,0,3,1
439,272,280,0.02464962145522659,57.529005491766895,49.31238355023706,1.1666239055988674,1,2,0
5,1,1,0.06953294064525671,75.40516895481967,71.77212084988344,1.050619210661686,20,6,0
252,2,1,0.9641202507634152,2.81090170651976,3.48336206965244,0.8069507706387306,4,7,1
9,1,1,0.04780625446139523,57.152590323683214,53.7014852297403,1.0642646116616468,0,6,0
151,1,1,0.8566603698409045,4.185742577402639,2.491188571808469,1.6802190828789867,21,5,1
4,2,1,0.044179649044260555,75.5651293012215,76.27537880271173,0.9906883516982944,18,6,0
5,1,1,0.006755484345568708,21.286059425098216,23.34817330605955,0.9116798623202718,14,4,0
8,1,1,0.08302323647341707,65.33455106103003,70.62699724337561,0.9250648280556486,13,7,0
1,2,1,0.07731386728852775,14.494006124018856,15.598997950810094,0.9291626404288454,14,2,0
5,1,1,0.04060439090991241,69.3506579393195,72.5096597085553,0.956433366506848,9,7,0
151,2,1,0.8629081817029152,1.2218627890601974,3.694610376187562,0.3307149238077514,18,2,1
3,1,1,0.00089127841717489,22.919993461018837,23.787626982690554,0.9635258480258219,6,2,0
4,1,1,0.049566134403508835,87.68125828263895,92.51883389328889,0.9477125315238021,20,3,0
149,2,1,0.9615793217328997,1.5601569250574086,3.1767988142676202,0.491109766866709,1,1,1
6,1,1,0.03636591143316067,60.11632764917386,56.42533102164891,1.0654138232012997,23,2,0
132,152,226,0.018260847756699266,87.60559177366594,110.552696292032,0.7924328823446348,20,4,0
7,2,1,0.05229873081917097,9.106199384689004,8.819354091337441,1.032524523948223,15,1,0
9,2,1,0.08674509553888603,50.03610060602365,54.31552536812028,0.921211757907282,17,4,0
422,97,105,0.018276439845363958,33.74041558996151,137.9586928488775,0.2445689712856397,20,5,0
5,2,1,0.08438683005175975,14.373771207465332,15.792232760325794,0.9101797969680382,12,1,0
7,1,1,0.022573076846305787,54.98665546361119,50.89582497147978,1.0803765435460329,22,4,0
6,2,1,0.07442352584372389,90.8173963021455,81.88979217641231,1.109019743346042,21,5,0
192,344,175,0.008816542688402002,93.51394181267466,40.09460369075815,2.3323323640739644,13,6,0
1,2,1,0.0640347346297737,49.48859002199604,53.03210824633088,0.9331816452049122,7,7,0
2,2,1,0.036224645205384945,66.84816331030282,69.01688642477852,0.9685769204202019,14,3,0
2,2,1,0.011446456597454413,16.38898680056427,17.77399637284484,0.9220766369460616,15,3,0
1,1,1,0.0035185342741618666,10.665566877608569,10.395775185259595,1.025952051438311,4,6,0
1,1,1,0.021096928971169937,52.8732557338032,54.78256026050011,0.965147584968321,0,1,0
5,2,1,0.06814070600384377,34.9449354803045,36.57937909545768,0.9553178961598028,15,2,0
3,1,1,0.07510238591384141,40.877691534295515,43.89588887450542,0.9312419131359051,5,3,0
4,2,1,0.07492903605492503,33.99004140104252,37.05933832741956,0.9171788524862539,22,2,0
5,1,1,0.0562601492398565,58.16341952368072,54.28060763809947,1.071532211125358,18,7,0
9,1,1,0.0673516527472109,45.25056697274722,45.34878210626863,0.9978342277574014,6,1,0
5,2,1,0.05604553467327163,35.649645202493446,37.95439193196789,0.9392758884503898,2,6,0
4,1,1,0.05429499379481128,65.50540235572063,65.7913658538432,0.9956534798387094,6,3,0
4,1,1,0.06153260156181705,99.53402904825221,93.11912464984474,1.0688892257367044,11,5,0
165,1,1,0.9817509730065068,2.1323057570015074,3.515131200466799,0.6066077296683389,15,2,1
4,2,1,0.040653831388701316,87.2549401648945,94.91388764406508,0.9193063558001937,14,1,0
73,2,1,0.8571562512180808,1.5904272766303547,2.372155241925683,0.6704566583674633,18,7,1
7,1,1,0.038903135406771094,99.82879545417904,109.3426232207724,0.9129906756728884,2,2,0
119,1,1,0.9982885718539498,4.569440901100568,2.539831592581053,1.7991117656966242,5,3,1
64,2,1,0.9134173510848406,1.263160968065701,3.524242342651469,0.35842057533289834,15,1,1
4,2,1,0.03265038394705557,60.349124026933396,58.13948916960247,1.0380057494293604,20,6,0
268,1,1,0.877116393226109,4.200632946659185,3.104342612035058,1.3531473395926013,14,5,1
183,212,187,0.04682383933538237,77.13490406894934,47.99222553422662,1.6072374892041428,13,6,0
374,99,276,0.0477118515827316,185.00263851445894,61.98786234506778,2.9844977954652623,23,6,0
2,1,1,0.03567710470865604,21.859929424210836,20.96435451734476,1.0427189354256114,1,7,0
1,2,1,0.008722413884172275,75.18574253569442,73.70773419279485,1.0200522829671252,22,1,0
50,1,1,0.9749496613359127,3.790539291330657,3.2284661130375465,1.1740991413920328,14,4,1
4,2,1,0.09631853895298902,38.154060261344966,40.68629008984317,0.9377620858793821,15,4,0
1,1,1,0.06538383898166263,12.228490278209746,12.481869293055599,0.9797002348849444,1,2,0
179,2,1,0.9990084818108602,3.7949076948155165,1.9057020607850592,1.991343648572324,10,2,1
1,2,1,0.002163932494516374,27.148993843718223,28.546111448458383,0.9510575159330288,6,1,0
212,371,272,0.044243642027315434,196.58695280261813,23.602644771127906,8.329022222250892,5,1,0
2,1,1,0.03357063908699355,65.69338686048906,61.629804302543135,1.06593534741726,22,1,0
2,2,1,0.07655313315475991,6.5529331974383025,6.463620473755203,1.0138177549325094,11,7,0
137,242,264,0.007605820150441989,45.53932867623459,197.94989086751397,0.23005483093048856,14,7,0
3,1,1,0.06221976462801331,6.15305853994405,6.139083586756657,1.0022763907658043,12,2,0
145,2,1,0.9647785304471544,3.390748119774003,3.8175302823127013,0.8882046425365487,9,1,1
7,2,1,0.06737405742435558,59.33480942866519,65.11396145135585,0.9112455778472633,2,6,0
6,1,1,0.00040252788539707485,43.156291835143975,40.452988973867555,1.06682578790464,17,6,0
9,1,1,0.08420387836055213,73.43080634600814,78.27662155583612,0.938093710312071,3,3,0
77,2,1,0.8520107221377986,4.373566585316283,3.854553172411817,1.1346494365726225,16,3,1
249,255,278,0.03159448361009272,114.0050943842177,77.47729876961189,1.4714644959838574,7,2,0
4,1,1,0.023300048980899636,42.901031570218684,45.35060696808915,0.9459858299229797,2,6,0
3,1,1,0.049898726377479996,80.46480785011228,82.92410243198194,0.9703428254301952,0,2,0
381,207,215,0.015500092639115266,154.620605724695,120.22672123449075,1.2860752097125085,20,7,0
8,2,1,0.07529485996631108,19.39080073784603,19.005270345159477,1.0202854463885458,9,2,0
6,1,1,0.0626364344476658,47.313102389813366,43.45077589030132,1.0888897015156445,11,2,0
8,2,1,0.08644769036178283,32.117539783987226,32.85657186119879,0.977507328508477,2,6,0
9,1,1,0.04453196182237519,10.734755133930449,11.373686362888423,0.9438237341375296,18,1,0
6,2,1,0.0829327460062097,8.276913742516417,7.988479610611967,1.0361062612616914,2,2,0
8,2,1,0.04928250758994859,59.422270376850996,55.45785639122208,1.0714851644762888,6,7,0
8,1,1,0.02281224033203282,92.36406175089583,96.1112109084255,0.9610123613872689,7,1,0
7,1,1,0.0828125191856901,65.65987938820814,70.8898080680776,0.9262245332241977,17,1,0
474,244,229,0.028168947911280752,33.7184632604358,137.49021912002118,0.2452426323577351,9,6,0
3,2,1,0.03432485948987433,41.81058988414321,43.252231974566776,0.9666689549970212,11,2,0
2,1,1,0.009446611793823313,23.121288296721215,20.842335918542673,1.109342464639534,8,4,0
8,1,1,0.054032686724205525,72.03233642961244,69.98196610147174,1.0292985527895533,19,4,0
8,1,1,0.040759833383218126,7.513178020640296,6.849108258888573,1.0969571127584254,16,7,0
3,1,1,0.09386003157947276,67.96629320569491,72.64690819878287,0.9355703482895591,17,4,0
9,2,1,0.02920141004407341,78.92193782221956,85.14064545171891,0.9269595902579125,8,4,0
6,2,1,0.005694794869844822,40.560928638221114,40.267443701557454,1.007288392549545,17,3,0
8,1,1,0.0061347557962646015,90.90948533879099,96.18324105166828,0.9451697025883719,20,4,0
3,2,1,0.05145530913337801,13.310562546338165,13.725449981892885,0.9697723982745882,8,4,0
2,2,1,0.09023079734420988,32.01267143288037,32.99830107221378,0.9701308974308571,5,6,0
8,1,1,0.05970980156103778,51.448931103249556,53.15465501016253,0.9679101687973168,0,5,0
71,2,1,0.9631301637988667,1.9696883800242957,1.9214550087440485,1.0251025244206862,22,5,1
301,144,237,0.040236853238347026,185.37027488008948,181.41524563035165,1.0218009750834092,22,7,0
182,2,1,0.8829123457835355,4.192186331347282,2.0342824371314476,2.060769072586944,21,4,1
4,1,1,0.03218275081690799,19.64482471440744,19.460844691343755,1.0094538559852708,22,7,0
52,1,1,0.9489575983959889,4.838756876456056,1.7500309508913923,2.7649550277904495,18,1,1
2,2,1,0.09110655292738706,42.85678695594325,44.00425553588824,0.973923690652847,12,6,0
146,1,1,0.9183636554292184,1.3029585811858349,1.5318473583430376,0.850579905425573,11,3,1
9,1,1,0.0660386440271344,15.857994708526434,15.19538070979755,1.0436062782093802,11,1,0
126,81,299,0.01706546202449467,193.99069860755856,126.94868441833727,1.5281032607498004,12,2,0
8,2,1,0.06858724552314402,69.69290327511756,70.42655463918722,0.9895827452041586,20,7,0
201,248,270,0.04358183852600275,75.5957361821884,118.33572284827383,0.6388243073405211,4,7,0
228,1,1,0.9142139314937415,4.37035351773467,3.513757778149658,1.2437833777022884,20,3,1
4,1,1,0.060873048258484865,88.24121284750589,95.01421052267764,0.9287159506150378,23,5,0
9,2,1,0.09776153675237532,69.40981144804553,68.12220971025147,1.0189013501363315,3,4,0
1,1,1,0.08993571956493643,20.776122218184344,21.45423750077126,0.9683924780564894,17,7,0
3,1,1,0.06025113375531554,65.8124844621376,62.808390654514284,1.0478294981979037,2,1,0
8,1,1,0.02400384187641498,74.26481194151324,70.57991473816679,1.052208864476763,4,7,0
142,1,1,0.9064555940947401,2.2043487218608546,1.7740624658250057,1.2425429004472792,7,2,1
4,2,1,0.051702586221881,18.704060562392023,19.161529622377124,0.9761256502481481,6,3,0
293,1,1,0.9104298608725157,3.603093559126441,2.81746554581607,1.2788421013619942,4,7,1
9,2,1,0.09148151491912278,35.46314899117074,37.73298785963448,0.9398447089080921,18,3,0
6,2,1,0.07614475821271212,79.9528328459679,86.82920562375838,0.9208057619738381,23,1,0
6,1,1,0.0784363945441166,30.577151964560034,31.51612827512213,0.9702064827771596,9,3,0
8,2,1,0.07075384896146737,64.07890033821863,64.02805872820367,1.000794052030076,18,2,0
6,2,1,0.043248337587265984,44.76749263883193,40.68734245116709,1.1002805772473794,18,3,0
5,2,1,0.09431630524604394,14.441364000331712,15.466221827885137,0.9337357346248818,23,4,0
2,2,1,0.036169081130025295,75.13059601295039,73.65420775744012,1.0200448596280114,18,1,0
159,1,1,0.9785626266721346,2.083789899329104,3.388654282745615,0.61493139324934,2,7,1
4,2,1,0.01839104651234649,39.12149084848183,38.20879925396514,1.0238869478323627,9,1,0
5,2,1,0.003899140470499507,76.31547575642857,83.17141212556058,0.9175685948582685,13,2,0
8,1,1,0.04715825960942326,79.02448590019392,81.25252318327823,0.9725788542214424,19,3,0
8,1,1,0.04568163262063199,83.45607626220166,80.33620720754115,1.0388351549457722,2,3,0
244,2,1,0.949757216857384,2.0672151283690052,1.7926037067211087,1.1531913722025011,15,7,1
8,1,1,0.006400008275238689,17.941638940252655,16.797251962198683,1.0681294166825237,10,4,0
5,2,1,0.025050142469593962,40.25637066577954,37.00920901129384,1.0877392881727028,0,1,0
73,1,1,0.9471489378460441,4.66729316809368,3.1068547510035627,1.5022566364217933,21,6,1
99,2,1,0.9523962702167591,2.01134481229916,2.4799527822674,0.8110415757433109,14,4,1
8,2,1,0.034154811692317634,96.1357709282803,101.87724942728426,0.9436431732179618,19,2,0
195,172,52,0.030732117729639033,176.66458963202442,145.30756565721035,1.2157976003038085,16,5,0
1,2,1,0.08208436635786887,21.92259671468648,22.797898773674792,0.9616060204636473,22,4,0
193,1,1,0.8966949659228514,3.331486288114205,3.3309876146431394,1.0001497073927483,12,7,1
1,1,1,0.06796758674906396,72.73108747815498,79.06367098839856,0.919905268360575,9,3,0
9,2,1,0.06501562207384941,86.85940868847814,80.46792480662675,1.0794289637418988,11,3,0
315,276,88,0.009094034907579368,50.525480147728416,175.30400614317088,0.288216346330752,19,1,0
7,1,1,0.0891875166934221,65.07065136470374,63.08397986671494,1.031492488301884,22,5,0
278,92,240,0.030212048204854937,81.0498063876184,73.71036593657853,1.0995713473645599,2,6,0
1,1,1,0.05305061000895431,57.85529216231409,57.786183933288335,1.0011959299666775,1,7,0
4,2,1,0.029140226628824484,85.83610060434498,85.12310492557089,1.0083760534745239,11,6,0
3,2,1,0.04390099911996094,80.7209739042118,74.16059191105467,1.0884618342990764,3,6,0
163,1,1,0.8566464523312946,1.189522932224202,3.768101709443482,0.3156822782259465,5,6,1
6,2,1,0.032460010727965054,44.81054787299406,46.44592117681008,0.9647897326098778,7,1,0
4,1,1,0.07973732687744775,41.25305201738024,39.5033991494219,1.0442911978622464,19,5,0
2,1,1,0.013300402098765785,20.52830654172129,19.883428716340894,1.0324329286754457,18,6,0
5,1,1,0.027687051696515665,42.779707838778265,44.32205002485469,0.9652014700310225,23,1,0
2,2,1,0.06257978396212309,51.56224182697668,47.87892689882018,1.0769297719629398,16,2,0
1,2,1,0.09330148731304205,76.79284269210305,81.2422112481453,0.9452332908264628,5,4,0
7,1,1,0.010590633617477786,63.82020234295692,65.34661692972081,0.9766412607341934,4,5,0
8,2,1,0.0550264097859178,33.126025822278535,31.719802921060325,1.0443326493773564,9,3,0
4,2,1,0.014329834301432521,17.810404439278763,16.942370612572155,1.0512344964324225,17,1,0
9,1,1,0.07042914023816464,75.51107437479999,78.35090945384266,0.963754918751573,20,5,0
6,2,1,0.021029522676950664,17.946343962585093,16.23963492112133,1.105095283838186,21,4,0
294,1,1,0.8759626859230603,1.5580018858511746,2.2030573360537935,0.7071998809808243,2,2,1
8,2,1,0.008072330458291444,98.13660812122146,106.34894463619705,0.9227793322908028,12,7,0
2,2,1,0.022148972502014242,47.088800812821084,49.61485760163036,0.9490866867120411,0,4,0
6,2,1,0.058421862129280355,41.77743486086703,37.886854471446014,1.1026894537352847,11,7,0
121,2,1,0.8984248584154704,1.2637635522371475,3.0376186214232357,0.4160375971243645,16,6,1
7,1,1,0.09566118541638587,75.7818983861914,76.79985479116327,0.9867453342491346,21,7,0
5,2,1,0.052178881713734415,54.456982596283204,49.814087199176804,1.093204466008626,20,2,0
323,358,52,0.028417362539912346,180.25624837066553,155.22392543327686,1.161265880034382,3,1,0
181,1,1,0.9588026307850633,3.1220923654595776,2.0365049880382635,1.5330639422921546,1,7,1
6,2,1,0.03799561251474085,9.242702743336256,8.93792326483298,1.0340995854934734,22,5,0
1,2,1,0.02356886639246012,84.0886560100453,86.14184041263117,0.9761650738740798,12,7,0
165,111,145,0.005522156347057556,99.40678850842434,165.62333760800553,0.6001979548540353,17,2,0
393,314,180,0.01278661633867747,64.52764751589325,192.81205697233466,0.3346660397132317,15,7,0
4,2,1,0.07694659944477161,83.13200184164803,90.9845440626593,0.9136936685026045,17,6,0
7,2,1,0.015001936178986208,58.39139218158729,54.39345729089696,1.0735002901049169,4,1,0
3,1,1,0.02555028242390638,74.23224410132408,81.59406174972418,0.9097750805569502,5,1,0
1,2,1,0.08410276377574118,77.37224420320706,75.11305116547867,1.0300772369471618,9,2,0
1,2,1,0.012778295457384327,16.537048494195624,15.814495366988666,1.0456892939318962,8,1,0
2,2,1,0.025674408743455793,63.06869041920404,60.85775728661537,1.0363295203629683,14,3,0
2,1,1,0.08759339254453248,21.726368423577473,20.70482583801764,1.0493383809915513,5,1,0
397,89,236,0.012172281701437238,198.33050994456892,156.22036525613674,1.2695560506428785,4,5,0
6,1,1,0.06124029081029721,95.3552772978482,101.41563694689582,0.9402423548133806,23,6,0
3,1,1,0.04937694913726616,42.110862206412214,41.874518601655126,1.005644091267183,15,7,0
8,1,1,0.0017300122740969816,78.96086024532352,76.24953813039335,1.0355585382077144,7,6,0
150,371,283,0.01149625817727803,80.82225663951135,199.6714528206437,0.4047762236302779,19,5,0
5,1,1,0.02970769577964727,27.235936794347115,29.03414546057374,0.9380657278627862,16,7,0
4,2,1,0.07059325391660635,57.54194519988547,57.965590677680666,0.9926914317124639,0,5,0
7,2,1,0.0651912606732952,32.605026745942915,35.69565858532822,0.9134171503798608,13,3,0
7,2,1,0.09447090508254123,15.678447571405139,15.527491292463084,1.0097218717498382,16,5,0
107,1,1,0.9218052522835525,1.416041190912563,3.463236666806683,0.4088779737418985,8,1,1
6,2,1,0.09758318897827073,57.996115667368564,58.758508377148196,0.9870249818990277,17,4,0
3,1,1,0.0067185196523901316,29.007246672366865,27.25436573082513,1.0643156020893636,13,4,0
9,1,1,0.04762328135171624,98.83846655302662,97.64483847459705,1.0122241799676908,7,5,0
8,1,1,0.02176140244488256,83.25433861274614,84.61738448371796,0.9838916567879252,14,7,0
235,1,1,0.873617943578477,4.424598290383766,3.773922358361469,1.1724137038963363,11,6,1
9,2,1,0.06837648247778044,34.66202476396984,37.501111974397574,0.9242932526276552,14,1,0
9,2,1,0.09319224356855871,64.6540618634487,71.04268467105466,0.9100734602417283,18,1,0
430,144,223,0.038232480579517863,160.13257307346032,158.62009740145137,1.0095352083171467,14,6,0
8,1,1,0.0263521442483732,26.941485408559345,26.398241418768563,1.0205787946694262,8,5,0
6,2,1,0.08911166744533762,15.438787124844099,14.016774673287893,1.1014507605851844,22,4,0
6,2,1,0.09517732844096327,71.36512578801506,73.04158651495833,0.9770478598982795,16,1,0
8,2,1,0.034252350736676256,95.54206061109595,90.61820939656968,1.0543362227891546,2,2,0
249,150,53,0.03597447251297044,70.4477540313971,148.6093075011829,0.47404671494641304,19,4,0
4,2,1,0.08789489025953955,96.38285199252482,103.26839642883506,0.9333237982342909,0,5,0
185,293,199,0.019505660671696658,141.06209511703213,144.29119376200447,0.9776209582803892,21,5,0
5,2,1,0.005164179722275664,99.64299936861696,104.35725321385016,0.9548258151680871,7,3,0
278,102,144,0.03442622010539324,138.51659795548073,128.5928625887596,1.077171743181869,21,3,0
230,1,1,0.95229961709211,2.349898780146692,2.4538192366507783,0.9576495061445817,23,1,1
112,2,1,0.961368290154228,1.3309272292840206,2.8084303686774277,0.47390430046901727,10,6,1
8,1,1,0.0791532618666892,81.77048292836263,81.17825948217273,1.007295345452928,1,5,0
349,154,250,0.006777244180575743,167.07446973950476,152.47898613176656,1.0957212792268,11,5,0
181,2,1,0.888041808353792,3.6520937532976068,3.184286159577538,1.1469112919745044,6,3,1
224,355,216,0.016983921886461275,134.20641317122644,126.39117404881806,1.061833741012563,21,2,0
7,2,1,0.041519763914190926,64.72501167533747,70.09108748856931,0.9234413959676833,18,1,0
5,2,1,0.04297008070431599,74.2585742629179,70.43300884547128,1.0543149509037708,18,4,0
82,1,1,0.9938176907087547,4.093044608319954,3.7649697656472876,1.0871387721798247,22,6,1
4,2,1,0.07068443574290983,94.05938284230572,88.17004919528186,1.0667951725191849,0,4,0
218,1,1,0.9955440599123129,2.378692564050191,2.3748213344285194,1.0016301140492336,20,6,1
8,2,1,0.031475649286076914,98.62271770549938,97.95488678415016,1.0068177397093094,12,4,0
1,2,1,0.06656648349426618,53.126876137428646,57.27572663835991,0.927563546646432,11,6,0
261,2,1,0.937529432329887,2.3973081439036448,3.6087062320357144,0.6643123573268236,6,4,1
1,1,1,0.07498764545979597,94.90627551136512,92.58711318819175,1.0250484353957496,10,2,0
3,2,1,0.00034461437768696924,36.36719719952358,35.48329284055163,1.0249104377923404,0,6,0
5,2,1,0.002515412982311316,77.5362748336817,83.9739758314939,0.9233369513106013,1,5,0
9,2,1,0.05264985273282413,54.04214430390377,58.0754099153207,0.9305512330038169,1,4,0
4,1,1,0.03451574641359802,6.671042040189836,6.33932315025992,1.0523271778496281,21,5,0
5,2,1,0.04824754444178325,48.62755217958864,53.23686805181328,0.9134187257646603,3,7,0
135,2,1,0.9693591572454757,2.7215704720643017,2.634594703142451,1.0330129597611766,10,7,1
281,1,1,0.8798862817876927,2.9849406954798043,3.750692567819229,0.7958372064643365,14,5,1
2,1,1,0.03732549590164754,53.0494135114047,54.64554584390299,0.9707911723115056,6,3,0
259,110,176,0.012889883108206296,64.11744515515451,148.64999632569675,0.4313316295997156,3,1,0
1,1,1,0.05372034865910831,85.36046636634488,83.76653132748807,1.0190283041878059,4,7,0
272,299,254,0.015031027992782104,139.00776854943672,145.20533137463795,0.95731862758392,6,4,0
5,2,1,0.007091347318006769,52.491255886101726,56.41680059340543,0.9304188705135015,20,4,0
237,2,1,0.9786258609935884,4.626675258460761,2.5215124268081004,1.8348810060466436,5,1,1
4,1,1,0.0074796647996939305,98.90984339596255,102.36766089157521,0.9662215834034239,23,2,0
3,1,1,0.004321993725495721,84.59344339274209,79.00391627585019,1.0707500005110568,11,6,0
249,1,1,0.9371893057628939,3.0981762626601452,3.5411201051914287,0.8749141996392866,13,4,1
7,2,1,0.07685001073627779,21.026597749323155,18.99280809937109,1.1070820933540317,22,3,0
3,1,1,0.048458808319761806,93.01570456758328,90.29912041787956,1.0300842814097426,5,3,0
4,2,1,0.037974453454895675,75.08772374537769,69.83194619912128,1.075263225963514,11,4,0
5,2,1,0.016566316747641276,42.5368640535839,40.97434814636395,1.0381340028067927,16,2,0
3,1,1,0.012261922045743846,33.13112740813135,35.69173984514638,0.9282575618861785,17,7,0
119,196,223,0.0031425339128917542,182.99749900715534,118.06685974135472,1.549948049842624,10,2,0
2,1,1,0.05528693935257713,59.69519858680466,56.28469106061433,1.0605938748516444,14,7,0
7,2,1,0.025961409867392038,60.26609970507841,57.14373769971063,1.0546404930978743,0,2,0
8,1,1,0.03205873059917339,31.08431631172544,30.50574960218947,1.0189658250356335,12,6,0
6,2,1,0.010848125756641569,96.32152802490171,101.1405869990471,0.9523528672599972,4,1,0
6,2,1,0.04093429638289447,67.84979035453556,69.66422596645893,0.9739545572099378,6,2,0
7,2,1,0.0026284772337607067,47.80899955337619,50.28125291383457,0.9508315084213393,21,4,0
9,1,1,0.04910448217723773,13.68457216587918,12.753434360453008,1.0730107498191646,9,5,0
256,1,1,0.8611919860986036,2.6115824441240227,1.5063839706701594,1.7336764695937272,21,2,1
6,1,1,0.09084462056904016,54.77160928691774,55.95454712825417,0.9788589506653498,2,6,0
6,1,1,0.0895866939157868,75.72639704518029,69.75374780436864,1.0856247790091873,1,3,0
396,136,223,0.025248045947108385,145.74769161086707,117.73038522293143,1.237978550183818,9,5,0
325,285,213,0.021810364824118484,173.45414122791746,132.5714947700264,1.3083818774828688,20,3,0
85,1,1,0.9480092098229258,3.088005800608217,3.0198001461621997,1.0225861484683674,23,3,1
234,1,1,0.9661201988061141,2.6119990362144088,3.3063852415403905,0.7899862978451723,21,3,1
9,1,1,0.02112547308105818,22.848271199408867,22.71683420160733,1.0057858853322192,23,6,0
1,1,1,0.05780949074597089,29.435299481404705,28.572471699084584,1.0301978698730416,15,5,0
4,1,1,0.05811479149732605,82.40302472796736,81.13596611424636,1.015616485196428,11,3,0
6,1,1,0.04917939800626569,74.6614381074269,75.65676582990096,0.9868441677151274,18,4,0
1,2,1,0.04891799615470363,14.11769118613073,13.822963109499458,1.0213216279531794,3,6,0
103,389,160,0.03577385643438396,182.57749849701298,50.09548330426455,3.6445900199843058,21,2,0
9,2,1,0.09471165032363785,39.06060492013517,36.252765589066755,1.0774517277632252,15,1,0
8,1,1,0.06053856080126564,63.54922673543594,59.35885052360549,1.0705939581859667,3,3,0
3,1,1,0.07545395326953876,18.836350622517287,20.226650746212766,0.9312639476925858,13,3,0
2,1,1,0.03945716984632386,80.2280551809387,79.71894286942268,1.0063863404755622,11,3,0
1,1,1,0.05127134815929951,82.24126517928852,82.19615152391464,1.000548853620729,1,2,0
203,250,113,0.004197785153545081,179.29885041110467,68.39747288147268,2.6214250740201344,10,3,0
1,2,1,0.05769109078983793,16.974997850478655,16.074843227194286,1.0559977233097708,2,3,0
9,2,1,0.048155339712726,68.36514560468214,62.619698385586105,1.0917514355262135,13,1,0
9,1,1,0.057678970849723635,75.2440882683857,68.86717532920153,1.0925972774213695,21,6,0
275,2,1,0.9221865183065254,3.965579889118999,2.3208933808180134,1.7086437153443497,11,2,1
148,1,1,0.9890603674076778,2.0497922678553606,2.0811726005419082,0.9849218019310957,0,3,1
2,1,1,0.062063695212075956,77.4399393239277,81.08826184015196,0.9550080069120714,4,6,0
9,2,1,0.07893829606886293,55.64248812084003,56.51207642315267,0.9846123455843081,11,5,0
6,1,1,0.02294006266965225,22.423899043648323,23.67017514329376,0.9473482518781221,9,7,0
405,337,136,0.045254201888047685,162.18788979005842,183.633054745033,0.8832172944857323,22,1,0
9,1,1,0.018297338341486946,81.77128172360551,83.60297376725964,0.978090587438273,10,2,0
7,2,1,0.04272471962317044,90.43982024748806,90.78825619621476,0.9961621033014044,8,7,0
8,2,1,0.0177116568678373,55.19274587647265,58.54369177255619,0.9427616230779902,15,2,0
2,2,1,0.07596949977999118,58.612410947949314,62.78533163135531,0.9335366944000975,3,3,0
2,1,1,0.03844287330673829,66.57120268697929,72.00725562877184,0.9245068723377304,19,6,0
3,1,1,0.07035850589987712,21.97946747654657,21.378652067026888,1.0281035215707703,13,6,0
9,2,1,0.0878216310274203,95.7697440970406,97.37124820568357,0.9835525975259143,19,5,0
7,2,1,0.028726583099174797,12.292840028773169,11.826296906207782,1.0394496372165738,21,2,0
1,1,1,0.06514591857160702,51.44319727158199,51.822930457988605,0.9926724871972561,15,1,0
8,2,1,0.09450219175352388,54.19761382220746,57.79538338937112,0.9377498797278451,4,4,0
1,1,1,0.033207524218133604,10.91315398508419,10.960894609063164,0.9956444591722012,13,1,0
5,2,1,0.020400863651076708,16.465404445392842,16.501617770752997,0.997805468175106,20,4,0
4,1,1,0.05499974854873579,61.183704225396816,55.420039354308884,1.1039996531622782,10,7,0
90,1,1,0.9393540243720352,1.3743565282896903,2.00570191884844,0.6852247162822518,8,2,1
216,148,251,0.03724825992304467,134.01776563075282,142.15286089788535,0.9427722015881459,15,6,0
1,2,1,0.09484728194553961,32.58428671677855,32.286571595674495,1.009221019959392,15,1,0
316,93,152,0.03437724527641654,26.185345259034992,168.86177869644624,0.15506969937884513,9,6,0
6,1,1,0.026855410620967947,45.98354184862961,44.868454279686816,1.0248523731615962,16,3,0
154,98,280,0.03351600329153908,182.20362307151092,22.870223561595953,7.966849234367353,10,2,0
4,2,1,0.009137144056141478,46.098418622844335,43.584233065132246,1.05768566706118,14,7,0
7,1,1,0.07437809301448561,61.14499611316561,61.62704116170537,0.9921780270567444,4,4,0
175,2,1,0.8880949597468333,1.9203631681601583,3.0283825769378545,0.6341217198858445,11,2,1
1,2,1,0.06190885652738011,60.52264590959371,61.81208700312599,0.9791393373683198,22,6,0
176,279,188,0.022454397858428857,84.04946816017896,142.80074780707838,0.5885786275694334,21,5,0
5,2,1,0.0037949730239870806,95.51276022956664,98.65664731879596,0.9681330434930525,10,6,0
7,1,1,0.09576564743886976,83.14545455533606,85.83241667838482,0.9686952525976655,9,7,0
339,217,131,0.04623929548570069,50.05601880122188,68.12076123409958,0.7348129688275572,19,3,0
3,1,1,0.02841628057048742,75.58360572020737,75.24384283878598,1.0045154908176255,23,4,0
2,1,1,0.062463555868817626,18.219709279231257,19.94261185512501,0.913606974431938,13,2,0
283,1,1,0.965082392975902,3.4705522021741797,3.550160298858427,0.9775761965706603,13,1,1
232,1,1,0.9676906188016702,4.510327090133469,3.2864586780261504,1.3723973224706343,11,7,1
2,2,1,0.04805782526886784,63.96728150183061,58.5841346018564,1.0918874527473796,4,6,0
7,1,1,0.0661821597989107,83.59131071283421,86.69098723979039,0.9642445353819498,23,4,0
3,1,1,0.029479168400750932,81.18489619546865,84.37893084044816,0.9621465380852111,23,5,0
9,1,1,0.04947234981028958,37.93115593085023,36.55693875623169,1.0375911447012036,15,2,0
2,1,1,0.06250225476519637,82.03843128469887,79.26518272163719,1.0349869699133951,5,7,0
1,1,1,0.0070439985970260355,49.77300871066509,50.254134507430564,0.9904261450031672,20,1,0
8,2,1,0.06611908997319381,71.83108549717383,66.6126293061247,1.0783403424456828,22,3,0
1,2,1,0.0005896940036786758,8.328007029358599,8.600876613822926,0.9682742124185593,9,5,0
365,387,252,0.04641226732190379,163.45546020124635,129.67353907245456,1.2605151472723843,3,7,0
6,2,1,0.07475283198621373,87.67531420834663,85.69713075040494,1.0230834269551359,21,1,0
451,149,231,0.005439792319047743,128.39752356467662,164.1687852477541,0.7821068016730858,4,5,0
8,2,1,0.08349341485264097,33.75885562743082,36.00484243518979,0.9376198684440338,12,7,0
6,2,1,0.054294240579772585,73.17365015182963,78.74261166307203,0.9292763931291592,8,2,0
6,1,1,0.07600358554624315,24.64424813579141,25.607495788665545,0.9623841526393812,12,1,0
9,2,1,0.013706269597417954,59.411559628575446,54.55558722350756,1.0890096258184072,13,4,0
9,2,1,0.056660134695019106,7.132461880369318,7.83156635732406,0.9107324837641271,6,6,0
1,2,1,0.08947018610241837,8.127265742575608,8.63514041838796,0.9411851283007665,11,3,0
95,2,1,0.9775178302084168,2.415982278178667,2.8859101020710245,0.8371647739286397,0,6,1
4,2,1,0.014337567106823957,40.5271746313466,42.46672114568199,0.9543278486775143,0,6,0
4,1,1,0.06677499845209807,6.639793622237809,6.673485634578497,0.9949513621238482,4,5,0
5,2,1,0.04241596830059892,32.540071744880265,32.74716562304999,0.993675975485831,22,2,0
3,2,1,0.06312722566411592,18.112936943680474,16.441704744487044,1.101645919639434,12,7,0
4,1,1,0.07530576099149094,74.01998839294268,80.12815516694516,0.9237700311298037,15,2,0
269,386,73,0.021348319709550465,182.38111555561,137.17434294334458,1.3295570559498624,19,5,0
3,1,1,0.022123534791790214,55.10238383834548,51.46364663113241,1.0707050014021324,0,4,0
2,1,1,0.014738326759734854,35.8347518847899,35.19036910634601,1.0183113390057534,15,7,0
7,1,1,0.02073126732427414,94.22466662117665,97.94228852521348,0.9620427298563705,21,1,0
5,1,1,0.0830016670374786,91.09815818118028,84.03403542171198,1.084062638715588,5,4,0
5,1,1,0.023416868619664244,40.27035779093173,37.429697590819295,1.0758932180314806,21,3,0
3,2,1,0.07148429288450242,39.819134337688936,37.65106532143561,1.0575832050897904,14,4,0
7,1,1,0.05486383916955772,65.23351247429282,66.39590420354763,0.9824930205680865,23,2,0
6,2,1,0.03565657573377936,78.5553406978328,79.27500951462568,0.9909218703195475,9,1,0
248,2,1,0.9100916385696015,3.663089684243156,3.5236964603054206,1.039558805790455,18,5,1
9,2,1,0.04794968364782597,23.718333214456514,24.573362479881318,0.9652050358950741,22,6,0
3,1,1,0.04091893747197988,99.21970375235333,89.31467409848466,1.1109003616017978,18,5,0
4,1,1,0.029576613119709584,16.17639164235233,15.868365950769329,1.019411305016448,13,2,0
9,1,1,0.08860190180435905,24.872314026780032,23.195284465131035,1.072300452454896,12,4,0
6,1,1,0.037734845663981255,63.72903257213304,68.54925500937829,0.9296823512292616,0,5,0
1,2,1,0.0016639464201950284,76.3975403531575,72.40078317379036,1.055203231293415,17,2,0
111,2,1,0.8858289819449837,2.051159889421677,2.101344733262626,0.9761177482939555,5,7,1
235,93,150,0.006822555913522927,122.29491882707063,163.6625086411573,0.7472384472317463,14,2,0
8,2,1,0.08536544794493112,71.78018266197364,65.93652161977921,1.0886255583194349,15,3,0
6,1,1,0.07251376641998437,57.91564796548756,58.216240192572236,0.9948366258952768,12,6,0
7,2,1,0.0740143206760953,29.179078570964645,30.338147444753307,0.961795001626274,2,1,0
299,2,1,0.8644997150748507,2.3406125704892826,2.7672011100805074,0.8458411504544338,10,5,1
8,2,1,0.08098815857057108,76.35960184632995,80.33621721215223,0.9505003408945579,3,4,0
430,257,200,0.040180597147800916,134.86510792838436,31.66576861769525,4.2590189285037585,21,4,0
193,2,1,0.9380093617622033,4.371762559509046,2.9663964018683853,1.4737620895020942,1,7,1
7,1,1,0.07150318415582864,76.19139966418692,75.21568141519563,1.0129722716145488,11,6,0
225,163,103,0.02304898933466786,98.01347912693126,109.27594400469339,0.8969355517324251,7,6,0
2,2,1,0.04666062659261821,24.004677148905618,24.284054313094384,0.988495448058765,4,4,0
1,2,1,0.07531877038481742,46.1653515721252,46.60279370152786,0.9906133925746106,14,2,0
3,2,1,0.07958326589504416,5.108865309684347,4.886531914504978,1.0454992209340543,4,7,0
125,1,1,0.9120233370096257,3.2695970751437713,2.8586129713547317,1.1437704606770427,17,4,1
6,1,1,0.01450432716691872,6.388604010173329,6.548038140497338,0.9756516185606854,4,7,0
410,213,178,0.0134818082608338,161.51031586088683,68.549060734857,2.356127336092868,9,4,0
5,2,1,0.021742297113421318,30.08637788899818,31.586654712924403,0.9525028263498777,4,1,0
9,1,1,0.07200515995351069,63.70083872881122,66.17734200114417,0.9625777766612305,16,2,0
9,2,1,0.04378258116344047,58.95244781097377,58.87335928314907,1.001343366996341,9,6,0
5,2,1,0.015509360627100233,30.459662635559546,29.808904319645404,1.0218310042172623,4,3,0
6,2,1,0.022595271085325386,92.21727341552092,86.52162179173833,1.0658292286463642,2,4,0
1,2,1,0.06510511169779468,25.658732642370023,24.138809357448057,1.0629659591910647,0,3,0
7,2,1,0.02686677846278276,82.44240706781152,80.1203779340373,1.0289817546253457,15,5,0
65,2,1,0.958188114614461,4.020471157221669,2.052495393809088,1.9588210377224513,9,2,1
1,1,1,0.06224833190290374,50.21839021175197,53.02422490275105,0.9470839093613321,18,4,0
485,164,245,0.03918367965098019,93.44255005968837,196.72544408920885,0.4749896511470834,1,1,0
8,2,1,0.09804488986363928,71.878662577143,75.5211503930207,0.9517686396867397,1,3,0
162,168,238,0.007214870113763972,178.9503912618621,93.8295767075246,1.9071853198236939,15,4,0
3,1,1,0.05554650059086728,18.408471140195644,17.9933933994368,1.0230683413375397,20,7,0
209,2,1,0.9466868343821303,1.5496619993058727,1.6637034545755478,0.9314532557133086,11,3,1
145,117,255,0.006787209222591928,147.28885291655484,32.659506575739016,4.509830930084161,18,7,0
1,1,1,0.08625743540614568,98.67682768219116,93.82881739997195,1.051668670847179,5,3,0
246,359,73,0.026736985770675556,144.87069106323958,181.36734907564937,0.7987694135773753,8,7,0
2,2,1,0.013963839922991229,53.69547685875215,51.77510386635666,1.0370906642187028,0,5,0
4,1,1,0.04174928523515995,80.6234921906676,81.31127598578311,0.99154134790314,0,5,0
5,1,1,0.029791919431210637,66.03027748946405,66.05475773436275,0.9996293946758968,15,1,0
4,1,1,0.06094615860107644,45.07654727491221,40.74132251703841,1.1064085427285961,18,6,0
8,2,1,0.031256973352295714,89.13055499571595,89.52009018383602,0.9956486282875707,2,4,0
5,2,1,0.06903933385936838,18.815171614066784,19.158191025158363,0.9820954175349266,0,7,0
133,129,82,0.04981357839016021,84.01399792532403,97.14847516049217,0.864799965069245,0,1,0
6,2,1,0.008571009343828396,18.234057333912,16.427575816162268,1.1099664087973604,3,3,0
1,2,1,0.06349140441376434,54.32867757056422,57.80346529434807,0.9398861693483347,16,2,0
465,264,184,0.029693811268261056,124.78937529770664,115.0299206745754,1.0848427484423047,11,1,0
8,2,1,0.06301864391211986,29.920135377310608,28.599462930819982,1.046178225433297,20,2,0
3,1,1,0.013873918710974476,42.36829052354795,44.06036497422865,0.9615964495148778,17,6,0
7,1,1,0.07920507904502913,23.070966889054766,24.13909328008601,0.9557511801028412,20,7,0
4,1,1,0.039423773612930105,49.47688747361903,53.49704085432251,0.9248527896776433,15,4,0
264,1,1,0.9775126031995954,4.793454924085921,2.403124236434012,1.9946762849010724,15,4,1
195,357,220,0.004442574253571541,108.30509832881158,131.67458744843606,0.8225208859775164,4,5,0
5,1,1,0.04116507968016314,15.243249015934968,14.918304336453284,1.021781609501535,12,2,0
5,2,1,0.0829317492922566,56.394669534399355,56.70844035356354,0.9944669467682783,15,1,0
63,2,1,0.9315054830865978,1.602632927955673,3.696577315432518,0.4335450854131958,8,3,1
199,162,73,0.04949674757314998,124.63089175299073,39.598690885609834,3.1473487876914032,2,2,0
365,281,195,0.0033578891191410666,151.58643649909595,110.20999314137097,1.3754327731846392,2,2,0
5,1,1,0.03210198105508997,30.20578665614338,31.125970917295515,0.9704367692305199,15,7,0
6,2,1,0.02712215203841182,80.50887485241104,76.15042950149098,1.05723467851005,8,5,0
487,147,65,0.04078466886222329,166.51186108431014,172.7638268389279,0.9638120672075258,2,1,0
160,97,291,0.0009365146030209937,90.48833856587999,33.47170786485292,2.703427591183585,22,7,0
3,1,1,0.036816351385128745,74.77941499550614,74.70292524225465,1.0010239191170016,9,1,0
6,2,1,0.056389211282926614,95.31478399667283,87.858507588587,1.084866868476769,12,2,0
278,1,1,0.8800805007861899,2.0551376482272627,3.2514970273704034,0.6320589042301302,11,6,1
157,372,65,0.037315308474380464,109.4379305036232,103.13560262003053,1.0611071998756003,4,5,0
2,1,1,0.001630590178650482,21.536093053694298,21.48661879011436,1.002302561611169,17,3,0
5,2,1,0.014367643635477025,9.36641821605548,10.072945504052557,0.9298589188522041,15,6,0
134,1,1,0.88581076680439,3.271562193221621,3.5878154083580105,0.9118535434126124,0,2,1
215,2,1,0.9100831896972749,1.1723238800236992,1.9980661066399372,0.5867292759372944,2,6,1
114,2,1,0.9475267188941517,1.508477167428194,2.7654252141380065,0.5454774765617345,10,5,1
483,232,219,0.03556136407352512,148.23097435153784,40.78455953201983,3.634487562263905,15,4,0
3,2,1,0.06265033072660964,31.67143532090241,31.715794273012893,0.9986013608321256,10,5,0
466,289,288,0.04845582654703693,48.2184987203004,173.52327579057467,0.277879140424339,7,4,0
9,2,1,0.09060194557764882,39.18404304879307,35.759478300242485,1.095766630592241,6,6,0
280,311,61,0.02577969026271762,48.393861119394906,91.72123476431402,0.5276189449885547,20,7,0
3,2,1,0.05823966042362147,62.22459654210985,58.41401504704193,1.065234028032471,17,7,0
64,1,1,0.9757288052175376,2.881295302183918,2.58747309728182,1.1135556559837327,3,3,1
110,297,115,0.04502026592825337,75.27483435500142,53.60497354305417,1.404250937546729,6,5,0
191,373,169,0.03208716271125875,51.68590419440014,48.56648822450056,1.0642298029760757,20,7,0
9,2,1,0.03430237727813903,53.365291577186404,55.59549972915466,0.9598850956852049,21,4,0
233,257,215,0.009656142013186826,29.423801033443777,182.6114240906087,0.16112793150796625,21,7,0
335,395,109,0.042807179903500976,74.7909834593594,74.18825582562027,1.0081242998238944,20,1,0
6,1,1,0.0119778379883561,20.515628922859314,21.09307559818311,0.9726238749472109,12,3,0
8,1,1,0.04923951254805192,95.39533445973855,89.49415101977525,1.0659393197512912,13,3,0
5,1,1,0.04391044474069675,63.41713802952564,60.005167561001876,1.056861277240083,16,7,0
105,385,214,0.03714083452886659,34.036909938197,122.12118732240842,0.2787142074563785,2,2,0
4,2,1,0.07251352229107912,86.01650480178003,80.40480444972617,1.0697930974455965,0,5,0
7,2,1,0.03921281469692724,73.76774863989813,79.81100616147673,0.9242803992553152,2,4,0
2,1,1,0.07724077221232417,97.29032167567601,105.9185598961336,0.9185389394557606,5,7,0
1,2,1,0.05791279167555102,18.300045856570538,17.06066929066364,1.0726452488347067,9,6,0
225,128,137,0.048696193944359735,93.48532474972437,79.60983575996617,1.1742936517491955,12,1,0
4,1,1,0.02298695912022544,82.647900721365,78.26601251898883,1.0559871144746649,15,4,0
3,1,1,0.07142634628218487,25.68744876215669,24.026104927181674,1.0691474477452845,1,4,0
8,1,1,0.018366153878188574,5.945594442769612,5.911874713912383,1.005703728595242,10,6,0
9,2,1,0.02189061625913166,24.572089969752746,24.79683282796852,0.9909366305053973,17,6,0
51,1,1,0.9985596694137947,2.0104778424070986,2.678840968945612,0.7505028725906114,3,1,1
8,2,1,0.07464189397373387,99.25438634685457,101.5077523817515,0.9778010449248995,9,5,0
8,2,1,0.015892755017040273,52.214971398119076,47.93453550580754,1.0892975356315477,17,7,0
3,1,1,0.015205972777803235,80.2605108614536,73.23041663490584,1.0959996480915393,20,3,0
7,1,1,0.04766196381514484,14.776615549168364,13.32203033975544,1.1091864507373301,2,6,0
9,2,1,0.04911531743104505,44.82750944224921,42.95577559025367,1.0435735084811324,23,6,0
1,2,1,0.01892735001678755,55.68322793906624,53.65609171325963,1.0377801692422868,10,2,0
9,2,1,0.06163800261488342,29.397820751536972,29.580984261595763,0.9938080657344257,17,1,0
6,1,1,0.08721104087930272,54.082747101184324,52.84036619912651,1.0235119661619294,21,4,0
8,1,1,0.008818006124085299,37.00164130672825,36.24447469357523,1.0208905390284837,21,2,0
5,1,1,0.09348617942523624,33.0983306313463,31.389228286755394,1.0544486894987495,20,6,0
8,1,1,0.042603616273956174,54.10268340691722,58.618045717068384,0.9229697569252743,23,7,0
258,1,1,0.9488166517731557,2.4707580901454125,3.454985713777651,0.7151283087199534,22,2,1
1,1,1,0.013387296911274516,82.87516138799351,80.89714683251952,1.0244509804476671,1,3,0
3,1,1,0.06750548307334661,77.84320178842654,81.1131702674144,0.9596863435591605,4,3,0
5,1,1,0.057544092653066536,42.452988844317055,40.81153529966861,1.040220333114049,16,7,0
1,2,1,0.09651525524330386,62.11379152155973,66.00525978331953,0.941043058166355,3,4,0
162,1,1,0.8984870175916011,4.752732608178036,1.6915072708955254,2.809761855567918,22,2,1
7,2,1,0.04338080365183268,39.102190820265825,39.407883968379906,0.9922428428697323,21,7,0
189,334,141,0.007408886516473684,28.55856959860943,135.41869824230446,0.21089088855004076,21,1,0
179,182,289,0.03410700864456508,155.27388765642564,52.60016891301316,2.9519655709320594,23,2,0
7,1,1,0.018676841627000885,75.1622380651604,74.85185243446838,1.0041466659888445,10,5,0
462,190,170,0.043546033042494936,23.298710338135756,118.14562032715466,0.1972033349490211,19,5,0
9,1,1,0.07256918489147458,70.74291603954576,75.29224951651189,0.9395776656139296,23,5,0
3,1,1,0.0932798056872979,36.784880465721976,40.22499655215266,0.9144781508689381,4,6,0
8,2,1,0.06294644101765912,52.963425392121735,53.35237424874781,0.9927098116606272,15,4,0
5,2,1,0.09870885378814491,33.0789351562682,35.70261636118941,0.9265129149533902,23,2,0
5,1,1,0.06742915055672372,93.50969458399176,99.77475102669786,0.9372079972313869,21,6,0
4,2,1,0.026477366462727626,43.77188774975402,44.58268153157931,0.9818137053678349,19,6,0
7,2,1,0.04923677275853299,57.47072002227244,54.04437455048353,1.0633987440929362,23,2,0
3,2,1,0.09937148082595793,92.02005154660507,84.3801188785625,1.090541857129139,3,7,0
261,2,1,0.9866775383961144,3.290212774564395,2.7009939704688257,1.2181488779826102,15,7,1
279,311,174,0.04445432916634329,96.59569606415899,94.4330337881478,1.022901543975204,9,5,0
1,2,1,0.08691828639805105,99.80138557007719,101.50166467982791,0.9832487564109021,20,6,0
354,170,277,0.045060436792080626,169.54269011103335,188.92396327119735,0.8974123090338599,19,3,0
68,2,1,0.9768942929043933,3.4299135780124725,2.451111129414903,1.3993300984403823,12,1,1
5,2,1,0.04987515410909685,93.78045940114991,87.21225659755103,1.0753128408763513,2,3,0
5,2,1,0.08049266783230417,98.19522324593481,95.99215470296669,1.0229505062136086,11,5,0
250,2,1,0.9150656622299962,2.9430444821966,2.258503904107505,1.3030947065639922,18,1,1
8,1,1,0.07111232961549276,55.94931080165397,60.403635253881255,0.9262573447193135,17,4,0
8,1,1,0.041776067162454224,20.148709289742882,20.173185532635117,0.9987866942058983,1,3,0
111,2,1,0.9191050657205736,4.227126849410313,2.4079781158853457,1.7554673032633095,5,7,1
449,391,231,0.03199994517983741,20.15431232387889,196.38529737127317,0.10262638086280192,22,4,0
7,2,1,0.061091857751726125,82.0088872965391,83.417674436492,0.9831116469085284,0,7,0
209,142,262,0.0074313442218204295,27.548457513518358,31.352411947543565,0.8786710751188875,7,6,0
243,2,1,0.8963961498227946,3.9070242295929436,2.2617408502157237,1.7274411563200505,8,5,1
8,2,1,0.032695842027017655,64.80811031953891,66.88351804116056,0.9689698182391598,15,5,0
239,2,1,0.8793935231703435,4.704170984988428,1.7636215968782354,2.667335778443189,16,1,1
62,2,1,0.913310295720612,4.009375892035364,3.353599880110673,1.1955439036761446,6,5,1
4,1,1,0.09637791364163036,96.82914796517754,94.4626305402522,1.0250524192624184,2,4,0
1,1,1,0.017872012920589753,12.822917095849704,13.801385295556763,0.9291036241106848,5,2,0
7,2,1,0.0077032248153761085,80.66461465008614,87.43110641623504,0.9226077303204248,14,1,0
268,2,1,0.9270366103191194,1.7097845898749742,2.913715708335425,0.5868055641062374,6,5,1
1,1,1,0.024032276849186684,59.59737427241966,60.32020609379959,0.9880167547793867,22,5,0
6,1,1,0.01295786640840797,15.604546808786365,15.477129260235317,1.0082326345156538,5,5,0
9,1,1,0.08189633680274763,39.494815457907364,37.0802681087963,1.0651167715947092,16,5,0
2,2,1,0.005391668378977011,59.46480573429459,61.70781250600447,0.9636511702389122,12,7,0
6,1,1,0.009929334629680365,71.66670336455735,69.77570150435926,1.027101151538834,11,5,0
2,1,1,0.07739805962669105,79.54421816924336,75.21967479733182,1.0574921838410414,15,6,0
205,1,1,0.9535030205972923,2.0558313344939463,1.666021609673236,1.2339763917571065,3,1,1
211,2,1,0.9991815838135907,2.769508670520849,1.968994379428436,1.406559967593604,12,6,1
99,1,1,0.9617798851041292,2.338798778076674,1.6612259097376068,1.4078752109314807,8,4,1
1,1,1,0.046340354738603456,83.95007688524713,77.21544792067485,1.0872186738007519,11,1,0
445,278,270,0.01508017831485823,34.44037252418539,189.0980521213137,0.1821297053979729,5,5,0
419,355,83,0.004483912832969006,135.69203814865477,47.96666406862978,2.828882116015181,5,5,0
422,314,220,0.03357667645273144,46.827597651537346,82.30313721288582,0.5689649172231769,13,2,0
301,336,55,0.004384835458115466,105.60261381565765,174.20568016296238,0.606195008778535,2,4,0
6,1,1,0.013159407705151017,92.57078686783335,91.65782208270991,1.0099605768976225,23,7,0
8,2,1,0.008182332708871698,68.51772126534891,61.85891265787023,1.1076450962581137,23,3,0
2,2,1,0.053166247286447935,38.498576973983056,36.51783189765099,1.054240489465079,1,2,0
182,2,1,0.9608654286198839,2.1937397528703024,2.6203271496869194,0.8372007110380907,10,5,1
8,1,1,0.005566614605619913,99.89958138814919,103.79420046329741,0.9624774885517289,5,3,0
1,2,1,0.030712069487206086,61.81174465948049,57.7546217418377,1.0702475887692255,3,4,0
5,2,1,0.05009294044165055,39.56410747549661,39.02637359834029,1.0137787303194163,16,7,0
7,1,1,0.020302966523311396,15.53851561010753,16.318022726811904,0.9522302959277303,23,7,0
9,1,1,0.011948142837307885,7.876324626456984,7.562159909837488,1.0415443101395945,10,4,0
1,1,1,0.025625361419433546,10.630914742957835,10.285421874611602,1.0335905393631974,5,3,0
3,1,1,0.050389719829258266,19.7959585260772,18.323450043858774,1.0803619666980753,7,5,0
1,1,1,0.06086723455998136,8.768213920665447,8.090704498625383,1.0837392370658419,10,1,0
177,392,120,0.03238778806430021,147.83088933254024,134.4803247180129,1.0992752258928709,19,4,0
1,1,1,0.05181339133443376,6.094496142474122,6.115215702437488,0.9966118022696882,5,6,0
5,2,1,0.0762038463389075,54.82929955230191,49.490710704627325,1.1078705230065615,4,7,0
356,324,198,0.011195406577055717,102.39488612879587,40.65247302696464,2.518786152588496,18,1,0
4,2,1,0.05691305027124413,40.5850626588236,41.83603620926057,0.9700981817641687,15,1,0
3,2,1,0.005064532644372633,88.89953370532403,94.96628939124267,0.9361167449543618,19,3,0
4,2,1,0.09671640551360522,95.2462855833047,104.46305926006823,0.9117700195452085,16,1,0
5,2,1,0.017078295878214467,25.037072833364583,26.358807600793444,0.9498560485949648,21,5,0
8,2,1,0.022032102871242833,42.440771433709195,43.27688360995067,0.9806799356493121,19,4,0
376,321,109,0.03752471922475483,20.223818995898363,157.81039112398975,0.12815264477741994,17,7,0
9,1,1,0.046474030951224744,85.07593306831032,81.16592423299947,1.048173034093551,7,7,0
2,2,1,0.09155373999304496,35.77316774874813,38.63796628832717,0.9258553486433234,22,5,0
2,2,1,0.0028018851272810456,61.983812399601625,65.66256055809052,0.9439749512169211,7,6,0
3,1,1,0.07030635376375156,95.16564510413521,91.91284070074082,1.0353900976032848,19,4,0
8,1,1,0.0373999367025596,81.98894360982787,83.10981521199672,0.9865133666906883,3,1,0
9,1,1,0.05174655536537264,85.11930724283901,84.03432777602922,1.0129111459033922,15,4,0
64,1,1,0.934928663109611,2.0476395675015575,3.019306869592816,0.6781819986975032,16,4,1
5,2,1,0.05373455884130005,48.89568117998987,45.81424987955972,1.0672592328485324,12,5,0
145,219,102,0.0498808418020275,139.91511770712196,67.22266701201963,2.081368144499603,21,2,0
291,2,1,0.8673751987512054,1.519819616307684,1.8258102839003028,0.83240829001195,6,3,1
160,182,245,0.03138033606660318,158.57444102220083,118.6788639178857,1.3361641305558756,13,6,0
4,1,1,0.05001590062825443,81.04841635059036,80.86339987765841,1.0022880125398124,3,4,0
6,1,1,0.03952884610696098,27.09639190269711,26.245037595252512,1.0324386773825236,0,1,0
4,1,1,0.095548089478083,34.77400569086437,37.57299002339263,0.9255054141076973,14,5,0
8,1,1,0.0672511369297406,9.211563826216736,8.697679908731113,1.059082873004991,14,3,0
209,1,1,0.9765687016699751,4.273070272638362,3.965824136378349,1.0774734647060258,23,6,1
7,2,1,0.023407905920227956,57.05059091377536,59.41642140274385,0.9601822116998242,16,5,0
6,2,1,0.08554675291161055,9.766040132375423,10.51209221222854,0.9290291537791833,9,3,0
6,1,1,0.09113833233280016,57.88343020201538,55.16865754617841,1.0492086046060591,10,4,0
499,131,294,0.025328465602860464,166.62417068048038,170.51475759544826,0.9771832833132342,3,5,0
7,1,1,0.014997105946349721,36.32101423697992,33.68349690284603,1.0783029547597547,12,7,0
5,1,1,0.06922553895959048,48.633925504172446,45.085873011836576,1.0786954372915079,8,2,0
2,1,1,0.011374301941372435,83.76152139052863,88.1339949345269,0.9503883428040849,17,4,0
5,2,1,0.09946292879915535,33.39892539946594,34.9763297376924,0.9549008043423559,14,3,0
8,1,1,0.02158579007652124,79.27608625157318,75.77240315660983,1.0462395667684155,22,5,0
2,2,1,0.07034631642899991,41.799659512110104,41.78416987145922,1.0003707059563116,23,1,0
7,1,1,0.0587319810172082,59.1447480594973,62.09923592172027,0.9524231205365027,14,5,0
5,1,1,0.04945154569583185,91.73361361094582,89.47911446001508,1.0251958142918165,1,7,0
7,1,1,0.09595534142999,74.60514068269612,68.79491846024855,1.0844571423658982,7,7,0
192,2,1,0.987256768921698,2.215445855954888,3.3546671502164807,0.6604070558272593,13,2,1
3,2,1,0.04811318108274651,83.58197713251121,89.1463476604473,0.937581620851923,7,2,0
206,249,195,0.04156881418571853,108.23626254012804,64.34685175303673,1.682075495403239,2,2,0
1,1,1,0.033592128162390635,29.76258585250816,32.47996200295465,0.9163368433066733,2,7,0
3,2,1,0.002606660693259888,43.43622413935886,40.43876183313335,1.0741234936567607,6,3,0
261,2,1,0.929259847510223,1.4909572781772358,2.8502685973044772,0.5230936058402519,15,2,1
212,2,1,0.9949595937811431,2.3935522404082294,3.9781662468626084,0.6016722509512796,11,3,1
258,1,1,0.9258749769484903,4.864048384510422,3.867578492308569,1.257646973211669,6,5,1
420,98,292,0.014166856963765517,194.0579536584662,158.09660911202317,1.2274643633941684,20,4,0
7,1,1,0.07412642565144732,92.61372161878566,83.8852639463963,1.1040523360332628,2,4,0
6,2,1,0.0767153102143225,37.32635890604141,33.6087376503998,1.1106147244895819,6,3,0
420,265,159,0.033930096152383356,173.41558937989225,116.4367639133306,1.4893542516260045,2,7,0
460,366,231,0.04177343205542724,36.48003090877119,30.104656473766834,1.21177369821708,20,5,0
3,2,1,0.05354997154223737,6.561425503571081,6.235077204565779,1.0523406989678212,6,5,0
239,2,1,0.9972669404916984,4.226180898496819,1.5255104682131129,2.7703388384132834,16,6,1
3,1,1,0.021884081695077606,52.83806190092463,56.510645403220316,0.9350107669786691,3,3,0
4,1,1,0.050006232659020815,89.45842419265415,88.63657423580781,1.009272131328766,15,6,0
186,2,1,0.9255106163266692,2.315442530122709,3.1570940007268247,0.7334094358893491,19,4,1
3,1,1,0.0003926056989265403,39.60164870889005,36.976905340522094,1.0709833163212705,16,2,0
1,2,1,0.029492613384531265,17.6986736421467,18.660838007345994,0.9484393806526519,5,4,0
3,1,1,0.06596659316907483,6.672239751627771,6.327778216623029,1.054436410887449,0,2,0
1,2,1,0.07877087308864189,64.45957047618862,62.37162721615021,1.0334758503702748,16,3,0
6,2,1,0.07899765800618004,95.49717686560038,103.4572008484032,0.9230597395103824,12,3,0
8,1,1,0.08045466921425332,83.10376355918544,82.65360661037816,1.0054463073938114,18,1,0
8,1,1,0.023529776177631325,19.410592661581692,18.98070029901869,1.022648919997184,11,3,0
4,1,1,0.00888074794030419,49.6701515106027,45.96268708340131,1.0806624821667634,17,2,0
8,1,1,0.08307608668132266,45.59176227209613,44.883392829570376,1.0157824397370214,23,7,0
330,231,295,0.002806579401053616,166.79763873542132,131.6414094562561,1.2670605657017633,20,5,0
4,2,1,0.04924422608665016,13.119272181689011,12.494243819302326,1.0500253053667066,21,5,0
1,2,1,0.050473855021519645,48.377643602848956,45.22959791060868,1.0696014520947552,22,5,0
9,2,1,0.026451621858529197,11.316246286412838,11.359990631841777,0.9961492621916145,13,3,0
376,219,103,0.04530687937836172,27.23020651110462,91.55283527742239,0.2974261411849447,6,2,0
8,2,1,0.08821423142258611,58.548464283863375,60.26908010114104,0.9714511020511645,17,5,0
239,236,134,0.0015515516272472719,68.85032307793765,151.6252983386064,0.4540820287402341,6,1,0
4,1,1,0.07937576531077538,8.1711668167884,8.526822403766444,0.9582897860261586,3,2,0
286,2,1,0.8550079273946921,2.613722475130221,3.915779645548714,0.6674845654559203,8,2,1
8,1,1,0.009330117835725361,46.56001316322988,42.1187781673428,1.1054454851050413,1,7,0
3,2,1,0.030997314236684916,20.359347909495863,20.811990625068727,0.9782508687550704,17,2,0
7,1,1,0.09054064648584276,38.55282207248381,36.322671875816276,1.0613982970276032,7,6,0
6,1,1,0.026787431607466928,43.981831290422946,40.14800421336683,1.0954923451905907,5,1,0
1,1,1,0.03712857564334544,68.63434680762163,67.69792360757877,1.0138323769791076,6,6,0
3,1,1,0.07822693506022277,51.95710458346066,47.920140477798874,1.084243578282749,2,1,0
231,121,279,0.012488450642965766,103.71595932461811,121.4663994952745,0.853865429086445,21,3,0
5,1,1,0.049145414356805195,38.676507324340335,41.097292997181405,0.9410962256563444,7,6,0
200,2,1,0.8602000425471366,3.730312548360331,1.6166036273145277,2.3074998010223804,14,5,1
1,1,1,0.01384050028670275,82.60613745898556,83.52128424915233,0.9890429511663542,22,5,0
2,1,1,0.07712572199178752,90.45248894759084,95.20401407979868,0.9500911261133886,18,4,0
52,2,1,0.8671957214495136,2.825541955548646,1.5007161859822757,1.8827956824489245,5,4,1
90,2,1,0.9459679943149869,3.5775161856715747,1.9008849617194323,1.8820266653251636,1,2,1
6,2,1,0.09016691456322934,45.78301719679626,48.66027222977081,0.9408705520719586,17,2,0
108,2,1,0.8711569950375591,3.5986526538781103,1.9783619067546816,1.8190062402593288,5,7,1
4,1,1,0.03870142659661246,98.91287746013867,104.08502036460825,0.9503084796798651,11,7,0
3,1,1,0.024371864558138015,29.37345364080522,31.81776587158007,0.9231777541942964,19,6,0
7,2,1,0.03741051349563065,67.82723429691535,69.89068604725121,0.970476012369648,12,7,0
7,2,1,0.04802072077214364,13.077680553758194,11.82919446410015,1.1055427817546677,4,2,0
264,102,87,0.011372905523646032,66.6883991398125,89.60446903498185,0.7442530473985305,10,6,0
2,1,1,0.008479801624634664,86.57131938043597,80.62959133613039,1.0736916552080187,7,4,0
7,1,1,0.01428879341922672,76.75749146624273,80.15429129603413,0.9576217345962676,9,4,0
5,2,1,0.02881569494617449,5.876115990786559,5.558891073289833,1.057066222977632,10,2,0
5,2,1,0.058547002902288925,93.77329024246424,90.88181266424031,1.0318158000314803,18,5,0
5,1,1,0.026316152514577387,67.98774364214778,74.03784929856072,0.9182836115077353,15,3,0
194,83,214,0.028290431709308714,186.56388327784123,24.579362203839082,7.590265432058346,9,5,0
3,2,1,0.051039562252009896,52.981059497099615,49.134751439929744,1.0782808082762405,13,4,0
5,2,1,0.0007660866890438989,75.4031139643155,71.9637451098293,1.0477930776009101,17,6,0
4,1,1,0.06736543307822433,11.541466072716446,10.659047585615488,1.0827858661867493,11,6,0
171,149,269,0.009414017444866103,31.98295051443832,53.97317222573132,0.5925712570807665,5,4,0
7,2,1,0.04458217820716792,37.316240286906506,37.07486484508084,1.0065104874376283,0,3,0
1,1,1,0.07212209169030645,67.23796533873443,62.73490564304974,1.0717791738032776,18,2,0
5,2,1,0.010587902147380224,90.05300734485219,95.32088723707943,0.9447353036158264,22,1,0
3,1,1,0.0137951010468357,26.126686738704397,26.529742272158554,0.9848074086314385,19,4,0
3,1,1,0.03294534359575404,43.7264796925762,46.09774031144189,0.948560154948048,11,1,0
6,2,1,0.09715724837342697,45.44927822609709,43.005696611388885,1.056819951942392,6,4,0
88,1,1,0.911298969618277,4.30545337140876,2.8670153237862124,1.5017196928417285,20,2,1
397,110,110,0.027830294909014675,171.69777850705418,47.509071990660615,3.6139998386162273,13,6,0
1,2,1,0.08287580737433393,61.60727508521667,66.89624628549963,0.9209376983917648,6,3,0
3,2,1,0.07253664481494441,91.68168720546832,90.07693127916738,1.0178153929481397,19,3,0
5,2,1,0.026833106511932537,41.419249317828516,41.86026038465061,0.9894646840996765,16,4,0
7,2,1,0.0010468573316502639,98.25823674334104,98.12037174759318,1.001405059859562,14,5,0
5,2,1,0.032097573366440556,71.40347626412829,71.78608336395708,0.9946701772558204,22,3,0
339,138,64,0.0026055664304918294,38.38071601082663,141.42696243240567,0.2713818875178805,8,6,0
1,2,1,0.0304084828511748,17.315467704005506,16.445079698777363,1.052926955732106,3,3,0
1,2,1,0.004874485535375528,80.27913973248651,83.47548873529426,0.9617091310127748,6,4,0
275,139,254,0.03574352053386926,117.79280486679355,169.2126230979212,0.6961230356829132,16,6,0
4,1,1,0.07529994754336214,74.78898172955986,67.60622892961895,1.1062439499090901,4,6,0
3,1,1,0.056166333694297924,74.51336362528521,79.45111064301659,0.9378517559066321,21,5,0
80,1,1,0.8988996877803404,3.1675238150907243,1.925536587205012,1.6450083764383323,14,4,1
4,2,1,0.004346839932371483,45.74826060660716,48.14730646482241,0.9501727919095942,4,4,0
152,2,1,0.9925576441568676,1.141675893123455,3.364792344996391,0.33930054994959263,5,2,1
5,1,1,0.03319915634237086,90.26121940072048,89.41044575196655,1.0095153719635181,12,3,0
6,2,1,0.07609876565326092,25.98675426567698,25.53487903216121,1.0176963921758404,0,4,0
253,1,1,0.9631532188822823,3.855234598707116,3.6842234084752086,1.046417160761346,3,6,1
7,1,1,0.08705424631058796,41.38000382631915,44.16958913566837,0.936843756893891,15,3,0
404,137,140,0.03146094860443068,199.0377601324598,199.29205193506343,0.9987240243645717,11,7,0
5,1,1,0.06126612471519991,81.08424319552205,79.57920368625093,1.0189124726003151,0,4,0
6,2,1,0.035706613875330605,86.47366247798647,78.48263973814761,1.1018189852749654,8,3,0
4,1,1,0.09969869008908618,21.469003370081357,19.9467765319802,1.0763144278305123,3,1,0
231,2,1,0.9627558940268972,3.6218628059057183,3.4193520246317726,1.059224899868493,10,1,1
288,1,1,0.8851557379605708,2.5861839478944604,2.624444853914258,0.985421333596424,4,7,1
2,1,1,0.028633944255478983,88.78616926611691,82.77902750061489,1.072568402249681,16,4,0
4,2,1,0.023719435113393552,88.03436186241059,92.12126556336659,0.955635610562202,8,6,0
146,106,248,0.03626428848174736,34.98875863545332,134.1716446317886,0.26077610311384386,9,1,0
264,343,210,0.049857471987908346,66.6886472135103,152.38230530157583,0.43764036173050763,3,7,0
2,1,1,0.08958838370675472,61.5682708572453,65.56939376255583,0.9389788028268241,20,1,0
8,1,1,0.0005633278381382501,98.63827218732817,108.11665329523463,0.9123319042994811,23,6,0
293,1,1,0.853944166100258,1.8973887454870582,3.8632406123434615,0.4911391590326269,20,7,1
1,2,1,0.027559261664396983,69.29289081060675,72.56715684465232,0.9548795050486141,6,1,0
182,1,1,0.9458065872644312,3.3052352795562263,2.710651073616532,1.219351067249834,2,5,1
8,2,1,0.09519119500446704,43.812129585188146,40.858949029463716,1.0722774478020682,23,4,0
5,1,1,0.09158835343364059,84.34629941223216,78.98680968382263,1.067852971272838,22,1,0
9,2,1,0.09110501507137712,21.019922631790422,19.187791937631903,1.0954841859925146,22,7,0
231,199,173,0.013587489336026283,22.68721410248318,161.9203269427397,0.14011344054725208,13,5,0
3,2,1,0.014456085362219718,49.0749830276073,46.586838078804675,1.0534087534464942,7,4,0
9,1,1,0.07511917895573143,19.284569581903163,20.437410079572494,0.9435916540706099,21,6,0
465,275,195,0.04343136327397659,178.89263101680405,100.09399821231594,1.7872463305676247,20,4,0
3,2,1,0.08951471589717279,79.87368132695154,73.90752750419789,1.0807245760239346,9,1,0
9,2,1,0.0401165160327027,58.894414929950685,55.72680971450246,1.0568416751591627,12,5,0
148,370,143,0.00888341149195796,177.71739074977515,114.6477901291616,1.550116147459621,1,6,0
4,2,1,0.08968792951421875,91.58663925446757,99.59795471227245,0.9195634540794668,20,7,0
2,1,1,0.0876408488579482,16.860890451162014,16.839945078307274,1.0012437910431027,18,1,0
167,370,137,0.04976417015708651,190.85204362083783,127.72749915668109,1.4942126392588566,10,4,0
298,240,56,0.00853162285316888,59.554444993058915,82.88924450056885,0.7184821788627861,7,6,0
4,2,1,0.022280053740848016,81.25376593000853,87.64814541786909,0.9270448968728902,1,1,0
221,166,82,0.048903365442311136,175.9007680805523,30.752913031626978,5.7198083283899654,15,2,0
7,1,1,0.05030502591468411,86.03020766225772,89.62093406328259,0.9599342894765033,20,5,0
9,1,1,0.009809436624098146,97.6715973414503,90.6100732538654,1.0779331020713379,3,7,0
5,1,1,0.015226013011187667,9.261541937611653,8.877011039821847,1.0433176095044627,10,7,0
2,2,1,0.09966009120549106,27.070760005533117,25.877323923158265,1.0461189915123648,19,5,0
8,1,1,0.08037740508642188,46.115327799651745,46.67503028842802,0.9880085243583647,0,4,0
8,1,1,0.08907579670089916,91.88303638037502,90.39215440190259,1.0164934887141162,2,7,0
6,2,1,0.08715142905786559,49.87406891888289,48.411906496359435,1.0302025375231485,6,2,0
395,261,208,0.021714799105860095,65.97404767688747,59.02647065079013,1.117702734883139,15,6,0
190,96,174,0.04718250359055921,93.72276232485646,24.58629804373518,3.811991628757543,14,4,0
4,2,1,0.061770622139467296,54.243705106447386,57.07811049999018,0.950341639400567,20,3,0
131,237,67,0.043728975819367126,29.019265389194313,112.21675602619918,0.258600109438373,8,6,0
5,1,1,0.01101761827329757,47.40170534187865,47.98508669122985,0.9878424446098203,18,3,0
7,1,1,0.04201280789956181,89.13191401073436,93.68064701607584,0.9514442614325571,9,3,0
4,1,1,0.06514787668852333,9.153941065640792,9.045290535174939,1.012011834229463,5,6,0
277,1,1,0.9093554731659879,3.4637242889003703,3.7270378684039627,0.9293504416105244,15,5,1
3,2,1,0.013709994679883299,51.35811473290963,53.647103539636895,0.9573324810530347,21,5,0
4,1,1,0.028910125385843047,69.92989647119165,72.24884820806767,0.9679032705103101,9,2,0
8,2,1,0.04900906912143615,76.351695490561,76.58526200984721,0.9969502419505181,22,6,0
443,351,197,0.015953487743434285,80.00599485371532,153.0157872689365,0.522861047749922,1,3,0
8,1,1,0.03199136351403015,49.98331583540113,54.96063296099755,0.9094385042994585,13,5,0
238,366,221,0.027300337576679375,146.05500661660568,199.68532223352608,0.7314258503476718,0,5,0
117,2,1,0.8743212818334843,1.4133623258167143,2.1731404564974537,0.6503778076520156,20,2,1
103,2,1,0.8958086757057406,2.9247186364487696,3.796355837747972,0.7704016065532296,4,2,1
4,2,1,0.04570153692724817,81.06435639436421,77.68157978951439,1.0435467019854099,2,7,0
8,1,1,0.06742101603876477,70.19242267100272,72.33343184605059,0.9704008351269072,6,6,0
3,1,1,0.05077309640122382,43.66235851655369,44.438019383394014,0.9825451071491683,1,1,0
169,2,1,0.8957843566974754,1.4141359487402192,3.692577151273732,0.3829672044231822,22,3,1
4,2,1,0.08068680434228419,45.87713449363193,47.72085339055076,0.9613645028132731,15,7,0
7,1,1,0.053487881546758986,70.04380460450686,69.32572603814467,1.0103580388897346,18,2,0
97,2,1,0.995938856561335,1.3023403696217892,1.5084059458073416,0.8633885150358114,4,4,1
55,2,1,0.8860967220271565,3.273087417200134,1.510004189836755,2.1676015465586116,1,3,1
4,2,1,0.013603858349980503,32.55925744233994,31.46076380071893,1.0349163055474169,20,6,0
2,2,1,0.022235645319191224,16.10614016843978,14.99211600076294,1.0743073337759759,0,7,0
6,2,1,0.0029552790941618557,37.76881891466285,40.21158312793511,0.9392522247756204,7,3,0
296,2,1,0.8754913736612475,4.887947988782686,3.863836964935181,1.2650502682026816,14,1,1
8,1,1,0.026614780426440877,17.298994176555365,17.56724941957202,0.9847298096241643,21,2,0
6,1,1,0.039258940090865946,22.273105324915303,22.724136587408555,0.9801518856059346,22,4,0
5,2,1,0.05118373641477683,41.882811146187706,41.52645578457748,1.008581405633528,12,4,0
391,204,296,0.024981600387487115,138.67655498818633,103.87248215879265,1.3350653811871729,20,4,0
3,2,1,0.026905105508048567,71.53739006535328,66.1934176781447,1.080732685736108,13,4,0
116,104,113,0.011834251298391846,123.54733802915075,73.12965415376652,1.6894287202476463,4,7,0
1,1,1,0.025105132443926537,20.498313637721154,20.082457739451968,1.0207074205590005,20,7,0
173,2,1,0.9847984575631669,3.8365479662377022,3.927480371309535,0.9768471395207728,0,5,1
146,2,1,0.8578716521244105,3.316500740815437,3.9587330144994373,0.8377682275284212,13,1,1
3,2,1,0.031517869551588897,72.90308905742965,79.83055210135593,0.9132229095054872,20,7,0
2,1,1,0.03715412244495886,42.482513947396306,39.086627457391536,1.0868810309537869,20,2,0
8,1,1,0.09269406231201088,7.32097438423037,8.03623807654283,0.9109952087656212,23,7,0
7,2,1,0.0518518132609713,35.839348777952225,36.71875904712723,0.9760501092085843,16,1,0
3,1,1,0.018688071205055525,57.9385231474344,59.64891077751056,0.9713257525111251,7,3,0
1,2,1,0.015619647873382504,54.85581130339337,55.91278146973424,0.9810960904008502,22,3,0
424,130,76,0.009406956040316133,59.41958762982121,32.11559990729863,1.8501783495041437,0,6,0
9,1,1,0.07713801887202278,64.55508958201813,58.333391893097094,1.1066575675956412,4,4,0
201,2,1,0.9543937283350105,2.7490233568104414,2.123294516300241,1.294697149032584,23,3,1
6,2,1,0.03588286069143836,81.53050366864461,81.50453689971198,1.0003185929264844,7,4,0
102,2,1,0.9081850547407951,3.6416977125774084,3.841423562258349,0.9480073346654012,3,5,1
3,1,1,0.07210502516015632,81.10221242370191,88.28806069712562,0.9186090597450665,13,3,0
7,1,1,0.03991393086282702,64.39018163392231,68.224031804134,0.94380498969603,2,2,0
5,2,1,0.022532872632877534,25.627533154151024,26.084897435213666,0.9824663185968592,16,6,0
206,2,1,0.963933340526025,3.332370973856143,1.6364402298741907,2.0363536125681385,6,3,1
1,1,1,0.0008052621625281198,85.04006987232297,92.774526798775,0.9166316747351585,9,2,0
237,107,56,0.045152633262636355,184.157155299385,158.2712888030911,1.163553773347351,7,2,0
4,1,1,0.0620342861317216,71.97354065537017,65.96204767919717,1.0911356331054118,15,6,0
8,2,1,0.07106700939415649,51.13310755697608,55.734718187346836,0.9174372674693915,8,7,0
117,286,138,0.04624370843313663,64.50519617908068,168.60443634423905,0.3825830303028366,17,7,0
2,1,1,0.004724159207265277,67.77039867971517,61.578454742313816,1.100553740156564,17,5,0
143,374,189,0.006224907796320023,110.63630838046406,68.89387188081008,1.6058947677069235,2,6,0
2,1,1,0.0062222695378842735,13.326025988825313,13.144804265495297,1.0137865668951584,22,5,0
8,2,1,0.053063725666565226,14.732001042102075,15.350059411227255,0.959735766972138,18,1,0
4,1,1,0.04383556535203164,21.5347813867235,20.134193203475593,1.0695626673040037,0,1,0
7,2,1,0.006314920190686347,61.36764743290481,66.92534781332101,0.9169567202561482,15,7,0
318,84,192,0.04462462300016545,41.569840407148064,69.52293368827995,0.5979298945227887,5,3,0
107,1,1,0.8657238774283739,3.0919691076190103,2.9315852726244285,1.0547089100536386,19,6,1
125,2,1,0.9153759458401829,3.1464836114198342,2.1988197135295473,1.4309875393872542,3,4,1
2,2,1,0.04404679309785708,71.72550531007388,66.49398183526152,1.078676646072624,16,3,0
189,1,1,0.9815805016141007,2.6572016473239763,2.755320239464062,0.9643894053639402,12,6,1
6,2,1,0.028081897023101012,97.23737991005358,98.25245358641641,0.9896687193112176,6,5,0
4,2,1,0.032191076358182184,82.43873675544951,83.26294246288688,0.9901011700636841,14,5,0
342,371,257,0.04506017872821773,32.61976269037595,68.350374695472,0.4772433631228785,16,2,0
4,2,1,0.033957007280525246,90.07836438105338,88.74191035958434,1.015060009594719,5,5,0
130,1,1,0.9638985352867603,1.358062799179542,2.731660564576322,0.4971564976961829,20,1,1
244,1,1,0.895554770369342,2.7732800259163204,1.9306620358894706,1.43643992286752,21,2,1
7,2,1,0.010544943423635766,53.93306955817527,56.8689235806629,0.9483750731043218,5,3,0
8,1,1,0.0227020825553512,67.844331772044,66.38039586047508,1.0220537387973094,2,7,0
9,1,1,0.07418129092665152,97.35738197776891,99.28645055273343,0.9805706764193374,2,1,0
7,2,1,0.03264943276632516,68.93159644562249,69.35632437891336,0.9938761470263265,21,4,0
9,1,1,0.010747140396868127,79.61727793096274,73.44690637265323,1.084011320054822,1,5,0
3,1,1,0.08127300494315859,60.064904172478265,56.890612290772246,1.0557964091770005,21,6,0
1,1,1,0.09994827040238524,14.455887805527523,14.47442403252735,0.9987193806842902,14,2,0
8,1,1,0.08907930516903238,33.95884496324944,34.987752537210014,0.970592350198364,6,4,0
446,288,133,0.03285060784437672,181.18344039661525,183.03403441501055,0.9898893447641586,4,4,0
120,95,228,0.003756422082190925,77.23332702477083,40.845351856805024,1.890871874369798,13,5,0
312,272,109,0.029729922697448896,95.59744372207103,47.53924160207141,2.0109164660696988,21,3,0
3,2,1,0.0034331635871811873,24.337578336859735,22.96820208366392,1.0596205244192702,12,3,0
1,1,1,0.024122312510939672,80.63429826219206,73.9289669906179,1.0906996478447362,7,2,0
7,2,1,0.049956215593492365,72.15558565919348,75.68761157872422,0.95333416069211,3,4,0
6,2,1,0.05769452426439603,45.04836683110736,45.92422145277353,0.9809282641281821,0,5,0
6,1,1,0.06358971171706111,52.06007311026602,53.128704887059854,0.9798859810517588,19,2,0
106,1,1,0.9363066728994985,4.298462642980034,3.9673073912590002,1.0834710343974492,10,5,1
8,2,1,0.05669299521796846,60.854512646885134,58.79733886287641,1.0349875321535613,2,7,0
4,1,1,0.09532160305061864,96.49109071248692,97.56644279638493,0.9889782587836865,14,4,0
1,1,1,0.09421233137575041,95.35706806540088,101.67253363573431,0.9378842510902692,8,2,0
6,1,1,0.09054609393685174,54.48215826539013,59.68450335419557,0.9128359155821018,4,7,0
5,2,1,0.09992227120238989,85.72306921201587,88.41324794071444,0.9695726738768553,2,4,0
2,2,1,0.02165220322350051,16.026046811814034,17.285281427979267,0.9271498921546663,12,1,0
3,1,1,0.09732765453533919,86.90729502356473,78.48739986092029,1.1072770301674473,10,6,0
2,2,1,0.030069118672374207,63.28813395709382,68.93012454923225,0.9181491310361883,18,5,0
132,292,109,0.027733926271746957,91.34182024958662,103.50092367927681,0.88252178823671,12,7,0
6,1,1,0.042974120412327454,97.87960837938653,89.21190721072664,1.0971585681739322,10,7,0
2,2,1,0.022457017239773804,91.02654544670871,91.8369373876362,0.9911757516748747,21,4,0
4,2,1,0.036703117562158584,86.62085192099448,83.31527200086529,1.0396755581629122,9,5,0
272,126,271,0.011259826411262342,94.4073732575035,174.156767994556,0.5420827128604878,23,2,0
3,2,1,0.053015032028791334,90.62026667531373,93.08776244475828,0.973492801796489,23,3,0
370,162,72,0.030174964748585043,36.18989682587021,75.71161257720169,0.47799664534906133,18,7,0
7,1,1,0.07546217827656065,46.74701672307132,49.4103654720016,0.9460973679613953,20,4,0
3,2,1,0.007963699711333405,90.29735853449002,88.47723240999525,1.0205716891783014,23,4,0
6,1,1,0.01801933868998743,41.71836908991614,39.53254164518375,1.0552918520734345,16,7,0
79,1,1,0.896106770650641,4.094261500780661,3.696279929528128,1.1076708417220282,23,5,1
253,1,1,0.8727829603026043,1.7185719292681654,3.17457988074305,0.541354129941097,1,5,1
8,1,1,0.023351185859326464,81.7610849091935,79.91264795407473,1.0231307183836664,21,7,0
9,2,1,0.06322787673435241,29.1758616393605,31.28607365670267,0.9325510755840697,11,5,0
2,2,1,0.059382987411514224,92.42331734366655,94.78968340556466,0.9750356159354027,23,2,0
9,1,1,0.046422516618919885,36.167525700230826,35.47835575085147,1.019425081427648,23,7,0
4,2,1,0.0855817856373974,15.371121666657443,15.845274646749369,0.9700760642738876,2,7,0
5,2,1,0.0639896436083252,26.55047407260036,25.059107224780313,1.0595139656988766,8,5,0
5,2,1,0.07710074386098854,82.32203012377802,82.62494540703207,0.9963338519406965,19,7,0
6,1,1,0.043699657573815,33.80518467117584,32.255161604702515,1.0480550395458983,10,7,0
9,2,1,0.004012878907825579,62.910223148842064,65.6439452389823,0.9583553048161885,7,7,0
7,1,1,0.08331908044356466,35.73699903818183,33.96779814290133,1.0520846505221662,22,4,0
164,1,1,0.850540635983243,4.126724831838478,3.2481869883384755,1.2704702182029846,0,3,1
9,2,1,0.0503044116364563,71.32599905411833,70.85882585925778,1.0065930134911982,12,5,0
4,1,1,0.029073422845862264,36.170313305119315,35.729051524258516,1.0123502237545041,22,3,0
400,175,92,9.149735748417155e-05,81.29912805903643,166.37456719630524,0.48865117685392173,11,7,0
2,2,1,0.028175257834174062,46.93291365263377,42.83076963088243,1.0957756317970424,7,7,0
9,1,1,0.011277055848915307,94.94289212220447,95.51670888166534,0.993992498630038,9,4,0
1,2,1,0.02328982347992329,30.081508803262636,32.33263036834583,0.9303761698495437,22,3,0
6,1,1,0.019080059963028962,47.93221714995293,52.154942782312716,0.9190349867703846,8,3,0
7,2,1,0.09358127584827265,53.62052445616477,48.28551564756003,1.110488802636911,2,7,0
1,2,1,0.07900267616422847,46.677597143961044,46.04208279167323,1.0138029019052706,22,4,0
2,1,1,0.026636246268401845,95.05710872672726,92.39358020926815,1.0288280691301963,15,4,0
7,2,1,0.06497996268787427,85.46182146222516,82.25800653849068,1.038948365740365,2,3,0
8,2,1,0.08620064722685883,8.477923005009082,8.369655010896912,1.0129357773971819,14,4,0
3,1,1,0.048589823198882,77.19686801109381,72.73631674459209,1.0613249538351606,14,6,0
9,2,1,0.06596213684755207,36.36213035323331,37.5021441973363,0.9696013689749515,13,5,0
123,354,124,0.006834495735890678,85.15603088341135,103.50784167944315,0.8227012514388414,6,5,0
2,1,1,0.019315710326965475,78.0230638983174,78.83120777381757,0.9897484270719422,23,3,0
6,2,1,0.046663836395308605,87.15613005130143,80.07553702222859,1.088423921866516,12,2,0
3,1,1,0.05710197509043037,50.592095838269366,49.39589064287667,1.024216694543298,12,2,0
7,1,1,0.03233091255108805,24.471296793368086,25.81461533012195,0.9479628683373638,17,4,0
1,2,1,0.023914302250148692,89.03412582977144,93.91551759801625,0.9480235865904665,16,2,0
256,2,1,0.9513722299624138,3.500091995725968,3.0570473071454933,1.1449256894209354,18,4,1
6,1,1,0.029550885504779346,49.00360840671758,52.7425859064744,0.9291089461107017,20,4,0
5,1,1,0.08912929267033973,50.85745439271847,47.15134151150491,1.078600369839091,0,6,0
8,2,1,0.08457959326969645,68.2236953573706,69.32476876202077,0.9841171716211569,10,3,0
8,1,1,0.07874565429080738,47.85013054686346,44.1842887077388,1.0829670895773094,15,4,0
5,2,1,0.09728713248219056,13.02655990325875,11.902375503413003,1.094450422902839,13,3,0
426,300,285,0.0012645704494816557,128.52134110035325,72.14528370777893,1.7814240168619044,9,1,0
2,1,1,0.09735793577605462,12.618255337265916,12.331053299225385,1.023290957477134,22,2,0
221,1,1,0.8543587317827535,3.085147161996758,2.677780050680603,1.1521286676299705,9,6,1
9,2,1,0.01618089594771992,70.77913609933239,77.50459417778046,0.9132250397567249,18,4,0
9,1,1,0.08400590182762473,19.189337505890975,19.82679278209272,0.9678487951527145,22,1,0
4,2,1,0.012742182795758651,33.114743197641374,32.153648726841745,1.029890681426687,3,6,0
5,2,1,0.03869395410337545,48.57209355886809,49.81927971244186,0.9749657931473004,4,3,0
3,2,1,0.03660407068030652,5.1350588429440585,5.216636259677884,0.9843620653860075,10,3,0
8,2,1,0.05613903731543727,50.79790389427888,46.173948120177805,1.1001420922912248,1,2,0
7,2,1,0.04038835668860879,69.94017916584743,64.36466203260856,1.0866238857964357,8,7,0
4,2,1,0.0793967726043636,62.989064350898275,63.9333319727989,0.9852304331283348,11,1,0
4,2,1,0.07121089328535755,20.355831888723557,18.37327678312188,1.107904274724849,11,5,0
144,1,1,0.9674382479411343,3.6911628378641206,2.7435916338075406,1.3453761822205101,19,5,1
3,2,1,0.04019961373785565,53.61401981082879,56.42761822419177,0.9501379200131342,9,1,0
1,1,1,0.05153743307446752,55.86765496650627,59.89907839435914,0.9326964030846839,19,2,0
5,2,1,0.017863171312688532,43.41573906804333,43.3709259310673,1.0010332529457004,21,4,0
162,1,1,0.9447214077756125,4.693013152162458,3.185991778838264,1.47301483429242,14,3,1
5,1,1,0.03914068328565784,20.120108025740794,21.318518263417687,0.9437854815766746,5,2,0
100,2,1,0.986322739420253,2.17797086001416,2.9343288595554755,0.7422381622024816,3,5,1
7,1,1,0.049859803239701544,88.98988218008006,90.83959533660538,0.9796375892068736,3,2,0
1,2,1,0.0379213414707241,91.8783590582724,89.02348198695653,1.0320688093477872,14,5,0
3,1,1,0.05033007755916285,76.97808740858073,73.72691250733999,1.0440975322399004,11,1,0
4,2,1,0.08309413964613069,10.504837359045181,11.301009721145498,0.929548564088872,21,1,0
3,2,1,0.008151103603394317,8.83796962631185,8.537471241505179,1.0351975867685257,18,6,0
9,2,1,0.07860432097339647,48.67404827517419,43.995978121251305,1.1063294954150193,14,2,0
3,1,1,0.07343253134949991,56.11920886991951,52.933717947401846,1.0601788622836386,7,1,0
118,1,1,0.9819920114309693,2.840048388322832,3.0595181598021877,0.9282665570144727,3,2,1
1,2,1,0.028714427076813143,85.5553045991045,79.58525816782524,1.0750144759057003,0,1,0
5,1,1,0.02431616877954408,59.43010500125474,59.083734666067166,1.005862363595416,11,2,0
150,2,1,0.9373143898423812,4.39023796666199,3.0801827764175895,1.425317354630514,17,4,1
9,2,1,0.07383823830270202,98.76583127935112,101.2739871627508,0.9752339573698329,8,6,0
6,2,1,0.09808165824953037,64.53793260986563,69.46366047876964,0.9290891404951303,0,3,0
8,2,1,0.07568667019578189,98.23398043495105,103.63221683556343,0.9479096697393058,14,7,0
9,1,1,0.055164673609804794,29.262750545622293,28.88596227382361,1.013043992380345,4,2,0
8,2,1,0.010935393335497302,43.46718277003654,46.11539863849485,0.9425741520914076,9,6,0
79,1,1,0.9446215069399794,1.0184866201360268,3.0108165307422454,0.33827588288315363,21,6,1
7,1,1,0.05554696210103391,30.668473652214445,33.3512385395758,0.9195602620820845,21,4,0
361,156,80,0.013021761671175126,58.36210401900051,176.13840841779196,0.33134229236685486,21,5,0
370,130,282,0.04506337902792171,120.15997749654598,143.26822857207128,0.8387063809901114,22,2,0
176,111,162,0.027997021951833817,72.59257989524306,153.67417091615377,0.47237983756457247,7,2,0
6,1,1,0.0911394536807284,85.04914866020292,86.525771513773,0.9829343000618604,21,4,0
8,1,1,0.03602737197330106,27.367448427408117,29.72860087136364,0.9205764020253666,0,3,0
3,1,1,0.03264311485232382,9.77687268367546,9.589776217423942,1.0195099929351403,15,5,0
226,2,1,0.9180504770450646,3.846668707942715,3.8428825158144146,1.0009852479519525,7,2,1
2,2,1,0.05455917692847036,80.52249534171645,72.78299028686325,1.106336728188126,10,4,0
410,293,256,0.0026485887410183984,160.7951153122533,130.84740196217666,1.2288751087219405,14,3,0
201,289,276,0.018388733607713183,143.48301247639188,128.47092984824434,1.1168519808012636,1,7,0
236,1,1,0.8923167409155396,3.1531089581793204,1.945733154091381,1.620524865678079,15,4,1
1,2,1,0.009952978380684697,24.476826362848552,22.03698986586731,1.1107155066019367,13,4,0
2,1,1,0.07458102440761548,13.02485867341583,13.652542021458023,0.9540244339072058,2,2,0
4,1,1,0.024994108461855936,82.57912478446899,82.00623748891306,1.0069858990376601,21,2,0
428,258,273,0.04405471981917229,116.5393685514991,198.26741413409817,0.5877888157288302,4,2,0
5,1,1,0.07604564393598663,60.504978090915394,54.915440017853456,1.1017844539030321,14,5,0
6,2,1,0.09541907303347857,94.3504180847867,100.22142198901749,0.9414196706880277,1,1,0
293,1,1,0.9116975497910755,3.7338925590949823,2.072028940891347,1.8020465281188272,9,7,1
7,1,1,0.0430798052863775,93.17327920658273,90.1113339588431,1.0339795796291078,23,4,0
9,2,1,0.017531091051463967,13.509752042970758,14.538165252048667,0.9292611418808169,16,3,0
76,1,1,0.9489616642404191,3.2534521902439355,1.6736195651360024,1.943961613510148,20,2,1
86,2,1,0.9047446150005369,2.198661981219847,3.2239471757809435,0.6819782897612957,11,1,1
6,1,1,0.05013877680048841,88.80099028344476,80.63556911278955,1.1012632670730427,20,4,0
3,2,1,0.01895182045754571,6.4230760098116635,5.871363071592361,1.0939667555032793,3,7,0
6,2,1,0.022203590637046036,52.84936947500092,56.3424699934129,0.9380023538403559,15,7,0
171,2,1,0.9676959871703399,3.6113135928880076,2.5840502132819148,1.3975400223749523,2,3,1
142,308,232,0.00524356105056073,26.097078839889132,155.0189895230263,0.16834762579853293,7,1,0
375,225,150,0.047110033073827336,145.39996417945915,62.6312066364937,2.321525833333348,3,7,0
211,2,1,0.9107719657537134,1.153228887965804,1.6212434222348455,0.7113237112636086,23,5,1
255,2,1,0.9260326099216375,4.303260505766637,3.589842969646409,1.198732240421786,15,3,1
3,1,1,0.09831934097481101,96.16714859349254,97.40536719639455,0.9872879838294184,22,5,0
361,391,51,0.04965040181420822,52.96981780889968,58.60889739008885,0.9037845816539319,16,3,0
90,2,1,0.9692340624559747,3.516230394238535,2.8001564379615336,1.2557264110566233,11,2,1
9,1,1,0.03165507994776239,36.70860526560874,39.31289428630813,0.9337548387627514,19,4,0
272,1,1,0.9889620817875546,2.3471711549032523,3.2898972603484924,0.7134481624069382,22,7,1
8,1,1,0.06921053978139173,28.875302019499966,31.24121098958565,0.9242696139123939,13,6,0
8,1,1,0.05631117544033529,72.55706570742409,71.36600092356353,1.0166895267837166,8,5,0
9,1,1,0.0008679158337660865,5.910196434397733,5.710146080889872,1.0350341918882546,19,6,0
1,2,1,0.06978030849052787,8.239296858341556,8.672200594205316,0.9500814434397398,3,5,0
7,2,1,0.08235742773513072,34.79778637168852,34.47829776610054,1.009266368303777,3,7,0
314,179,293,0.0036754138401337622,54.48691422253912,119.27616493634491,0.4568130963266433,4,5,0
8,1,1,0.015655067492785568,65.90954724171488,64.57808101562084,1.020617928020685,1,6,0
6,1,1,0.06267300866887852,70.09140557864698,64.82338171106605,1.0812673410199707,5,4,0
148,356,276,0.04469293387466234,181.60406654538843,39.28174131581883,4.623116503041991,5,5,0
268,212,192,0.03404980184289765,196.74182980603962,163.4849912126706,1.2034244143556068,3,1,0
2,2,1,0.011308828893082802,99.26536815243242,98.87990718321626,1.0038982739789786,7,1,0
1,1,1,0.09999009770092317,87.60497791514635,92.16014538029084,0.9505733476618554,4,7,0
266,2,1,0.8583587831309974,4.673366642534682,1.8071703306935039,2.5860133730400894,6,7,1
8,2,1,0.04340114113106289,97.56617434614932,92.27448703641693,1.0573472416882035,15,1,0
4,2,1,0.0012097087491401038,71.90983262000856,70.53112137918507,1.019547558777796,15,5,0
9,1,1,0.013286174842752498,29.0379966355533,26.37885798877888,1.1008056773308978,15,4,0
472,215,122,0.0327488161531013,30.999274124407947,98.61260200303538,0.3143540835019622,9,5,0
73,1,1,0.8888581223744674,4.346556069627866,1.9080499148751788,2.2780096242462347,16,7,1
256,1,1,0.8604462236216978,3.318917548492021,1.8625354208061216,1.7819352649173053,13,4,1
1,1,1,0.07556609048135998,62.4102228169519,58.78204557832665,1.061722541346247,1,4,0
5,1,1,0.08976406933263215,48.49646475512191,49.722127100421744,0.9753497604230725,4,3,0
9,2,1,0.02407115588727543,75.00759591688048,78.40749564419396,0.9566380777835078,19,2,0
9,2,1,0.015065448866063381,45.17613002612234,47.907876388247644,0.942979180709512,21,7,0
1,1,1,0.030960164813298354,10.556680888584069,10.527694165970516,1.0027533781050793,12,2,0
287,378,118,0.04824470617389077,67.92101606179406,80.47399592845721,0.8440119727890365,21,4,0
2,2,1,0.0806147964033042,15.926150396091028,17.184020702944476,0.9268000005005864,17,7,0
1,2,1,0.05085041276133591,47.7441378115403,49.80548539393499,0.9586120370860655,14,1,0
408,291,102,0.02136258006981483,166.04110625627214,140.79693154434943,1.1792949209548014,1,1,0
231,1,1,0.859784899190123,1.311800277723675,3.3574478362223923,0.3907135245918333,14,1,1
2,2,1,0.04916611255382236,35.779448615611514,38.385540376498405,0.9321074619420371,16,1,0
2,1,1,0.03476766733145,44.15657754214128,47.97186614185786,0.9204682055012333,13,4,0
281,1,1,0.9828435588336084,3.8078151093143457,3.2709724202734223,1.164123269800009,18,2,1
60,2,1,0.9158063352238789,4.928759613662228,3.6550352672791004,1.348484830717193,7,7,1
5,1,1,0.07429875028259558,62.49564198275895,67.76776470376315,0.9222030895655108,13,7,0
7,2,1,0.008680457371463524,7.055865547585545,7.188533743060107,0.9815444706505493,5,5,0
3,1,1,0.0041535270956132185,44.3352811676873,46.636515782980645,0.9506559489563509,7,7,0
8,2,1,0.03746338696028665,93.6769738271911,90.90553630256072,1.0304870048333055,8,7,0
108,2,1,0.9807503363904269,2.2086806134333634,3.3769704411350014,0.6540420332169163,9,4,1
8,2,1,0.05942728105993525,18.706661815431172,17.45670154532948,1.0716034622494945,8,1,0
3,2,1,0.07403645721560946,80.93589088956887,84.58473386919599,0.9568616839857913,17,2,0
2,2,1,0.017285473941878616,83.18511161467775,88.14867007357955,0.9436910567708099,8,1,0
1,2,1,0.09490047866727735,94.39825886000675,88.373271830222,1.0681765753944206,15,2,0
213,2,1,0.9364257679810866,3.3788779836285,2.787469700864741,1.2121667125494817,9,7,1
234,2,1,0.9627261040856365,4.165451496220636,1.8629092709031818,2.23599268159803,10,2,1
3,1,1,0.05049551255923007,18.4920941915096,19.42318355294055,0.9520629891133378,18,5,0
2,2,1,0.05484864460959152,13.602136977698963,13.201265763107013,1.0303661195665228,0,5,0
2,1,1,0.07117215917272376,62.59527603557531,66.9238976908823,0.9353202397848875,4,5,0
282,2,1,0.9092517505020545,1.3810482625018237,2.142459156218706,0.6446089105097711,14,3,1
9,2,1,0.05858841300521091,54.42653470625134,52.460946079251734,1.03746765496814,18,1,0
454,228,259,0.014376009931606383,43.19320997201879,155.50069573295386,0.2777685962652915,10,5,0
167,169,159,0.03323136449582794,28.005427713944627,161.5598127059239,0.17334402191293055,6,2,0
3,1,1,0.07544270291599281,27.053200474706614,25.252132903831086,1.0713233839586787,8,6,0
4,1,1,0.03148777259177498,39.07050244808466,42.70583813001142,0.9148749716406563,19,5,0
5,1,1,0.003295417511463794,72.33659830718908,78.93610899744297,0.916394274127856,7,4,0
6,1,1,0.06589508470054467,70.17721660490614,63.47280636173291,1.1056264978259296,5,7,0
8,1,1,0.06325337688044397,57.457645221211564,58.4431628702753,0.98313716094984,20,1,0
7,2,1,0.08384443861722143,57.96238216959501,54.40847193580798,1.0653190598328142,11,6,0
210,2,1,0.8883993430789865,1.5960341736466046,3.341804109066004,0.47759656806834133,6,7,1
73,1,1,0.9439084507643986,3.070395299501753,2.3081280897460905,1.3302534262037065,19,1,1
4,2,1,0.016865595932648535,13.347444407443732,12.384819422310677,1.0777262027251628,8,3,0
9,1,1,0.05561700680497535,65.71593719703131,61.92298437080104,1.061252745887015,14,6,0
7,2,1,0.07513742653580108,12.946093605410367,13.115149934478664,0.9871098439657283,20,5,0
2,1,1,0.05201794018985208,25.629587234342804,26.877741054360133,0.9535618035201343,9,6,0
166,86,282,0.04566089926383217,24.02592013383785,134.77759109874162,0.1782634630725506,8,6,0
7,2,1,0.09800210947587448,28.416735671168475,30.964314695892,0.9177253218828217,20,5,0
2,2,1,0.08924554581474337,17.216215416417374,16.564719141622845,1.0393303544252366,23,1,0
489,373,178,0.018763243786779293,45.13463869300903,57.90503965314787,0.7794595939035057,21,5,0
355,265,267,0.007488406367061828,191.2379209241313,54.47465939808004,3.510584977257728,12,1,0
4,1,1,0.08497059232246179,87.39812541104897,89.08269859496413,0.9810897827469902,15,3,0
4,2,1,0.09140676944709875,83.29544119664253,77.74318551405769,1.0714179081532602,12,5,0
5,2,1,0.03004453795500225,90.94397656551499,83.4954155500567,1.0892092214451314,14,6,0
2,1,1,0.01913392030013407,29.38534277674516,27.180516429068078,1.081117897573099,19,5,0
3,1,1,0.05073241491809525,11.48368404009853,12.456137577588695,0.9219297690449548,22,5,0
372,236,166,0.012353222039482227,51.54870840369554,172.89412458226911,0.29815188068560916,11,4,0
9,2,1,0.06486373691382886,96.66213694350347,97.66478691738794,0.9897337617217904,13,5,0
8,1,1,0.018124477154843832,99.43119092885576,92.2507279494642,1.0778363828557003,21,7,0
6,1,1,0.0847258311644187,28.346703276139387,28.758433195745276,0.9856831588562758,15,6,0
6,1,1,0.07258647108264728,95.42896154730741,99.97417207192194,0.9545361523839909,3,3,0
75,1,1,0.912147797537852,2.067287066956238,1.9964740412340234,1.0354690440545098,16,1,1
8,2,1,0.046690577182711114,18.54014043279381,19.651668947371927,0.9434384673609736,5,5,0
3,1,1,0.009517094770266589,18.63053062583278,20.058312976298797,0.9288184229574488,22,1,0
7,2,1,0.06459034596607675,14.587018437669848,15.963206591692645,0.9137899928740524,21,5,0
309,90,231,0.003999297897034832,128.4415873694471,173.11279606645036,0.7419531674605039,18,1,0
392,171,257,0.025505247032678303,108.25313482714903,131.8872387700456,0.820800676674229,4,5,0
5,1,1,0.05851041858231734,98.89591796441155,100.63079360144809,0.9827599924938725,17,3,0
9,2,1,0.08574036800111909,81.0237931863361,87.31463306180643,0.927952055057973,15,6,0
7,1,1,0.02644499507590984,40.3002365959116,42.969366841647854,0.9378829514623145,21,2,0
275,1,1,0.8861116820457069,4.601799944694694,1.736288753375173,2.6503655775856703,14,1,1
151,300,282,0.013157561836710597,141.17201644891344,52.06313141538611,2.7115544649546983,8,7,0
5,1,1,0.030016879867167404,72.32933276761324,66.58343304153324,1.0862962371209643,17,3,0
144,1,1,0.9151301541966159,3.952817214429156,3.447528805082117,1.1465653915935892,23,1,1
9,2,1,0.056258105376466284,17.659368054136102,15.955425228665,1.1067939463255327,17,5,0
361,194,61,0.030726456663202846,37.64563031243459,181.15751996430055,0.20780605916802766,17,4,0
193,2,1,0.9970981287343808,4.904964131746301,3.4307992334343815,1.429685562461845,1,7,1
280,2,1,0.8613076381965633,1.196199553079551,3.5939989187644255,0.3328324743878305,1,2,1
9,1,1,0.052363667413731455,87.6491800468865,79.03640772405932,1.108972213829569,4,1,0
3,1,1,0.0896590620625477,91.66360465061186,83.6231930034489,1.0961504979465606,6,3,0
9,2,1,0.029713081295514435,16.111226698834713,17.17850093600034,0.9378715150325497,2,5,0
8,1,1,0.04247136766767197,60.472245961519924,61.92009734955693,0.9766174239057883,16,4,0
202,1,1,0.9434639690970859,1.7519732785187379,2.0248918006225294,0.865218219551343,14,7,1
8,1,1,0.0319372326016229,42.17483412839601,39.253643367223546,1.0744183344675626,13,4,0
2,2,1,0.06706377463264455,66.45803630674013,62.72028675854342,1.0595939486467283,13,7,0
8,2,1,0.03199029935057274,79.84841966180909,73.53281499342887,1.0858882482459646,23,5,0
2,1,1,0.09058402921423042,93.20273450970392,87.32677776792383,1.0672869982377662,15,1,0
2,1,1,0.06686630898116874,57.65039795529386,55.93603562828739,1.0306486204778427,0,4,0
4,1,1,0.00608726652914009,72.0068455970736,76.6111306881113,0.9399005725449735,0,1,0
1,1,1,0.06395775598485182,15.987958512465815,16.726539923101313,0.95584374209902,15,1,0
69,2,1,0.9015760455789583,2.7048190891572492,2.147977552769221,1.2592399234666747,3,3,1
321,133,131,0.01824871673512843,39.60353601102669,128.20303861332334,0.3089126157959172,3,1,0
241,1,1,0.8824384718841929,2.935167624518871,2.6295326960273013,1.1162316517126116,2,4,1
9,2,1,0.027373585884983866,49.288601497519,53.966013048722274,0.91332671644688,7,7,0
5,1,1,0.09368254730147876,5.835298238349565,6.093155018418031,0.9576809092680176,20,5,0
9,1,1,0.09846654944557015,32.43746359829744,34.29381410995595,0.9458692315265222,3,1,0
6,2,1,0.07661362960141527,35.00301934693811,35.83867641203764,0.9766828145243989,0,3,0
7,2,1,0.046967285297677235,70.6332257015165,69.19879048497539,1.0207291949250552,13,7,0
6,1,1,0.08566151283141213,43.85473261390373,39.66416242108181,1.1056512967129892,1,6,0
106,320,241,0.049592839762385425,123.74174233668775,83.193483019082,1.487397063401051,5,2,0
9,1,1,0.0924924714714017,27.724003911086417,26.674868712958055,1.03933047279137,22,7,0
258,1,1,0.8565675881004812,3.772118675593477,2.760153706709982,1.366633556103557,17,6,1
4,2,1,0.06453065302724491,39.73733658812634,40.533690361917834,0.9803532871870042,20,4,0
5,1,1,0.052306090897305195,22.3305351214658,20.19615464845681,1.1056825177941523,22,5,0
6,1,1,0.07032282332287729,28.974359765824367,31.35620128210216,0.9240392197113071,3,7,0
249,141,178,0.006080605747860052,67.82515518106707,170.4805469855533,0.39784688857676326,18,7,0
6,2,1,0.09269735707917681,71.69610451259221,70.46333191987218,1.0174952355946196,4,7,0
261,208,97,0.03189028579878402,169.0670007503865,179.98929959923078,0.9393169545458304,2,7,0
303,227,280,0.016635579096618697,25.682149353778637,129.42274237348659,0.19843613945117466,10,4,0
8,2,1,0.09986539186088778,94.72455051709636,85.30269719462393,1.1104519977952845,9,5,0
3,1,1,0.09891499106666726,29.748112679722034,29.24990076541454,1.0170329437457986,19,1,0
231,2,1,0.8951529514040681,3.2759433918578416,3.0457827034404588,1.0755670088208846,17,4,1
3,1,1,0.022218917620830073,23.52756357707823,24.90786560476493,0.9445836889603803,5,5,0
464,246,189,0.0029402266944152378,115.303673354864,28.09660479419145,4.1038294199412055,15,3,0
8,1,1,0.09003394834405375,41.9102334100169,43.0949599473053,0.9725089305399742,1,6,0
8,2,1,0.060437413689227296,90.89997979264531,84.23556693162223,1.0791163768914012,23,6,0
5,2,1,0.03649785404687468,43.81777329237187,41.70744929314289,1.0505982512715284,23,5,0
303,338,204,0.00407271073672002,142.78267199117613,162.26628047571575,0.8799281746804107,14,7,0
6,1,1,0.05675373675354187,92.63527070919308,94.99333192051603,0.9751765606737953,16,4,0
3,1,1,0.018670198455830744,53.76717716750878,48.75355540527309,1.102836023353764,9,7,0
8,2,1,0.07625761980935597,17.89283731509551,19.246192160748187,0.929681942570812,22,7,0
9,2,1,0.021544398711178914,86.71953553463902,85.77860469270874,1.0109692952607594,9,3,0
2,2,1,0.024316757352572906,37.53334710318034,39.760263446534545,0.9439914087503789,20,7,0
3,1,1,0.03904001317857458,9.42409963693154,9.444157605103339,0.9978761506308451,17,1,0
426,116,175,0.007548784075694037,165.14317564497807,102.92699484584688,1.6044690306203147,22,1,0
118,185,275,0.04513755074870389,106.95819657690382,70.57298957114388,1.5155684522770627,10,1,0
260,1,1,0.9531778277563231,4.068046776073686,2.0248185681987323,2.009091994692936,8,5,1
5,1,1,0.03460305095945317,25.71563205345843,24.558463410586697,1.0471189350703798,13,5,0
1,2,1,0.013815538995253463,40.37602289715552,43.80396686264262,0.9217435266482554,23,1,0
119,1,1,0.9861639986860709,3.3293264889360357,1.9278060549514164,1.7270028177289545,17,6,1
8,1,1,0.09854817505716018,12.14367264991002,11.97024304906607,1.0144883942734546,22,2,0
7,1,1,0.09663107088924128,48.18663016069841,50.945008565743336,0.9458557671752021,17,1,0
7,1,1,0.09699520478171866,98.81761374184872,101.63114535632918,0.9723162461210494,13,1,0
3,2,1,0.013523537549480791,23.1551116188805,22.787170407750178,1.016146858277989,6,6,0
5,2,1,0.07481196069352322,51.7530400473361,49.70437422895387,1.0412170125901885,22,1,0
283,2,1,0.9653863568763185,2.104838530660836,2.1038987680410033,1.0004466767289892,21,4,1
5,2,1,0.04679864672923983,48.18162324011637,52.03567269697011,0.9259344742346697,4,1,0
165,395,112,0.025003259594345836,193.033013805365,102.52119097084933,1.8828596505502126,3,3,0
3,1,1,0.04330545517614927,67.23367453050166,69.78782683701999,0.9634011772213052,17,2,0
1,2,1,0.07445671952103165,44.807984622992116,44.68241915898495,1.0028101760462071,14,7,0
9,1,1,0.05287946118037488,80.73093836141051,88.2925081557682,0.9143577416442021,3,2,0
158,140,98,0.04712951071384558,148.24113764815596,113.92209402400385,1.3012501123524023,14,1,0
2,1,1,0.06353995574791123,72.84166617363542,71.80953625110166,1.014373159560934,11,4,0
335,103,188,0.04454324785178881,33.68613139555421,164.27150709202564,0.20506375081031605,8,3,0
7,2,1,0.07192713037887043,48.578785113905035,48.028613416929176,1.011455081832155,13,1,0
6,2,1,0.0465108956235931,39.820051574792835,36.84701173344288,1.08068605027885,20,2,0
198,1,1,0.958327587903889,1.3220654106341327,3.1086613603162094,0.4252844737323379,18,1,1
7,2,1,0.000346845924349537,87.72859447390528,84.68352516484248,1.035958225677726,2,5,0
3,2,1,0.03378921445934604,89.76658915636577,91.86603466865752,0.977146662312529,9,1,0
9,1,1,0.06240584427773487,47.454945205374734,51.351148156825225,0.9241262738750928,0,6,0
7,1,1,0.07892629969912851,45.35972382038069,43.2672071827182,1.048362646306838,14,4,0
9,2,1,0.06108222071639266,73.28977607953834,70.54973503846237,1.0388384313503396,19,6,0
162,122,200,0.015788377961258527,174.37648185599363,181.5605137795095,0.9604317493161519,23,1,0
5,2,1,0.09836750063478136,23.05843525559931,22.823445479443944,1.010295981663549,2,2,0
267,2,1,0.994385932924179,4.249580966984188,3.5929389590987193,1.182759021336167,13,6,1
246,1,1,0.9651951244761849,1.326098923714345,2.081421352683328,0.6371121935521435,19,7,1
8,1,1,0.08399408171469137,13.297339340824712,13.076449301903029,1.0168922032137222,18,6,0
3,2,1,0.04100624484785706,16.78413242726461,15.140163676454343,1.1085832878654365,14,3,0
355,353,204,0.04150716825262971,194.86857016517848,82.84797226421333,2.35212238561152,1,6,0
2,2,1,0.06172662871336426,66.57331167215227,72.04036131454984,0.9241112961867752,0,4,0
276,2,1,0.958480021408983,3.289657511891989,2.7166715425221004,1.2109147022013345,2,7,1
7,1,1,0.04888933831212398,54.582007714820264,51.3278519222411,1.0633994151461672,18,5,0
5,1,1,0.030763760810008967,51.48088939772798,48.64549618456386,1.0582868597414747,0,5,0
367,273,251,0.008185799065043858,187.39690717908377,79.15972359898015,2.36732644657059,19,5,0
71,1,1,0.9767967671995157,3.84309473266719,3.7607020916550153,1.0219088454772856,6,5,1
227,1,1,0.8871469175568483,1.7399987900079177,2.0759191585620402,0.8381823457967362,14,2,1
9,1,1,0.011593351065750636,41.799056522256265,42.84448079523596,0.975599557899277,14,1,0
8,2,1,0.07624512959857546,10.359359131229134,10.19901257672374,1.015721772406805,6,5,0
5,2,1,0.03145123703726132,18.09097834417912,18.967943522916993,0.9537659326284725,5,4,0
98,1,1,0.9609863067383324,3.90601383762785,3.867774035363973,1.0098867725762264,12,4,1
387,235,270,0.022517347466516426,167.24491818550004,22.486785764953265,7.437475499329,11,6,0
2,2,1,0.050841269952734525,67.66865405645993,61.5074531385881,1.1001699892204846,6,6,0
120,222,297,0.044507132173994386,184.15434437538062,162.7831459713023,1.131286309012887,15,5,0
373,320,107,0.03545433407119248,161.34816098159956,35.3058416303487,4.57001316300319,19,4,0
462,348,145,0.017905810825213503,96.27891442031392,77.28621997396172,1.245744900614249,12,5,0
2,1,1,0.02886520483129659,47.3663060177374,47.690959288889985,0.9931925615254249,11,7,0
62,1,1,0.9307199009144334,4.268437580768456,2.094282050631887,2.0381388359225934,15,1,1
8,2,1,0.09399832853908265,56.79990208845145,58.10964102357212,0.9774609012884906,12,4,0
266,1,1,0.8946417137082139,4.988454536050957,3.2020427248838397,1.5578975562332396,23,5,1
3,2,1,0.08883051522966474,50.837440612245885,54.126911532310494,0.9392267020795931,2,6,0
165,105,91,0.019361478981148462,40.63937710555287,171.6417567870526,0.23676859213211227,21,1,0
3,1,1,0.07509732596671059,72.5313839792967,68.23489577229569,1.0629661430324255,4,6,0
166,334,119,0.004585980766038467,132.49343307677884,62.95236387435142,2.104661762046404,0,1,0
9,1,1,0.023111530484811172,96.79796132322387,99.16605657831983,0.9761199009337871,10,7,0
5,1,1,0.0809164975974397,33.98827854144787,32.84101450653241,1.0349338792407663,0,4,0
135,213,86,0.030756164482580856,110.40283526388106,23.04753504637844,4.790223121115468,5,3,0
5,1,1,0.09111328107904566,52.63362298239707,50.20932636335843,1.048283790973301,23,4,0
2,2,1,0.08784449129510795,40.81024156080701,39.94932988157054,1.0215500906220112,21,2,0
9,1,1,0.0022948429439944686,18.416804836738013,18.19623010814127,1.012122001496236,21,2,0
179,156,123,0.044766358997195554,183.57622704799186,153.1297997485988,1.1988275786253138,7,7,0
2,1,1,0.09876991927610827,36.63865022287396,37.26392939840162,0.9832202565423903,17,5,0
175,1,1,0.9511755668149356,2.8639271281526053,3.0135003343763103,0.950365624812628,22,1,1
135,1,1,0.8560202575652414,4.67960850263959,2.7232549345921715,1.7183879640487636,13,4,1
4,2,1,0.0813418916430681,23.766669410498064,21.559376533768457,1.1023820365710633,19,7,0
7,1,1,0.09120747610251366,41.782642698058865,39.25230255972013,1.064463482989029,0,3,0
225,192,96,0.010429666000627898,108.50191272352279,174.1668409780675,0.6229768658270963,2,3,0
1,2,1,0.014661411178313044,18.919952879230024,17.79772534232617,1.063054548562731,2,1,0
3,1,1,0.030116553700125927,28.287555659278794,29.13715719501181,0.9708413030809174,20,4,0
9,1,1,0.07911897655632999,12.71348612793081,13.704474341494691,0.9276887103532788,6,4,0
103,1,1,0.9990347499029972,3.5770914638787072,2.918735498702657,1.2255620509185166,12,3,1
9,2,1,0.009162648449929122,6.9904561779798655,6.362410721110448,1.0987118695097073,17,6,0
208,1,1,0.9214141967129812,2.2713237856716457,2.400685750309668,0.9461145780444876,11,7,1
218,1,1,0.9994172755289368,2.2086850532211515,3.6962146193922756,0.5975532485676655,9,1,1
9,1,1,0.07977065734873767,15.464595760064553,15.677994298628654,0.9863886582365471,8,5,0
2,1,1,0.07721996552093383,26.6159514702541,28.69408309398332,0.9275763014652673,21,3,0
7,2,1,0.07015034576874905,13.585486107385973,12.446803406633483,1.0914839468056219,22,1,0
1,2,1,0.02776172817729814,66.45658371631976,60.01858592464196,1.1072667356702006,4,2,0
358,125,139,0.0324055293895486,121.2001849719579,157.07131574177427,0.7716251971251796,20,2,0
1,1,1,0.031228557588925523,26.715770576957603,26.3453173569554,1.0140614445817029,18,7,0
5,2,1,0.03940936485720673,80.57965101980004,73.11532937526272,1.1020896945731704,1,3,0
6,1,1,0.09045910158531684,69.12993223773884,66.22859923862829,1.043807856914756,13,4,0
450,398,152,0.011539882744732822,147.1023106248482,90.86491161155156,1.6189121632970063,13,2,0
106,380,65,0.01804249631396795,131.6994785470786,139.873811295266,0.9415592334798698,8,4,0
189,297,123,0.016025497757980685,54.872932063708774,131.93112556892345,0.41592104840371474,10,6,0
254,299,252,0.009729804641177281,148.6637493919572,132.5218670754674,1.1218054248156453,22,1,0
305,303,162,0.009528062014286832,38.54253424484913,121.17474225849311,0.31807399402285663,13,3,0
2,1,1,0.05318450833591792,59.48972833644153,65.39012679411474,0.9097662178228983,2,5,0
7,1,1,0.09383865211333915,34.41763429546096,36.61262009587501,0.9400483823701721,8,4,0
5,1,1,0.09934163572758094,45.4364016323703,45.81400127865657,0.9917579858613619,5,3,0
485,340,238,0.027284803776655764,70.55964858973933,103.30451806863508,0.6830257757251217,5,4,0
148,1,1,0.9329260013146079,4.018151904604415,1.5958726273135182,2.5178399803551654,19,6,1
8,1,1,0.09842612944157847,56.517563206079856,58.353431645040764,0.9685388093346704,4,4,0
2,1,1,0.06987357051503006,50.00208973048431,50.17893364659861,0.996475733873506,10,5,0
399,204,152,0.013717508192768485,96.25194518982855,142.2771258182051,0.6765103289534726,10,6,0
5,2,1,0.07795811667746076,57.38933504767468,53.73525294585065,1.0680015799963996,2,7,0
164,185,265,0.04092751255972206,150.64769372497125,129.76880877964282,1.160892938308329,11,2,0
281,2,1,0.9669526548048367,3.3256190808546298,3.939701359397213,0.8441297391545078,16,5,1
179,2,1,0.8806815936317403,3.0147481427789353,3.2777778351264364,0.9197536545861245,9,6,1
1,2,1,0.023523457997064658,88.1166241592049,81.99966405233849,1.0745973800936806,14,4,0
8,1,1,0.002814328104591457,13.942492522487505,14.906194515688977,0.9353488918860436,2,5,0
9,1,1,0.006103371857323781,86.44679126767329,91.92003516817682,0.9404564642464541,0,7,0
110,265,143,0.04981992659497364,22.833195004780936,194.17521179718798,0.11759067902359102,16,3,0
5,1,1,0.05104185098361658,39.305020547661854,41.01515658719193,0.9583047784812283,12,2,0
200,2,1,0.9933153768690492,4.525295839213152,2.1378883468859495,2.11671289840964,19,3,1
3,2,1,0.015266186976349117,39.81861677809603,37.42188983422975,1.0640461225898323,15,5,0
3,2,1,0.00760493701915278,59.39033799425948,63.18284149222506,0.9399757369501613,21,2,0
6,1,1,0.07700903814047741,5.503738538620376,5.76502702161321,0.9546769716753698,16,6,0
5,2,1,0.05799059382823495,77.74594220325937,74.18321971280325,1.0480259889534187,13,3,0
4,1,1,0.015532996731818806,83.17127474629785,79.09256914730109,1.0515687585189024,6,7,0
8,1,1,0.08110787805905093,70.01241996834769,70.58556377169192,0.9918801554777112,0,3,0
357,142,65,0.020477832069782577,163.08841462234287,28.039346094337755,5.816412910402244,14,1,0
1,2,1,0.06728002781844791,39.35939907809,39.98920122372301,0.9842506945285172,14,3,0
2,2,1,0.011698823568238793,25.753313106355964,27.29885737987607,0.9433842870412799,15,7,0
313,199,192,0.003216209726452474,189.77132920854316,58.76784590691365,3.2291693915263586,16,4,0
6,1,1,0.05434296812585927,37.17383286431223,38.70878269228135,0.9603462128951114,13,2,0
2,1,1,0.029633025109185654,18.050022184615763,17.93218704507907,1.006571152712186,22,3,0
7,2,1,0.0738731105462403,7.618982879405335,7.702405109726569,0.9891693270955213,7,7,0
8,1,1,0.07775295649772314,44.720233664710044,43.265041713964806,1.0336343591291521,5,5,0
9,1,1,0.025433471350602845,89.72924345184835,98.13733354250859,0.9143232265729103,22,4,0
418,315,81,0.025383010393807495,135.85940610758723,103.24403715807539,1.3159055946211689,14,4,0
7,1,1,0.0917827053757195,88.96520889751257,95.04972958565263,0.9359859232144676,9,5,0
6,2,1,0.02775187905478407,64.3839830633317,70.33037833536609,0.9154505433814194,23,6,0
201,2,1,0.9784340412644625,4.611459175166564,2.748754424997387,1.6776541160714813,3,2,1
342,228,299,0.005127406296232329,67.67343203284646,43.58513104621382,1.5526724460479777,5,2,0
8,2,1,0.09544960284547797,70.14565457139594,76.13117497163351,0.9213788516666427,18,2,0
255,251,189,0.01206054197485647,54.40249549575732,140.6550586323354,0.38677951596438814,20,4,0
4,2,1,0.04517691173956855,86.5068736679481,87.79986857843147,0.9852733844432997,6,5,0
153,1,1,0.9314536343945494,1.232554399864139,2.3973126197052976,0.5141400373621933,3,7,1
8,1,1,0.04649550236177305,67.07853642951262,66.69038617989857,1.005820182965608,16,3,0
77,2,1,0.9534631961466623,3.375437059862106,3.3714643167795066,1.0011783435057662,0,1,1
266,1,1,0.9332919343336747,3.1223765832010772,1.6722742390079555,1.867143863349451,8,6,1
6,1,1,0.0735624150217509,9.074242184744037,8.512710476356366,1.0659639147774727,9,3,0
3,2,1,0.08683962094619008,64.49872157863996,68.6144811788013,0.9400161667121529,21,7,0
8,2,1,0.01947937836376018,44.26751509413746,44.78331691527271,0.9884822774045273,4,4,0
2,2,1,0.035736867914911874,78.62738028480187,81.01218271396377,0.9705624222275049,12,7,0
7,1,1,0.04504673277047577,21.050918904625266,20.319922399906478,1.0359743748195689,8,4,0
4,2,1,0.07636486339125542,59.66935444103377,63.563273462132884,0.9387394825815748,20,1,0
143,379,177,0.02078136192687966,81.99489084602189,22.056533732675177,3.717487608878104,3,7,0
138,2,1,0.9530245593627323,3.059253160727888,3.6698072714627847,0.8336277451181979,16,6,1
398,383,92,0.024269414963848563,39.69979887858838,178.97340416611928,0.2218195438789323,13,2,0
8,1,1,0.06379017290493193,95.5600169884825,104.7429494952968,0.9123288722433138,18,7,0
6,1,1,0.011326908315892238,67.63268991488033,73.38971228399394,0.9215554579797801,6,4,0
169,123,261,0.023288246165025818,150.5242327847027,174.4497522211422,0.8628515137922913,20,2,0
5,2,1,0.060243525559044046,97.68567831427521,106.2387424064655,0.9194920431242815,5,4,0
415,198,148,0.003406713188824184,74.37418386922943,77.64140737433392,0.9579190587137071,11,7,0
9,2,1,0.01870471648675495,39.262806797402675,39.69871587550566,0.9890195672960811,7,5,0
7,2,1,0.05795374280317947,35.086064468975145,36.553877718083676,0.9598452109396212,14,5,0
109,231,137,0.015075726761976677,134.7164533400839,86.12971204735241,1.564111270522064,8,3,0
207,1,1,0.900784451343962,1.7879722233557622,3.903311795290542,0.4580654370252979,23,1,1
7,2,1,0.0900898854995183,28.646533902091466,30.736158580522808,0.9320141235946279,15,6,0
9,1,1,0.07715581578152864,32.99337656068979,30.288836800410543,1.0892916350040418,15,6,0
197,213,222,0.031177477470881787,54.376765497236526,92.86317305511288,0.5855579096458909,19,1,0
361,310,240,0.04629229743668285,72.15515998021165,91.71932507521518,0.7866952784600216,8,5,0
8,2,1,0.05475443208942972,84.79916358674828,83.66586706457336,1.0135455062134269,12,3,0
3,2,1,0.00720216203657722,43.80229138256188,45.099091455597154,0.9712455388527715,16,5,0
3,1,1,0.07517418795059432,84.93062178291963,81.14374754089893,1.046668712707803,20,6,0
274,2,1,0.8863719447093426,3.0929883009599193,1.9604713138084284,1.5776758778232025,11,6,1
87,2,1,0.9822522993721403,3.642978874642293,1.8040486467838903,2.01933516656366,12,3,1
211,1,1,0.8932066014677276,4.163107234290316,1.8982768388125373,2.1930980503847577,1,7,1
450,136,193,0.00041459040758227706,43.36552300972592,55.94607489193098,0.7751307503429605,18,5,0
4,2,1,0.024277978214207952,37.054579316096515,40.33354974658051,0.9187036486724804,14,1,0
4,2,1,0.02719558460388496,18.9105214566455,18.571325519009417,1.0182644979912117,8,4,0
103,164,216,0.004485243852098392,180.21497051841644,193.8144491674606,0.9298324830400345,0,3,0
7,2,1,0.03233230995267489,50.4630779326335,50.586901718027875,0.997552255995345,18,2,0
233,2,1,0.8861952463382445,3.342228749279474,3.2217228773279185,1.0374041705447685,14,3,1
4,1,1,0.05476857230291441,36.76937287868817,37.72843599434821,0.9745798337412209,17,5,0
8,1,1,0.014214637045651679,69.02238803803097,67.52050838539313,1.0222433107888558,20,1,0
105,197,210,0.025259561437638463,126.72296145294742,156.92863301653955,0.8075196923406031,4,5,0
232,143,125,0.014104958093582521,133.88347413785135,59.30878344613832,2.25739707271923,1,2,0
189,2,1,0.9678656079594787,3.565275520652753,1.6165819068344807,2.2054406928468713,14,6,1
4,1,1,0.04334087337134765,71.92102296152156,71.26601672751319,1.0091910038484793,1,7,0
8,1,1,0.07518897916419776,19.545785436044675,19.138258175861154,1.0212938532043385,14,3,0
7,2,1,0.07312710219793343,48.46601542531886,44.11774733703387,1.0985605193090835,22,7,0
73,2,1,0.9305213627916185,3.5947321796169343,3.2766434426671416,1.0970776169319396,2,5,1
189,196,159,0.010229168607521927,22.156164104629582,83.05793697912003,0.26675553126487395,23,4,0
7,1,1,0.089447805558682,84.76251784409907,80.56972653964871,1.052039289253229,12,5,0
275,1,1,0.888605309481735,3.9043460142834827,3.2670022211073197,1.1950852035111692,10,2,1
7,2,1,0.04803681067572187,16.342123840242294,16.842669980857522,0.9702810693800851,12,1,0
8,2,1,0.039503363227675274,28.56572560373162,25.930080616663574,1.101644303619106,21,6,0
483,121,78,0.04708765689557923,27.493529368610233,158.11187521555695,0.17388655552359858,19,1,0
230,2,1,0.9562063505508283,1.2797414575620594,3.8219310639597026,0.33484158561357885,21,4,1
3,2,1,0.06729704039298935,10.125010299430663,9.426803317033938,1.0740661451093487,7,3,0
5,1,1,0.03128829125959328,69.75262606598938,67.02185656079656,1.040744462259348,17,4,0
4,1,1,0.01619829269298243,21.912805312509548,20.061475253886446,1.0922828473576214,14,1,0
3,1,1,0.04741500724663361,37.47956112089358,34.533531248398084,1.0853092564239908,10,2,0
1,1,1,0.022499867701757117,38.49687446175154,40.25650960772181,0.9562894259060962,8,4,0
1,1,1,0.004734386454943996,14.899611566095874,13.833686139663463,1.077052884941218,18,7,0
1,2,1,0.08195231220959365,23.375846143766633,21.416354638346963,1.0914950998201678,10,3,0
9,2,1,0.049969291857097344,40.53049394046248,41.669836901100595,0.9726578492893495,20,6,0
5,1,1,0.03270977760977919,92.58697192329124,86.84719221640819,1.06609056159905,18,5,0
5,2,1,0.08010028976355929,46.76344881346512,48.62647163055692,0.9616870656121989,0,6,0
6,1,1,0.07556612519179438,33.25312280184221,36.133944413453854,0.9202738129375375,19,2,0
68,1,1,0.9130432405992026,1.2319696742798194,3.868069503652474,0.3184972951278451,0,4,1
4,1,1,0.09049952259723248,21.982057829751113,21.908357073177516,1.0033640476247225,20,1,0
70,1,1,0.9854006755412555,2.780848488263435,1.6843604128529017,1.6509818605587778,4,3,1
230,1,1,0.8733629710887909,1.596369683081254,2.7110629884798474,0.5888353350197789,9,4,1
3,1,1,0.08841102132056572,33.139991781003516,33.54199617717545,0.9880148935069796,11,5,0
3,2,1,0.060227748049977006,90.67690695466062,86.05340734059592,1.053728257334019,16,1,0
1,1,1,0.05916804195320016,56.35649212636614,53.53280525722991,1.0527468503764779,16,7,0
168,2,1,0.9852468134882633,3.3221260178309464,1.8082411659281195,1.837214017924314,13,4,1
148,2,1,0.9795079847184043,2.025714778606831,2.9273053795009325,0.6920066463828208,7,3,1
192,1,1,0.9459532153218143,1.0119205231293238,2.133058268783474,0.4743989125559343,9,6,1
2,2,1,0.06878043336329313,80.46809593973477,79.73208642710833,1.0092310328953866,17,3,0
297,2,1,0.9491555548985252,2.2191559986943195,2.70312820592893,0.8209584709400443,5,7,1
8,1,1,0.09288898266555179,69.90737678812593,72.08048256469625,0.9698516755264528,1,4,0
162,1,1,0.9314934482560487,2.1197510865210676,2.8568617986437337,0.7419858697846,19,6,1
286,363,248,0.03154955771068212,95.27650118169034,91.33049328308681,1.043205809546791,1,2,0
387,145,149,0.039836801944561136,100.76476465342422,39.74801039481167,2.5350895215267704,12,6,0
2,1,1,0.043989520202558266,59.00886927213447,61.68940284564801,0.9565479085569938,10,3,0
6,1,1,0.09703394127248512,65.96441722114602,61.40776038400612,1.074203273473017,2,6,0
8,1,1,0.00016524881419711647,83.54578527753687,91.8470773063348,0.9096183322076664,22,3,0
406,388,85,0.02889555862799281,67.92017491634881,69.23956530233201,0.9809445599460059,2,3,0
6,1,1,0.09936301419253728,22.42146418190512,23.366337695308264,0.9595626184246723,0,2,0
1,2,1,0.07667784245332432,60.56750399885882,55.554533908404665,1.0902351210203522,19,7,0
6,2,1,0.06467712888159438,15.563180874210547,16.63060328893492,0.935815773115424,21,6,0
116,217,189,0.038483224424932905,67.57133981824676,150.89882384335561,0.4477923558131302,9,2,0
449,378,132,0.037384550456431846,181.2642096737557,175.26770667317965,1.0342133934105595,23,6,0
1,2,1,0.00019373091368668494,75.17778607455813,76.96162738465338,0.9768216789234506,3,3,0
2,2,1,0.09727470304215424,75.67085747701134,69.12357234983185,1.094718558439716,17,3,0
359,214,254,0.0349911866671914,198.86609420987688,104.57709025454135,1.9016219874337243,14,1,0
6,1,1,0.018668154481713096,84.8542974127518,90.62283395234462,0.9363456615953294,7,3,0
8,2,1,0.04967912584296959,77.0617674851783,70.34790133682388,1.0954380446434158,22,3,0
8,1,1,0.047534347373655285,75.08079764900576,67.86042809392521,1.1064002948093237,19,2,0
132,167,212,0.04275979030984894,123.89189516684166,113.28541605437779,1.093626165501945,17,5,0
8,1,1,0.0003778185203477058,97.79878557820592,102.27510190803278,0.9562325898843687,1,3,0
8,2,1,0.02453620559864359,78.23508991156028,82.99756690733379,0.9426190770014887,3,3,0
8,1,1,0.03799749244584082,89.01668590811654,84.60450453892496,1.0521506673106469,17,4,0
4,1,1,0.032020961026493176,90.21724646811508,98.77443790413702,0.9133663362951566,4,6,0
3,2,1,0.08661681117920639,33.871272956273046,35.89028834654866,0.9437447988497488,18,1,0
3,1,1,0.03569149014715152,74.95285695548604,77.07780158756285,0.9724311722920276,13,5,0
404,250,151,0.049234869473577476,58.81894641265749,148.58572915051914,0.395858651762399,16,3,0
111,296,271,0.026488299269292023,116.60450214008218,133.1749735750032,0.8755736833273058,21,4,0
179,265,54,0.03637357412332632,108.43682919484188,32.05121210210039,3.3832364545032525,1,1,0
272,1,1,0.987085392892141,4.031936154020325,2.5020030771550577,1.6114832914613768,15,6,1
156,1,1,0.90682149321568,3.5679355519232203,2.928815497593422,1.2182179296903326,8,7,1
9,2,1,0.042588346446502924,36.01282318966279,37.0283424246296,0.9725745424053513,17,7,0
6,2,1,0.007080900005262148,36.34257299913676,37.35976480311789,0.9727730672464984,11,7,0
6,2,1,0.08696865810608528,68.86599713234999,66.97540263614188,1.0282281915717502,15,4,0
150,1,1,0.9359992738916745,4.870076751220963,3.9564009048161752,1.2309361129941505,8,6,1
483,297,189,0.008241094149511314,57.653226699811455,138.2371944066846,0.4170601620443736,22,1,0
9,2,1,0.03731834598636818,98.79921943085675,105.7856251776371,0.933956946087442,10,4,0
284,2,1,0.9501852269102289,4.86659998672845,2.4756971599713804,1.9657493111090814,2,3,1
8,1,1,0.09792645980332182,48.04771562841614,52.253206968066685,0.9195170673022877,2,2,0
6,1,1,0.0643302478494183,54.21435901908221,49.83338915496308,1.0879123402684086,17,5,0
480,321,62,0.02840162943873616,133.91520982645326,199.95940596899518,0.6697119806768058,14,5,0
3,2,1,0.024698491771103184,81.11587067809249,81.85915846320657,0.9909199190528184,16,5,0
9,2,1,0.05410512228305804,32.9150772821682,31.441691873006192,1.0468608818861609,19,1,0
4,1,1,0.0952824716936136,64.37625866602436,67.17283389749683,0.95836746688788,22,3,0
7,2,1,0.09153289446656504,24.48305903733764,24.292574739953835,1.007841255997888,16,7,0
368,197,135,0.046720021617426326,93.45658453484576,51.98292808504712,1.7978322495020924,2,4,0
5,1,1,0.06324355829402904,56.223132718640514,52.29446890580388,1.0751258000136341,0,3,0
6,1,1,0.01060384808488123,84.22909994809706,89.78391538738356,0.9381312853720003,8,5,0
5,1,1,0.05894208062071002,79.4455675698701,73.49843992454522,1.080915018759994,15,4,0
292,2,1,0.9616064022700002,2.2831431893735386,3.542759809294575,0.6444532828287198,7,3,1
3,1,1,0.08302435279704073,26.988051275365837,26.32625627562562,1.0251382115562304,16,1,0
4,1,1,0.002944251474483151,76.57161528148289,83.80276416485928,0.9137122867552309,15,6,0
288,1,1,0.8847521448135047,1.0577684169405819,3.133495668974973,0.3375681758279239,4,3,1
324,222,115,0.011645227860775804,112.76740459271863,151.18205421874777,0.7459046986460023,15,6,0
7,2,1,0.09779000472861887,99.3641834592408,101.30817174088963,0.9808111404219113,11,2,0
9,1,1,0.05059683134787601,42.57618103508506,41.67933217511179,1.0215178318166243,14,4,0
5,2,1,0.09737593072430138,71.03744965674973,70.92019311270266,1.001653359063204,9,6,0
1,2,1,0.013821070536134817,91.98140653667954,91.4565068640318,1.00573933655074,5,5,0
340,264,52,0.013389798658237967,30.798921133147175,151.96187451444848,0.2026753172896589,16,7,0
223,1,1,0.9899742219907324,4.966315179118322,2.5710778605817146,1.931608239197656,19,2,1
6,1,1,0.05088957670662728,16.629899942653836,15.970417552361058,1.041293997989131,20,3,0
4,1,1,0.039756600878917706,12.03297230356179,11.702941156227894,1.0282007012534848,2,7,0
165,2,1,0.9187960994797536,3.1989692675756407,2.440272822944173,1.3109064025538364,8,5,1
226,1,1,0.9506067259334117,2.641389706066669,2.695899905691241,0.9797803325303373,2,7,1
454,268,269,0.016213607746530644,115.55475955889675,193.04512400641045,0.5985893720633914,6,4,0
7,1,1,0.050636155963050836,11.380674297527733,10.564253731610519,1.0772814234359318,6,6,0
8,1,1,0.005993043311889179,27.422622493318393,26.137432528535207,1.049170474696782,5,5,0
7,2,1,0.0859357478516452,41.77026419719822,44.90819698322847,0.9301256118743277,18,3,0
129,110,86,0.03364469019946444,62.64845829604683,146.1787209180468,0.4285744046917053,18,3,0
5,2,1,0.03624291705783124,77.48670882415071,82.83981362109859,0.9353800477940176,16,3,0
290,242,149,0.02147458393489219,93.5682540931134,149.58913598254284,0.6255016681427512,17,5,0
223,236,54,0.038479426045842834,196.42525190540127,199.64284684840263,0.9838832445349539,7,1,0
2,2,1,0.03326245332068397,73.94128100439838,75.12119394707473,0.9842932083386795,4,2,0
6,2,1,0.0597041446834684,74.84180076526457,72.43880250943606,1.033172804803275,11,1,0
175,188,168,0.015012442345806926,143.33214407243958,164.99299316295125,0.8687165516833865,8,7,0
363,246,214,0.038307523740156176,127.80236012433768,110.25256990944276,1.15917806024213,10,4,0
3,1,1,0.03740635173850722,34.87728809107993,37.41925863176375,0.932067853997352,10,3,0
393,364,104,0.015481144646307815,143.37114426371693,167.9575389834298,0.853615414535584,8,3,0
237,1,1,0.8742812970599977,1.2507050729392137,1.9871148299186523,0.6294075481236354,23,3,1
5,2,1,0.03297224588276676,61.29608300722387,56.869687259350236,1.0778340089631118,14,2,0
2,1,1,0.06731211380977535,12.16442996532016,12.354976999034685,0.9845773056696574,8,3,0
3,1,1,0.08070136356658839,40.136829032869755,40.67682731277374,0.9867246706398263,10,4,0
4,1,1,0.009096984842685608,30.00814734595843,29.23593783819407,1.0264130233152822,11,3,0
4,1,1,0.0016994249587130807,23.617402817159707,23.125610862884802,1.0212661173445672,22,2,0
1,1,1,0.00394812947733848,31.12882510968911,28.137200394487426,1.1063227568222387,15,4,0
5,2,1,0.030740692559653227,40.64007313551458,42.471590629681344,0.9568766446697005,15,2,0
3,1,1,0.030825798950482555,24.89797562740731,24.340505127627146,1.022902996337057,3,4,0
6,1,1,0.06911351881257459,69.07535138349506,62.215677300295184,1.1102563595038983,3,5,0
3,2,1,0.05189812535232788,59.62948081217527,62.554043055100635,0.9532474305401927,12,7,0
224,2,1,0.9007770533155985,2.0232921001921675,1.942043394449482,1.0418367097125125,14,1,1
1,2,1,0.07118972503066855,74.626858421103,67.47730679982219,1.105954904846612,8,7,0
2,1,1,0.06987769473617982,72.91378463148087,76.73392156266472,0.9502157995657222,20,3,0
7,1,1,0.004567573856635321,79.23172412375155,71.93105448592803,1.1014953790125759,4,6,0
7,2,1,0.0326309481823363,11.806949308440677,11.31715819997892,1.0432786305366544,6,3,0
323,210,167,0.03283516114665934,104.98562068526952,48.08656085691945,2.183263240589237,4,4,0
8,2,1,0.0365391012333533,47.366058101481215,46.68185440513639,1.014656737720975,9,7,0
164,168,103,0.03101024159704296,63.12886812551822,98.1910808979239,0.6429185578590874,21,6,0
5,1,1,0.044054088772243774,54.04599416401366,51.79284144113086,1.0435031687814194,17,2,0
1,2,1,0.09205172678472096,83.2984106833194,76.05761991633187,1.0952013851465883,3,2,0
4,1,1,0.007281546957842222,38.08844465168788,39.89754739907389,0.954656291794317,13,6,0
4,1,1,0.060840887088006904,90.39924755215759,84.7953824360021,1.066086913640432,4,5,0
263,2,1,0.8589584933457917,1.4431356463821143,3.533636428946128,0.408399583658502,5,1,1
166,2,1,0.9640625115694791,3.6204174598327565,2.080733102852607,1.7399720583429468,12,5,1
168,1,1,0.942049121111399,2.801194504974987,2.3046991272153017,1.215427416054774,0,4,1
4,2,1,0.05821076831802224,88.67335032903544,83.66418266044093,1.0598723074714624,17,4,0
3,2,1,0.020373434109977818,44.88341728067168,43.288590833843216,1.0368417270257184,15,5,0
3,2,1,0.04369807761457953,24.751277497078433,25.59695390275223,0.9669618342523613,8,5,0
5,1,1,0.04210851343386199,9.723237786357064,10.024470562028075,0.9699502558457245,8,3,0
9,2,1,0.04267959360631596,38.86571007275235,42.73639833945073,0.9094287675822864,2,2,0
1,1,1,0.019495949603351048,53.6611904575162,53.00496806171698,1.0123803941365483,12,4,0
3,1,1,0.05137265254432952,30.922787819845098,29.129919477095324,1.0615473154383244,16,5,0
118,343,208,0.0030901435039517367,152.99736086834713,154.99328990960484,0.9871224809640354,6,5,0
334,334,123,0.02458545347179782,149.14589018457428,112.9890013463359,1.3200036145766936,10,5,0
139,2,1,0.921633489934477,1.2496092811074826,3.075525655998212,0.4063075457264887,9,7,1
8,2,1,0.06243759554919758,11.253664422259067,11.579954260260095,0.9718228733319971,18,4,0
254,1,1,0.9840965011458943,1.4650726050650609,2.6367354123139104,0.5556388396890238,15,2,1
5,1,1,0.08910290186112522,78.88212796451552,81.29367318569162,0.9703353886388227,12,3,0
9,1,1,0.0928371843721051,30.05948973258603,28.49826807764592,1.0547830363124675,13,6,0
3,2,1,0.060777771238689764,40.571434948156366,42.57925461204648,0.9528451194793328,5,3,0
6,1,1,0.06363658101666421,76.14372156826376,72.32105191125525,1.0528569421487297,19,3,0
9,1,1,0.021085479047801017,58.08607926362965,63.31135310729667,0.9174670325745289,17,1,0
6,1,1,0.06248422975977874,61.70788789431715,57.50467000530135,1.0730935050775583,4,3,0
6,1,1,0.012002201370348587,93.27123353798136,89.06897422476132,1.0471798328182813,13,7,0
3,2,1,0.012589788640716349,9.55750967733471,10.449335611328657,0.9146523791400601,17,1,0
128,200,247,0.023473425750494284,173.4111322503376,22.26819820047874,7.78738947305622,10,7,0
138,2,1,0.9832740308296533,2.3119933934841588,2.813322830670516,0.8218016675082851,11,1,1
5,1,1,0.022883320421956413,19.809591558238246,18.74108771784958,1.057013971466074,17,2,0
420,89,144,0.049875284658675065,196.14579605296078,160.18822088044607,1.2244707817770888,20,5,0
8,1,1,0.009095971874621689,78.79299880841624,73.8973840667499,1.06624882333107,11,1,0
316,193,63,0.03177062915676752,187.93056936012988,127.25918088608559,1.4767545103748037,3,7,0
252,2,1,0.9021204462246433,3.558295493328324,2.6146933547871067,1.3608844367212793,8,7,1
1,1,1,0.06966669119009267,84.91292698176848,87.43867733818897,0.9711140374796433,16,6,0
387,294,118,0.021615038499209805,139.77006269024315,115.63587864007314,1.2087084418261722,5,3,0
100,1,1,0.8723646841704092,4.926595505153067,3.34225343042927,1.4740340933752316,3,3,1
6,1,1,0.06193445553903361,74.17653968007303,77.13482670642007,0.9616478424511608,9,5,0
9,1,1,0.05732426648480058,62.606050464533205,58.4612966438978,1.0708973980834213,17,6,0
3,2,1,0.08611191683627711,51.44484857205554,47.98690285160751,1.0720601979907147,5,1,0
6,2,1,0.0027493331627570063,23.985489613128518,23.504712695274467,1.0204544903010326,19,4,0
162,213,235,0.015987420061328205,191.28873240533866,136.21642260657188,1.4043000744325065,8,7,0
3,2,1,0.02329920525459397,41.730058260302044,41.96288180657856,0.9944516788110579,3,4,0
395,320,138,0.046402695990388036,51.47753322968015,178.90987418108645,0.2877288549070039,15,4,0
5,1,1,0.00846499346064107,95.27133753137608,87.7817921381544,1.0853200328996968,1,3,0
7,1,1,0.061018301083681704,91.34088089882056,90.56570963642521,1.0085592136969639,9,7,0
8,1,1,0.07161110355892511,9.787790453121268,9.749307946606168,1.0039472039170223,21,5,0
8,1,1,0.08055923295278185,51.217539339757785,54.647343352611664,0.9372374977000604,7,4,0
9,1,1,0.033381956855260124,57.985275331455625,56.19883586113305,1.0317878376473288,13,7,0
4,2,1,0.05055944016908456,33.98180556053816,35.52821325156636,0.9564738119511252,21,5,0
5,1,1,0.09726687900335762,64.78828499575548,69.64014989334079,0.9303294880178128,15,6,0
147,1,1,0.9376654284432206,2.088927768076256,3.663773596515367,0.5701574382388271,11,1,1
8,2,1,0.02638598855569633,83.80772096207575,87.18006513230827,0.9613174850797083,18,6,0
294,2,1,0.9624892928788812,3.2807188079489134,2.9874886052874308,1.0981527434590066,0,2,1
7,2,1,0.09666306678944243,16.995481652683974,15.446818367991066,1.1002577519718917,1,4,0
4,1,1,0.027635296890016682,94.21051173252908,85.4685501881012,1.1022827873549788,7,2,0
5,1,1,0.004529753917345292,93.49833702500818,86.18051944964593,1.0849126649745706,21,2,0
214,1,1,0.9696896936170125,3.9881385618240315,2.9971950962209157,1.3306236110063607,13,3,1
4,1,1,0.07991443889716637,19.957876696395193,18.706544502374115,1.0668927494258635,4,1,0
8,2,1,0.04482884916996454,35.632259020846114,37.4662925173005,0.9510484391908406,9,1,0
3,2,1,0.006894061227922011,72.78506810693673,65.86204506306645,1.105114000593834,6,4,0
50,2,1,0.9332770899465466,4.311048654606534,2.505295845068458,1.7207742802482207,9,4,1
384,115,264,0.034733605423952665,61.58471165197273,174.46928189282434,0.35298312106198687,6,2,0
9,1,1,0.07794306078033432,66.05182914265397,71.8436738151232,0.9193826767910909,16,6,0
88,1,1,0.9558437830366378,3.65330343152667,1.7593754423013348,2.0764774497181797,18,5,1
1,2,1,0.049627634247047116,92.00727440907079,100.07882079485826,0.919348106605567,9,7,0
7,2,1,0.08030461265598736,94.81780226118994,104.25307931649645,0.9094964185502622,15,3,0
9,1,1,0.07584101904270625,33.430924810682924,35.47957429098626,0.9422583409963913,5,7,0
174,321,66,0.0027786454424350683,40.74064783572742,39.41592937698634,1.033608707943204,14,2,0
455,119,171,0.03803879566692749,43.8170628542781,101.80839444778185,0.4303875244467404,8,2,0
195,80,140,0.0037767460374334705,183.76604414401896,100.62205788295178,1.826299799570628,0,3,0
7,1,1,0.013536752050300239,83.84939635693141,80.01273865547691,1.0479505859432532,5,3,0
1,2,1,0.09109938009297419,13.749725828475274,13.377260849738814,1.027843142398149,8,6,0
3,2,1,0.08292530951236177,75.08002154670841,73.75635764850121,1.0179464379805108,12,1,0
4,1,1,0.03951007530147893,5.923958137463466,6.129980841444875,0.9663909709817546,4,6,0
7,2,1,0.05296048540659612,41.77998208267636,43.45637654096988,0.9614235103860295,1,1,0
5,1,1,0.056674234845267374,47.4413072556231,49.67216061097245,0.955088457439547,13,7,0
59,2,1,0.958562447895144,4.256388027868944,2.7627810526742245,1.540617206618305,14,2,1
498,194,130,0.018081015700671856,174.7038400347018,188.98188755835366,0.9244475345858577,16,2,0
6,2,1,0.09510373920730238,58.231694349962034,54.519906543155486,1.068081331061499,21,1,0
458,205,253,0.03461130642064531,81.07917503034423,64.8373973384993,1.2505001489657397,22,2,0
203,2,1,0.9237025060839064,3.4020428896965926,1.8556972717144722,1.8332962717315724,11,3,1
2,2,1,0.09885459355126709,95.89918516974608,98.58113944766566,0.9727944483808348,1,7,0
439,363,173,0.0012290806899782015,133.14490337795127,191.2894912520411,0.696038776131831,14,6,0
1,1,1,0.003972915336469085,18.984021675214798,20.751612231240422,0.9148215311500177,18,7,0
95,2,1,0.9491226375189759,1.0965631084893346,2.124662356798417,0.516111703575202,3,7,1
3,2,1,0.07645514642704901,39.618447082942545,42.133705566223,0.940302936817956,11,5,0
2,2,1,0.04021704270424106,68.20821506503881,74.13285249844603,0.9200808112229135,19,4,0
2,2,1,0.07684012226237336,46.43709709471231,43.43775103203847,1.0690492944826173,16,5,0
57,1,1,0.9394500562693929,2.918564515899494,1.854666465404514,1.5736330873179063,14,4,1
169,1,1,0.9627675181656506,1.0182754503631042,2.519377186518352,0.4041774514003232,9,6,1
3,2,1,0.03977319573036873,46.89553208846055,48.009829088005624,0.9767902319022531,22,5,0
5,1,1,0.004187469897321472,52.88429239672882,48.226902049786865,1.096572455392924,14,4,0
68,2,1,0.9558963662687354,2.2094615695602675,1.612300138105339,1.3703785773762138,19,2,1
250,90,269,0.044781536944219325,96.32109852243222,76.45260225905291,1.259879921366923,15,6,0
9,2,1,0.06517613390681011,11.238418811123047,10.340169767179201,1.0868698545738567,7,1,0
2,2,1,0.0519589278334257,95.2867786970157,98.13395655146171,0.9709868229662896,2,1,0
9,1,1,0.06397717210139646,60.59915149262736,56.693368375290135,1.0688931215284707,13,7,0
270,1,1,0.9425005050170802,3.0129270954155154,3.7967273167079822,0.7935589901747081,11,3,1
3,2,1,0.09373992755778612,5.978822853105201,5.874336556371441,1.0177869101865524,4,2,0
1,2,1,0.005359889192886935,60.18007325075127,63.91832131456015,0.9415152340216836,15,1,0
5,1,1,0.027529013576680417,61.51225583432217,59.80215064242829,1.0285960483615215,12,1,0
218,282,60,0.049626359013100196,165.68959970702545,44.76156646025713,3.701604139661596,16,5,0
2,2,1,0.07312055825454951,30.711561255711974,32.58752446210271,0.9424330863618572,21,2,0
4,2,1,0.057195110161919784,95.15894027858053,94.09568853493025,1.011299686098323,12,5,0
6,2,1,0.03676159664513327,87.06917310450092,78.87215698587427,1.1039278806600243,7,7,0
5,2,1,0.06869099786832132,78.48669754990233,82.21995385196901,0.9545942787952894,17,3,0
288,2,1,0.993552464970225,4.188085390697266,2.6052658194824936,1.6075462854416833,7,2,1
3,1,1,0.059346122245183625,31.908660916350573,29.413551438200937,1.0848285690149304,8,2,0
9,1,1,0.08102484444240171,18.257687433538617,19.292825822556015,0.9463459423446836,2,6,0
199,2,1,0.9493248032042061,2.6871259387417177,3.3262504197290053,0.8078543704357178,17,3,1
282,326,167,0.02795338638046187,67.70783516804167,89.19795753724704,0.7590738290141724,0,6,0
2,1,1,0.0025234885586802092,48.53663827952119,44.33756601865846,1.0947068736045558,20,2,0
215,1,1,0.90883073662353,3.0479710007783174,3.405748301204789,0.8949489895363355,10,4,1
7,1,1,0.03953924778371273,8.03966959880616,8.051559336021816,0.998523300056616,17,1,0
137,2,1,0.9309880903226466,2.79975464855583,2.1061219732273497,1.3293411702388638,16,5,1
5,1,1,0.07565147240490595,70.62188233732216,72.17382824858538,0.9784971097013461,16,5,0
247,297,221,0.04611407055974086,154.78879522317158,80.01245579625441,1.9345587344216677,15,2,0
218,2,1,0.8896756606556289,1.8023141967800056,3.6744579091110254,0.4904979840185585,22,3,1
9,2,1,0.06210943555869497,81.7774574406023,80.26168358846805,1.0188853981671528,21,1,0
61,1,1,0.8872141316747987,3.842396765367006,3.4278406780011794,1.1209379683327523,7,2,1
2,1,1,0.0044494426818399106,71.33557703503232,74.64924702292899,0.9556101351313181,23,6,0
5,2,1,0.05967039731879612,68.25316258528127,64.15293095093217,1.06391339528174,4,7,0
4,2,1,0.07744117115869043,39.902397626805545,37.209026934820905,1.0723848730767032,15,3,0
5,2,1,0.02727196098582422,90.51653198543848,83.07218583633545,1.0896129802551422,15,5,0
6,2,1,0.07425115331394865,60.24465936566818,60.08474652224094,1.0026614549063304,6,3,0
1,1,1,0.08940054147313162,10.315054926868953,10.5037789367812,0.9820327511604999,14,3,0
170,1,1,0.8840739357458528,1.317837812689508,3.067470998977429,0.4296170405942948,14,4,1
9,1,1,0.05431138867153204,33.67397329807594,34.756981773327965,0.9688405488625279,3,2,0
5,1,1,0.06962183975250302,38.478313329089964,40.94786177779651,0.9396904174848605,0,5,0
2,2,1,0.007658722741705981,39.49023315905291,37.64912540183559,1.0489017404140697,9,7,0
9,1,1,0.050374145526735664,30.60294401003037,31.52252274552495,0.9708278825613624,4,6,0
4,2,1,0.0890188927441895,95.8951804276927,86.45289060213007,1.1092189024542574,9,7,0
3,2,1,0.08191251017427466,6.138083818276769,6.514934424258573,0.9421558865460581,6,3,0
6,2,1,0.09831264099816142,25.66185236791087,28.155690823239915,0.9114268418777134,13,5,0
5,1,1,0.0057736279650981055,40.29696452530165,44.175866995740215,0.9121940839143553,0,7,0
6,2,1,0.07126828160440628,23.7333057753439,21.97506908647719,1.0800105192819929,19,3,0
9,1,1,0.0008464421617309537,96.99941195608372,98.7870257587358,0.9819043666015626,23,3,0
8,2,1,0.09082324961678356,62.34466402320163,59.12403378335619,1.054472437581755,5,2,0
6,2,1,0.07982343138738139,73.96263151462051,67.77667666100879,1.0912696691304493,11,4,0
225,1,1,0.9994240444325011,2.015949796820087,2.719507472172037,0.7412922440731419,9,7,1
1,1,1,0.007188789140512264,70.89067781509586,70.80663801440457,1.001186891554916,23,6,0
394,339,177,0.022812805057098665,40.241121182035975,198.67785450548888,0.2025445728825516,12,6,0
8,1,1,0.06390125942134332,14.633798135884918,15.220971280578611,0.961423411563564,20,1,0
378,285,255,0.039076386662193485,140.85544703018186,100.12687065161005,1.4067696924263846,6,7,0
277,1,1,0.9697025252875864,3.2078677109155675,1.9296660862348118,1.662395237082079,9,3,1
56,2,1,0.9060624162619654,2.7603337781497066,3.803439973820363,0.7257466391344388,3,5,1
1,2,1,0.06815833201075193,44.04061427419436,46.30481441754936,0.9511022736655894,15,4,0
9,1,1,0.07784787690598827,51.98366266991648,47.21845547495838,1.1009183199032262,2,4,0
9,2,1,0.0010212749612843242,86.57714821018949,87.61865952778304,0.9881131333986765,22,6,0
7,1,1,0.05630047639806971,52.73197029459857,52.6395266034033,1.001756164942207,20,5,0
6,2,1,0.04712549696471055,61.7962512263474,64.42429687973177,0.9592072280076188,15,5,0
226,98,225,0.024404757811051666,122.95224274774142,40.07422364291682,3.0681129057748677,23,7,0
5,2,1,0.06372856468144399,95.4246619618327,87.64508698825607,1.08876224830057,16,7,0
133,1,1,0.9857633665779776,3.3319208091860606,2.524823901146518,1.3196646339069593,0,2,1
9,2,1,0.051556394472149526,68.73842533064035,62.788053804207294,1.094769166519927,16,1,0
6,1,1,0.08778191725700715,82.04417094024774,75.08442603986765,1.0926922568028243,12,5,0
1,2,1,0.051771308048541735,7.150688225730998,6.476876343123202,1.1040334641131775,3,5,0
3,2,1,0.011618917391928087,85.44723138647413,81.44475516329568,1.0491434496322511,6,2,0
7,2,1,0.08379621748360849,96.1749413201268,98.20332403919866,0.9793450706590928,11,5,0
8,1,1,0.015610499763740028,10.202193463014666,9.9999109796129,1.0202284284144294,7,4,0
9,1,1,0.02794732039569109,85.37825186837486,77.8675421419556,1.0964549479772578,14,3,0
281,2,1,0.9268992168050946,1.4353692913101845,1.677327670927523,0.855747696880514,23,2,1
5,2,1,0.06113990201697727,14.898012363258,14.658217499459237,1.0163590739329396,13,2,0
6,2,1,0.08379874766075357,6.097935898423114,6.1373024834613,0.9935856860331929,19,5,0
7,1,1,0.0749745865445313,95.30602869647812,89.95491999409907,1.0594865595203695,21,7,0
8,1,1,0.0009355967907426765,60.466916722648335,64.9507074348348,0.9309662528820789,2,3,0
1,2,1,0.0890047909873941,38.78359886952917,36.52006413056394,1.061980579521241,13,5,0
4,2,1,0.09035081053570587,63.65618444583539,68.18128429942945,0.9336313491291638,22,7,0
107,2,1,0.8547639683110719,3.5324758211401472,3.878492390652295,0.910785806787685,14,6,1
3,2,1,0.046641730987215725,57.827016972867526,59.34838531850395,0.9743654635678507,15,5,0
266,1,1,0.8670180529406064,1.859166392890684,1.9344990570835514,0.9610583091694866,14,7,1
86,1,1,0.9350916057096785,1.7166674993548594,2.7321207024609913,0.6283278399115201,2,4,1
157,315,230,0.014172292975272272,37.68773704639766,106.23654578886122,0.3547530349988956,22,6,0
1,2,1,0.011288381849184759,18.634368093514343,18.50196443075328,1.0071561948600976,17,4,0
4,2,1,0.06006129769105182,86.68810125667551,78.07679489246607,1.1102927749028333,12,3,0
148,1,1,0.9028837383206513,3.6725756983298505,2.8193235831066676,1.3026442655734352,23,6,1
9,2,1,0.07258713861149484,12.716719681024308,12.59219382187294,1.009889131386706,14,7,0
9,1,1,0.09570216097994429,91.81318773554996,99.64246388346955,0.9214263091980963,10,4,0
2,1,1,0.0034214586207677034,89.72316482368933,94.25890123499835,0.9518800203282564,18,3,0
184,2,1,0.8694596129088322,1.7074578997400316,1.8304598258452414,0.9328027174546637,2,3,1
4,2,1,0.019125391144534345,73.9096895201517,73.78002978308302,1.0017573825525672,14,7,0
491,325,71,0.03634410281592987,84.21252840057942,122.83764528008626,0.6855596117018002,0,7,0
7,1,1,0.02890340642234972,99.3762346901083,93.99659105566916,1.057232326981444,8,3,0
9,1,1,0.04725779348875353,60.053207031265856,56.68298154442991,1.0594574490439297,0,1,0
7,2,1,0.03360510462505926,69.11261256084767,71.02500809243672,0.9730743356044376,13,2,0
7,1,1,0.04860737403659026,68.41954171825967,65.61304212404939,1.0427735020867384,8,7,0
2,1,1,0.07518854286189643,65.8271099195835,69.01548576714723,0.9538020226602324,7,6,0
2,2,1,0.06910445449362482,36.28820383739562,35.02708877381707,1.036003993130061,23,5,0
3,1,1,0.08045078776832268,64.01338987312926,61.202274312385576,1.0459315538895715,6,4,0
2,2,1,0.09719900985807263,20.961685138217483,20.586227358960404,1.0182382994567316,21,2,0
2,1,1,0.05406432479523504,26.90385381271269,25.43793094535807,1.0576274411037399,17,4,0
240,1,1,0.953198802795352,2.032321845431683,3.81988063741408,0.532038049965742,19,1,1
459,379,280,0.012584839957808082,88.34694007589997,48.204800093452604,1.8327415507299167,6,6,0
1,1,1,0.05674015819237044,21.19365524992972,19.669249592723848,1.0775019733223472,0,5,0
2,1,1,0.03599988094397729,66.59195041448976,66.19399380319476,1.0060119746283656,7,6,0
4,2,1,0.025729256758304453,53.33154379948395,53.892269004701404,0.9895954426196356,5,5,0
5,2,1,0.021564830163787876,71.50609638685405,75.38119801607904,0.948593260239796,11,2,0
1,1,1,0.06059862702650573,24.548199585665284,23.357327122698223,1.050984963164291,12,4,0
8,2,1,0.056239799753479806,85.69074616190346,77.45659526617831,1.1063066465473808,12,4,0
3,1,1,0.0182703866590735,64.31138704345128,61.66200319624553,1.0429662305775862,8,6,0
3,2,1,0.03609536333111718,75.37462847442636,79.76007621739494,0.9450170066159973,21,2,0
3,1,1,0.04399104439122144,50.02190128819204,50.67617260187579,0.987089172680347,15,4,0
8,1,1,0.09441835361856815,12.947384758872687,13.044392703243112,0.9925632456353214,11,1,0
190,2,1,0.9161024150779903,4.768656245266019,2.5806646869947953,1.8478403138918282,10,7,1
1,1,1,0.06068310427542453,69.85186412669785,65.28991292498608,1.0698722206438405,2,6,0
226,397,214,0.03332393455465465,188.77717733450126,33.55403722392153,5.626064490383207,13,1,0
8,2,1,0.055439197836691545,36.14109202100042,34.12129702814188,1.0591945549781618,15,1,0
7,2,1,0.03796501438209657,26.849644182748442,28.228882460004574,0.9511408827745741,1,2,0
3,1,1,0.07895021761153927,44.37295765479167,45.17603138456482,0.9822234555546299,16,2,0
3,2,1,0.06601624168030491,59.695897010525705,62.058769285508845,0.9619252475969599,13,5,0
6,2,1,0.016107970149571417,44.368061534951316,43.527268943302865,1.0193164563745922,2,4,0
4,2,1,0.025584884878662974,71.9709266446242,75.68455445654277,0.9509328179496532,23,2,0
7,1,1,0.06534725229595612,44.82397243954518,48.86910058726879,0.9172252384612654,9,4,0
6,1,1,0.01705829552988002,78.41113490748467,76.9501122640834,1.018986621337045,9,1,0
7,2,1,0.013869089941730472,37.04734845190932,39.28696705107241,0.9429933444276414,18,5,0
1,2,1,0.09276377180531867,58.812916221598535,63.54066846769003,0.9255948613682664,18,3,0
6,2,1,0.0934014891581597,18.058646713110758,16.396984854478724,1.10133947633538,23,5,0
3,2,1,0.07457413526293209,7.498974392308666,7.634533912197805,0.9822439036294601,20,1,0
156,1,1,0.9873779649912628,2.624179729930753,3.741252969934882,0.7014173462791605,9,6,1
2,1,1,0.08830677000502024,93.15828101619061,88.61231374668135,1.0513017556736521,2,7,0
4,2,1,0.06961881792727827,95.68158830334131,93.12923275027462,1.0274065991707546,14,6,0
2,2,1,0.09291172188704508,72.74230506100005,79.91418025623729,0.9102552867057975,12,6,0
2,2,1,0.06283572298285682,15.538881753219552,15.873540289031062,0.9789172087815365,18,1,0
452,192,128,0.03038809915092034,85.88258351654235,55.03180531660722,1.5605990576257753,8,3,0
4,1,1,0.019933245971421366,62.013683651088826,62.90108426891375,0.9858921252608124,23,6,0
4,2,1,0.06928357341425916,25.32775188571116,27.529961226448922,0.9200068128457068,23,1,0
3,1,1,0.06925876396716318,47.9649624397428,44.40212844698429,1.0802401622934021,11,3,0
9,2,1,0.06473468584557034,31.180334094987064,33.05327694568607,0.9433356379829851,10,2,0
6,1,1,0.09619153014112879,31.047970955178524,31.5304905828956,0.9846967294578401,8,6,0
131,362,117,0.033766065467469755,29.484098540010052,185.72671906212275,0.1587499024852104,23,2,0
202,272,66,0.022291619550311677,107.41390310392502,62.80404705002534,1.7103022519928783,5,4,0
6,1,1,0.002059762475534721,8.900770743862587,9.222420626827848,0.9651230521811608,8,1,0
156,1,1,0.909367717296084,3.9255024971326242,3.3589202944767504,1.1686798592951237,4,7,1
8,2,1,0.06405717706700609,37.128978077458356,33.739560334714454,1.1004582664717344,18,2,0
4,2,1,0.026436428468582587,5.569799846111451,5.215961620392282,1.0678375823042496,8,5,0
160,2,1,0.9329300229305317,2.0082277141761873,1.777228808110428,1.129977020973096,23,5,1
282,2,1,0.9695824999144744,2.7865802772396506,2.3099173320763504,1.2063549801303213,22,3,1
3,2,1,0.007432886063293709,35.265766895958365,33.99138092891217,1.0374914443667758,5,7,0
1,2,1,0.044438361008751974,39.9388713459645,41.818363063985515,0.9550558276242128,16,3,0
8,1,1,0.0021165447612074284,15.29559719285114,14.576870026918536,1.0493060008496582,22,5,0
6,2,1,0.010081521406538852,83.01687020358018,76.68793377867961,1.082528451518407,1,4,0
1,1,1,0.038376409050408344,57.030112323344326,53.41657491959683,1.06764824231405,21,6,0
406,295,196,0.03320904109011804,30.200115597989576,25.07338916468188,1.204468825480089,12,5,0
1,1,1,0.012603803066879138,62.86059703844408,64.20684427527088,0.9790326521724833,14,1,0
466,385,252,0.004729799099051713,35.48070159225121,195.76572303776166,0.18124062293278614,1,3,0
2,1,1,0.09652415089115335,45.42145896717066,46.31512969973459,0.9807045615901826,13,5,0
461,125,167,0.04168744654603416,118.33650155085475,105.45481775841161,1.1221535826078048,1,5,0
4,2,1,0.07918964516618082,49.17563006017194,52.03096625831009,0.9451223683995661,10,4,0
7,2,1,0.04440166304226807,45.26798307861619,45.653404185615635,0.9915576699290065,19,3,0
4,1,1,0.05127547840799121,34.13315555492451,36.81127628354525,0.9272472731455424,20,7,0
4,1,1,0.09398559588938638,20.534490363758596,21.983867755843225,0.9340708646821536,17,4,0
7,1,1,0.050876679928968195,56.09217463979138,53.2408895809217,1.0535544218233988,9,6,0
8,2,1,0.031162279968354002,56.334865918336305,53.57437181890389,1.0515263922974896,18,6,0
8,2,1,0.09426071398153263,72.08523069676671,68.65252819912075,1.0500011083013534,8,3,0
2,2,1,0.08333551140962026,31.92706816046391,33.97775303220321,0.9396462482437931,15,7,0
478,116,52,0.03516169280561613,195.9973019234974,100.39843758456219,1.9521947416603522,15,5,0
7,1,1,0.03279195513714498,45.268100626274126,46.67509768461767,0.9698555090800113,17,7,0
9,1,1,0.09647837577454099,52.844045453429516,50.475562832479675,1.04692335237173,10,3,0
80,1,1,0.9946302228664534,1.065446875271304,3.3024078205854313,0.3226272868632039,20,3,1
3,2,1,0.004417677624165584,19.20857387172346,20.83074281545607,0.9221262074951553,13,3,0
266,2,1,0.9166531735189276,4.68019542574416,3.487465474043639,1.3420048056612235,12,4,1
8,2,1,0.03116094152991379,79.80141469237712,72.62130526567597,1.0988705642295138,3,3,0
5,1,1,0.011059645666896002,55.576018064163016,50.43252639477968,1.1019875869219937,16,3,0
8,1,1,0.03312512469919961,57.60103317639629,54.80817833627862,1.0509568995886336,23,4,0
3,1,1,0.0609392716379723,79.3668774250165,84.38941906421856,0.9404837514596467,0,3,0
1,1,1,0.07496861576953022,28.70250059254142,25.84185900582799,1.1106979798190326,5,6,0
6,2,1,0.017608595841676112,80.24203235204533,73.1772281390289,1.0965437526493085,7,6,0
271,1,1,0.8963887711799142,2.305961179829875,2.9833235062736243,0.7729504275954902,11,7,1
6,2,1,0.00896326781099287,91.57180635932991,89.50857890788977,1.0230506111996631,17,2,0
5,2,1,0.021750533368783388,65.48392246013145,70.47071975926667,0.929235896608258,16,1,0
397,333,198,0.028693086792679342,87.13391829425785,148.52471862564298,0.5866627393779427,0,7,0
5,2,1,0.010190002489163942,33.59721121242695,33.56449031863747,1.0009748663983529,6,5,0
7,1,1,0.09258905537259499,90.30501890767052,96.90172054140912,0.931923792509756,4,7,0
7,2,1,0.03098322245391079,24.073401593670383,25.554619351270226,0.9420371817228333,19,5,0
6,2,1,0.04170399589692325,99.51494836319085,92.50193943768514,1.075814723108915,6,5,0
104,1,1,0.9821384948632358,2.3453388814186904,2.179982440650598,1.0758521893042143,9,2,1
3,1,1,0.014774857841411427,76.80462191078409,77.55704067849285,0.9902985111199916,19,6,0
9,2,1,0.07895749482323755,34.34310999848785,36.167351861833446,0.9495610884005395,18,6,0
162,1,1,0.8806215179762449,1.7784006797119876,3.0644510822155695,0.5803325398251162,23,2,1
6,1,1,0.04477328896813607,72.15826784287759,69.59223936714235,1.0368723366149757,17,3,0
4,2,1,0.00788146391440342,53.856298331497065,56.726356975585965,0.9494052007372142,17,5,0
360,207,88,0.012463893318319104,107.41877760918432,117.58845935420281,0.9135146271932594,9,2,0
7,2,1,0.04877098008572094,50.58407825888743,48.800700689851915,1.0365440976015816,18,5,0
2,1,1,0.03943501729109318,84.33806839938701,83.03396013573946,1.0157057216290257,20,3,0
260,2,1,0.9319710491949172,3.24683694498643,1.5171574014691331,2.1400791650506195,14,1,1
221,238,135,0.017378256129795887,115.49664146841639,129.64901834711725,0.8908408481673973,18,6,0
337,355,253,0.022867351297455363,139.52388920959626,73.27873678983116,1.9040160259552659,6,1,0
1,1,1,0.0813828023413713,45.51669631515819,43.80260955720865,1.0391320694195365,6,4,0
9,1,1,0.055176155916687834,14.958491576463189,14.325468951247817,1.0441886145137491,4,5,0
5,1,1,0.0011201115388235205,65.90561876461956,61.045902359725,1.0796075775284266,6,5,0
385,295,84,0.040093434660232935,87.88006659004301,147.3912538051917,0.5962366444497098,23,4,0
280,1,1,0.8512579722760656,3.19369992608979,2.1606024046875003,1.4781525370706565,21,6,1
1,1,1,0.012485565317814041,84.66583702890986,89.0597704975441,0.9506630946376019,8,3,0
323,196,50,0.04958297728739812,59.77671019997254,87.63614813124417,0.6821010675920027,5,4,0
5,1,1,0.04820768232358789,28.353970487547247,29.039502970881237,0.9763931054873289,18,3,0
7,1,1,0.04351970916351949,98.34868660828613,105.21904717696171,0.9347042122789734,21,3,0
225,1,1,0.9855102782688601,1.218212459518032,2.6401655231672914,0.46141518356644384,15,7,1
3,2,1,0.03404920865285343,35.18856562753567,33.50899366601028,1.0501230200544356,3,7,0
7,1,1,0.004828102018870184,60.64447957234349,55.156758216567326,1.099493181492451,12,6,0
4,2,1,0.041129010964798186,92.18728896534348,83.21071073506059,1.1078776776569539,18,3,0
5,2,1,0.009890352633237398,21.509499362173297,22.28243614600384,0.965311836696583,19,1,0
434,307,260,0.019327112508640033,54.545925456346765,193.50942805705765,0.2818773534913426,10,4,0
448,88,290,0.04943051211934815,31.97770671947195,171.8415725854356,0.18608830353652275,5,3,0
4,2,1,0.0952024277169573,71.41126171326935,75.0523671970525,0.951485800917867,12,7,0
227,1,1,0.8621653661520967,4.062066716280945,2.4789040085197867,1.6386543013847896,7,7,1
4,2,1,0.00630585255762437,43.787181384574275,46.77301632047345,0.9361633016044719,0,6,0
8,1,1,0.022953288417216056,53.671374250610384,58.087533103157746,0.9239740678140919,4,5,0
7,2,1,0.05922001800085141,7.560702180822466,6.941623426961408,1.089183569286767,0,5,0
7,2,1,0.03717162978989844,89.61173968343671,91.62100352579363,0.9780698337167716,2,5,0
438,299,281,0.004560713937632488,79.29825290088681,90.00160951522513,0.8810759421749265,7,4,0
1,2,1,0.02000720008159318,64.5915484807804,62.06426714349411,1.0407203928057858,5,1,0
210,2,1,0.8759603562645124,2.317984497010577,3.5102421055838184,0.6603488954004936,9,2,1
222,180,50,0.048147896809086356,45.067208579902285,27.875730973152102,1.616718450300291,23,6,0
250,2,1,0.9690926030657728,4.806508903113242,2.076913463707929,2.314255739154459,19,4,1
2,1,1,0.040241572335625225,29.619078872624012,32.14263034426511,0.9214889558006771,5,5,0
3,2,1,0.09346267325275785,41.35709709305026,37.397567276787285,1.1058766680452141,20,6,0
263,2,1,0.8660029576339869,1.2183611082047863,3.5120634090386984,0.346907491780813,0,7,1
8,2,1,0.01678887570307558,45.586045241918875,46.914843044502945,0.9716763881886253,15,5,0
5,1,1,0.05838572847082947,16.069926366435112,16.438841605334613,0.9775583190253635,13,2,0
3,1,1,0.05684992382916041,63.216270584681126,65.62490404324244,0.963296960297661,5,1,0
277,255,216,0.020605617348238403,153.29302392034182,33.441127435651254,4.5839669794421365,6,4,0
5,1,1,0.08134255606523169,90.98136990561788,86.91500778330216,1.0467855002953466,21,5,0
5,2,1,0.023623149530988787,10.481544601649214,10.730191911224022,0.9768273194336144,14,4,0
4,1,1,0.08161910627593066,26.148226675488228,24.156569932944777,1.082447828813114,22,3,0
6,2,1,0.07138730452741808,10.39136230643727,10.242145695468144,1.014568881893093,10,1,0
213,181,142,0.011861016695733351,68.62801506162828,36.956192240387125,1.8570099055451115,21,4,0
2,2,1,0.016982145771413982,66.66072380428139,68.24750714967112,0.9767495779456118,19,7,0
367,166,238,0.011347193838166587,178.19387344992862,32.11633521587771,5.548387518443665,23,4,0
3,2,1,0.026513840370804287,92.93686465865966,89.05190882829686,1.0436257445963733,18,1,0
4,2,1,0.09844656302742807,60.08281127286481,64.2847962714284,0.9346348554824435,13,6,0
4,1,1,0.007127740787646797,45.63834969057945,49.42988717216282,0.9232946361302109,16,3,0
238,1,1,0.997628066993492,4.790781127568252,3.2662081726324743,1.4667715204775247,11,5,1
494,250,298,0.021178120802629208,72.93280865114797,46.6869036208393,1.5621684668458815,4,1,0
235,1,1,0.8584270539577167,4.244799778258608,3.8385038180437507,1.1058474810693093,1,5,1
195,361,184,0.030519359024348436,168.007214470468,52.485805296366195,3.2010028906253596,4,4,0
310,270,56,0.01922146521400847,33.512832664169046,153.05185976859707,0.21896390357384704,23,2,0
8,1,1,0.06767993144461314,67.84825518115639,62.65501237274098,1.0828863104761721,0,3,0
9,1,1,0.08178730575039266,58.77514482817505,62.8645362304361,0.9349491518195412,17,6,0
295,1,1,0.8516421060747054,4.542908832947826,1.6876557845691138,2.6918456207038126,23,6,1
3,2,1,0.0038068231149879675,78.26226113123167,72.18450975973931,1.0841974461241295,13,3,0
3,1,1,0.040303233454254885,8.983114111628263,9.294827921245048,0.9664637352882773,10,6,0
7,1,1,0.022405241203235005,58.34526194017205,57.18365221865004,1.020313667918244,4,2,0
7,2,1,0.05151928108114578,54.823757085593236,58.43509514405839,0.9381991584070801,14,2,0
217,2,1,0.8718688771899843,3.953933211999371,3.1641188849178383,1.2496158822749297,16,3,1
3,1,1,0.08519246947244119,51.24676355412651,47.74743946918599,1.073288204013512,3,6,0
9,2,1,0.042157623737063554,31.6519672123333,34.15275298129041,0.9267764513646354,23,5,0
9,2,1,0.07741986595291867,33.14965315246918,34.35334406309388,0.9649614631864082,7,5,0
6,2,1,0.057445463829079585,12.777118379510334,13.212218472577566,0.9670683546468523,14,5,0
7,1,1,0.07096582446345308,33.58839971224465,36.410777664972315,0.922485095520417,9,2,0
101,2,1,0.9495558729693657,1.4731955601628859,3.004619075118075,0.49031026008013767,11,1,1
4,1,1,0.09975713803665355,60.91263842847068,58.59066205757239,1.0396304852916096,22,6,0
106,295,218,0.035349220901425074,66.50201597068175,160.51691751888262,0.414299109393617,18,5,0
208,260,264,0.010970078981869065,61.38082830225421,113.65197155687083,0.5400771096306022,12,5,0
9,1,1,0.08166092056010751,85.8808345021755,81.33670743876817,1.0558680970314447,23,4,0
109,1,1,0.9898205225961293,4.611914116518212,2.0203347435470236,2.2827475156029107,20,1,1
8,1,1,0.09078620871734981,93.45810137329919,85.08233476150417,1.0984430744087275,23,1,0
7,2,1,0.06316975928231071,94.99994342353075,88.73478992641442,1.0706053792690766,13,5,0
6,2,1,0.010149126820876953,73.62056082348863,78.39781096290379,0.9390639855789384,10,5,0
5,2,1,0.05865675050750127,42.724313453680026,45.99855955159571,0.9288185080177777,15,6,0
6,1,1,0.05401598024990417,72.98021422901603,68.09799723567598,1.071693987951562,11,2,0
9,2,1,0.029807495380926165,15.597129431253736,16.332858939704234,0.9549540278792231,2,5,0
1,2,1,0.02328946834838207,74.96294510202445,75.93594442829826,0.9871865776662256,8,5,0
6,1,1,0.006546448486411283,71.71081278683656,72.26834773944337,0.992285212405617,17,7,0
1,1,1,0.06425540115154905,94.3273695180849,92.22910472573452,1.0227505709677014,22,5,0
3,1,1,0.033544418687246225,62.94911923743027,57.23754284124024,1.0997872395052357,6,5,0
9,1,1,0.05683849751919387,78.27941967690644,83.93403112938678,0.9326302886160253,13,7,0
6,1,1,0.056051498968843955,43.19668815365565,40.95663723069909,1.054693233488357,22,4,0
8,2,1,0.08149993898456001,47.96479595714785,46.8064354927479,1.0247478888790713,8,5,0
1,1,1,0.009812659658689039,30.479034398380822,27.604503097848824,1.1041326949571502,7,3,0
1,1,1,0.052155445240298984,61.95343379507996,64.44215871375904,0.9613804849441253,12,4,0
4,2,1,0.07090261907000005,96.04330348513231,105.27897023960664,0.9122743437416354,10,6,0
384,228,78,0.021696384473125375,55.066885987283264,188.1006528399682,0.2927522321473968,22,2,0
1,1,1,0.033874879563944214,19.243415506301012,19.64559747348887,0.9795281376537115,17,4,0
7,2,1,0.034958464988954045,29.529417319519748,27.890197761854083,1.0587740385228697,13,4,0
116,2,1,0.9108270245836423,4.485423664712355,3.1047187588571954,1.4447117478567941,14,4,1
282,2,1,0.884185076131255,3.574955978399682,3.805996245731004,0.9392957185413757,2,2,1
437,385,70,0.005121934488304031,64.02071916763208,127.11735872167681,0.5036347498991488,18,6,0
217,2,1,0.9185845608598547,3.806408373880469,2.8106243283546855,1.3542928293475303,13,1,1
6,1,1,0.06857624417600562,41.24202595446046,38.171359693464055,1.0804442463054882,21,6,0
243,1,1,0.9592963283776093,2.643053759563023,2.7556673471304984,0.9591338237234109,8,5,1
4,1,1,0.02146202746712225,37.28156482209742,38.35847133971348,0.9719251972249189,1,4,0
4,2,1,0.08391916911421816,41.189167238042515,42.838740946560314,0.9614934129232328,13,2,0
6,2,1,0.0027316572725436974,67.26001330561698,68.64405473630389,0.9798374172970449,19,3,0
6,1,1,0.0911827264043492,91.11752626877366,84.76636233048477,1.0749255219131282,2,7,0
2,2,1,0.07530834596732057,80.04740757973309,80.03122946388969,1.0002021475360527,0,2,0
1,1,1,0.03197544499127265,75.94858166899174,79.49660759319399,0.955368838600529,6,6,0
4,1,1,0.02293406272512091,56.461605117368734,58.86624486240361,0.9591507875072449,23,6,0
8,1,1,0.002333868283064711,10.708393510612037,11.089415156080632,0.96564096121339,15,3,0
281,1,1,0.8532520017500442,3.747553247344008,1.9808811818308905,1.8918617036283905,10,5,1
8,1,1,0.07829656628006329,44.38115872086954,44.38985887864715,0.9998040057347019,3,6,0
8,1,1,0.08974129799709907,93.24913418451023,85.34479042039582,1.0926165935281904,19,2,0
8,2,1,0.056890482050461016,48.52133784416616,48.420753248660006,1.0020773034031423,9,4,0
2,2,1,0.06407539970761256,67.91957767993966,69.52664523415646,0.9768855875498608,14,6,0
7,1,1,0.06687061692543476,76.66501145244133,75.65527389232044,1.0133465587813224,1,7,0
477,351,193,0.04592867399423048,84.75335651045417,188.65706867047322,0.4492455920562013,3,1,0
297,1,1,0.9744001887448234,1.419507553396004,2.9653535831059195,0.47869756965346705,19,4,1
4,2,1,0.07262257046938908,8.72245929106883,8.776440377987328,0.9938493187905781,10,6,0
9,2,1,0.07138422800498266,10.056592063175442,10.580073433911418,0.9505219529896546,19,6,0
8,2,1,0.009456097526746799,43.36382116224378,40.75752361087187,1.063946415789518,6,2,0
8,2,1,0.015344124504364466,25.7312358812384,23.464323540271074,1.096611024693582,2,1,0
8,2,1,0.000567511285270872,39.10480207411336,39.2075813290111,0.9973785872167104,20,7,0
1,2,1,0.0885192691955154,15.346263177796386,14.627997877308008,1.0491020922010525,11,3,0
117,247,112,0.02913426260353527,38.46554655756289,151.72756847934343,0.2535171883598707,2,3,0
9,1,1,0.07048023448408608,75.43620335981309,81.27315933267175,0.928181013008655,4,7,0
8,2,1,0.030023094756287706,46.11469957828912,48.34301500639453,0.9539061552571625,3,2,0
2,1,1,0.0007337625223134636,16.87201872442418,18.41136963727557,0.9163912873850065,14,7,0
213,2,1,0.9520330605787959,1.177174105613672,3.455141172172058,0.34070217306740236,0,5,1
4,1,1,0.06595739418718186,67.52660215381007,70.29529378251199,0.9606134140748024,19,1,0
1,1,1,0.04338365240273626,46.16398873582061,43.11840081047134,1.0706331373173201,1,5,0
2,1,1,0.00256848753047102,10.2276328273749,10.109890659709876,1.0116462355161024,11,6,0
9,1,1,0.09190692157965091,59.90044154040425,62.62593565805747,0.9564797860660377,11,6,0
126,1,1,0.9311413127368082,4.403755364932465,3.5187135882250344,1.2515242444480619,18,7,1
2,1,1,0.04213221983874445,67.53858344841831,73.1796959481221,0.922914239713392,8,6,0
6,2,1,0.08116353199647067,54.23657743267332,53.727128578666665,1.0094821530106663,3,4,0
2,2,1,0.04659738263472533,56.567649397426685,60.05832383263882,0.9418785904691679,23,3,0
4,2,1,0.03802852483345398,70.67597256621568,72.92996215945443,0.9690937781057583,19,3,0
3,2,1,0.0499041457721129,79.064007913862,78.28734155099266,1.0099207144792808,20,1,0
8,1,1,0.055567290894011946,54.918852098410646,58.74380381674428,0.9348875716277096,13,3,0
5,2,1,0.06999801201768913,97.22302879356096,87.9852131496716,1.1049928199659518,22,6,0
7,1,1,0.08268016663758643,20.613040327021224,18.55523684049401,1.1109014939672646,9,3,0
3,2,1,0.027793160034522403,11.027620337466459,11.628668884171907,0.948313211710452,18,6,0
1,1,1,0.05986590554864937,54.820404615492414,57.22172025812402,0.9580348924883871,2,4,0
9,1,1,0.08211660061897849,18.17156396772227,17.65701198470542,1.0291415095296168,0,7,0
8,2,1,0.05772684934923239,18.989173882270748,18.04834150922961,1.0521284669042867,4,4,0
5,2,1,0.016536956105400114,79.22469970071742,84.45097639003671,0.9381146682640856,17,2,0
9,2,1,0.017289414489466717,50.5464284606556,46.098452127024956,1.0964886265893306,5,2,0
2,1,1,0.07979027588941262,8.540528662536289,9.063597310328927,0.942289068028591,19,4,0
6,2,1,0.025122551931232296,73.58176818462441,70.35012755894022,1.0459365283023359,1,7,0
5,2,1,0.014191073972934476,38.23878293518356,41.51953602670797,0.9209829057479345,5,5,0
194,2,1,0.9342402458089577,3.0512491877014862,3.8143506540180843,0.7999393512726111,0,3,1
3,2,1,0.04337627437925612,78.32932627527974,82.72771788513347,0.9468329149855088,21,6,0
7,1,1,0.004399903055831056,74.80015519768325,68.01460504509666,1.0997660744789663,12,7,0
7,1,1,0.009102908880028527,38.56210208202889,39.980866712435905,0.9645139101007605,1,2,0
399,233,296,0.02325523631414844,73.19313912637224,42.39260524194155,1.7265544004348634,5,3,0
309,93,74,1.226452559965341e-05,164.51283925789065,168.0740399569096,0.9788117147661117,8,5,0
2,2,1,0.08210206712716073,42.01849041027574,39.48057975966043,1.0642825071481965,12,1,0
126,297,215,0.025979173407840367,99.81428531561839,59.91789336239959,1.6658510457287719,3,7,0
9,1,1,0.003551092757056018,89.44695115313476,83.4269447720562,1.0721590176594236,3,4,0
55,2,1,0.9246588568322638,2.2076541621379255,3.9921864999388257,0.55299374469899,7,6,1
131,2,1,0.9824524869149179,2.792938532868268,3.6670721802532813,0.7616262771995294,1,4,1
270,326,115,0.0341958055015398,63.10335814698675,127.25274700947551,0.4958899483897816,15,2,0
3,2,1,0.017143966129207,49.759253763846594,53.65775891597983,0.9273449873626344,6,5,0
344,329,164,0.02755002428807221,39.993853619140495,165.72442168223478,0.24132745924330917,21,2,0
147,390,61,0.042942740957468944,57.415323287977834,32.183183948462556,1.7840162545732414,8,7,0
1,2,1,0.08548111563172811,7.176057326732466,7.270633404071082,0.9869920442852119,2,5,0
289,2,1,0.9629644186951004,3.356654449529693,2.0827390003913546,1.6116539080984054,0,2,1
8,1,1,0.08399830248617474,69.7401161059403,73.65374608935332,0.9468644815612612,11,7,0
5,1,1,0.09014692283942562,94.1117671758857,93.77045011991368,1.003639921270886,15,4,0
141,189,90,0.03492641785408698,101.4959812294848,62.78924468374261,1.616454883964612,8,1,0
4,2,1,0.04060900421839068,36.28705413495557,34.21206943391746,1.0606506632124681,16,3,0
105,1,1,0.9028221833583275,4.0492615666832865,2.021265120350539,2.00333025386647,20,3,1
2,1,1,0.07066995890287629,96.6565623856482,93.6891844533791,1.0316725772519209,22,6,0
9,2,1,0.05139867413878735,97.1382072163752,98.37916105354913,0.9873860091518929,12,7,0
403,149,225,0.04310174736284805,139.0017813791869,25.494358868305795,5.45225640296418,4,2,0
5,2,1,0.047982018140744015,87.37466633909773,83.04192005863833,1.0521754106528356,14,2,0
161,1,1,0.9866495533366096,2.2229807772056027,2.770556754220669,0.8023588666137633,8,2,1
136,2,1,0.9886233379912052,3.73291620447265,1.9617344418558154,1.9028652017452898,3,1,1
8,2,1,0.040048797207379354,43.07061967474103,41.25050509619654,1.0441234495020113,7,3,0
218,2,1,0.9554441008272078,4.6247430841322,3.908797070889421,1.1831627480932057,0,1,1
2,2,1,0.08206939611861754,16.03083339581469,15.049430312339386,1.0652119756766227,10,6,0
8,1,1,0.044267787454414155,25.523821324990074,24.504245920404166,1.0416081118308125,10,7,0
255,1,1,0.9510332588154353,4.665047935399207,3.890521648419037,1.1990803180069463,12,5,1
6,2,1,0.09048521018001295,62.20901171661441,56.63890207752162,1.0983442375254553,6,5,0
9,1,1,0.006350546928166523,22.64445133984184,22.268365154299154,1.0168888098850883,0,1,0
3,2,1,0.04383270408790593,18.124526879340998,18.09028361981234,1.0018929089365496,4,3,0
166,110,115,0.028026929402587487,164.64333536909712,99.81347833904898,1.649510047228616,16,3,0
7,2,1,0.013194502911624507,29.126520801427105,26.349309578673616,1.1053997720305084,12,3,0
155,2,1,0.9260815156043387,1.2256574906403652,2.101886037044518,0.5831227140952769,22,4,1
9,2,1,0.0944042501735808,83.26630104678351,87.95965127973365,0.9466420095502185,10,7,0
336,266,292,0.03067569935479906,151.0219290555066,181.83162652050908,0.8305591933891248,15,7,0
2,1,1,0.09251282008634587,98.25848780058692,99.58191552395358,0.9867101600084373,17,2,0
8,2,1,0.04998169374084141,82.06242485095967,84.60067511797736,0.9699972811862547,7,7,0
1,1,1,0.09394957865224814,17.755986254107725,18.55985637633597,0.9566876970420317,21,6,0
205,2,1,0.9109898742461876,1.6356299279229374,2.334890890861115,0.7005166426940456,17,6,1
6,2,1,0.05653995179846721,62.36656343159815,67.801504441945,0.9198404068599907,15,5,0
1,1,1,0.010249467350451402,28.684912309053573,27.79650569048669,1.0319610899463143,4,1,0
4,2,1,0.059252904445354894,51.79987697450588,55.33921704473278,0.9360428235302658,18,1,0
7,1,1,0.007164166537153616,39.58170201300195,35.83024605004338,1.10470081499633,19,1,0
3,2,1,0.03461261525661537,12.49041923583968,11.904569122959124,1.0492122064082678,12,2,0
403,207,134,0.033249051261901544,74.98797597206294,68.06582078986912,1.1016979609129185,10,4,0
232,1,1,0.928551493420617,2.770044927781259,2.849119301325912,0.9722460293228669,15,4,1
7,2,1,0.013458913381796323,62.088312057352475,62.003619237897034,1.0013659334809228,16,5,0
1,1,1,0.0998416963649255,59.951081611918944,54.66111073358709,1.0967775957593444,14,5,0
9,2,1,0.09150267805923955,47.87646525965108,51.69186859178662,0.9261894871267667,5,7,0
8,1,1,0.020131445093163537,59.957609406858786,58.620678572240415,1.0228064714906162,10,6,0
6,1,1,0.06989326268452632,43.66654232558518,39.81106382711833,1.0968443977083726,9,7,0
3,1,1,0.030335828602225348,88.04240063240725,88.3596802724857,0.9964092260282064,20,4,0
393,188,158,0.023209793332247364,162.4136037021855,48.9294938178791,3.3193395440939284,11,6,0
9,1,1,0.07174424079475922,99.29404590697223,98.37011973608554,1.0093923456977125,11,2,0
173,215,165,0.01623464283000081,33.310513007275766,164.67859145740064,0.20227591645324822,6,1,0
1,1,1,0.013399089075726324,35.67764328651404,34.919123839464405,1.021722178670256,17,7,0
8,2,1,1.2513875657549357e-05,90.43677338964784,82.87109984361955,1.0912944749171298,6,6,0
3,2,1,0.0999410587856637,18.154136626619206,17.87798710113889,1.0154463432554286,6,1,0
163,275,270,0.01182600711366132,48.81370924880488,183.32055769644853,0.26627515136427354,8,6,0
7,1,1,0.0346180925409702,43.54209096092981,40.22473003820943,1.0824706820796368,15,1,0
3,2,1,0.013361588562616511,15.366516999652536,16.541936145674356,0.928943073188613,6,2,0
72,1,1,0.9765926536050771,3.2211943570785593,2.656575126688062,1.2125365191890527,3,6,1
8,1,1,0.008056079940497873,78.82773504124815,77.18077765163362,1.0213389582189532,8,1,0
178,2,1,0.859998338762001,1.0895576357151118,3.4329074933690533,0.3173862499411018,5,1,1
3,1,1,0.09863247086457959,73.81110307733202,70.53882622505603,1.0463897264442097,11,4,0
5,1,1,0.09869235760523383,49.06708277985368,47.31804436892366,1.0369634551524007,12,7,0
9,1,1,0.02025485776581595,67.21408569392445,69.43003528831939,0.968083703469358,1,4,0
5,2,1,0.027531812438557735,67.60727869534526,66.03859544371466,1.0237540371822051,16,1,0
2,1,1,0.022582583361918485,51.142834427723294,49.3882198569344,1.0355269855012306,3,7,0
151,1,1,0.9975876242282158,1.4542025712309523,3.980811635033623,0.3653030347964881,20,4,1
3,1,1,0.09538459634051913,65.40004380591844,66.67047279928123,0.9809446530072233,15,6,0
1,2,1,0.004477429929675903,86.60980719318604,94.752678202534,0.914061837999528,12,6,0
9,2,1,0.04870442994699632,92.52109806264482,94.69003274981465,0.9770943717708866,4,3,0
284,1,1,0.8916967714576173,2.02005509377182,2.3935991589345926,0.8439404259612793,10,1,1
4,2,1,0.04371290560843858,57.4012942530615,60.2556686719166,0.9526289479186306,5,6,0
1,2,1,0.01461039995756659,9.217673121115158,8.589762169076968,1.0730999228708173,22,6,0
6,1,1,0.032671047542724894,52.99052191415371,57.17599434514976,0.9267966831371581,11,6,0
7,1,1,0.007486862942267469,41.83898785318698,44.70943667049213,0.9357976966146919,20,6,0
201,2,1,0.9777413050705448,3.5715967730939626,2.5463500710001776,1.402633838045324,20,7,1
4,1,1,0.01022032117305154,31.994029466008993,29.983636360231394,1.0670496760841213,16,6,0
5,2,1,0.040416382153299325,91.24143808750249,91.7268138913605,0.9947084632806186,11,4,0
6,1,1,0.09182086009087742,58.07821837025297,55.23373732030226,1.0514989784858386,23,4,0
8,2,1,0.05234138271181128,79.42636957082424,71.94262914316151,1.1040237271947697,19,3,0
6,2,1,0.07367590901264513,84.64911365081284,86.23607707687384,0.9815974534109856,7,3,0
6,1,1,0.0769467274634464,13.612556897621245,13.060590984465254,1.0422619400463975,1,2,0
1,2,1,0.005902671082042299,36.81849753116464,39.37157405149007,0.9351543192815577,9,1,0
123,2,1,0.9279062657816204,4.918870001543146,3.237140199473299,1.5195109567214526,16,2,1
341,132,58,0.04940346561250855,186.75279110456367,190.05711732371805,0.9826140358978179,7,7,0
4,1,1,0.07630501597286889,24.19601949230497,25.84292668717429,0.93627241934302,14,1,0
3,2,1,0.04838901392678899,80.19719033508936,84.5381065793457,0.9486513665860018,11,5,0
468,209,209,0.03028396579488249,47.61771027674477,94.59687271493858,0.5033751001498494,1,3,0
266,1,1,0.9882911562979366,1.5281969223336693,3.937651314107368,0.3880985898519302,9,1,1
4,2,1,0.01111665011759373,8.89459737461323,8.59943628318891,1.0343233069824975,15,6,0
217,84,210,0.0147351588308283,64.24278091782188,47.989219352661124,1.3386919350722768,20,4,0
6,1,1,0.045273320573563564,16.7422944095458,17.237050303036686,0.9712969513465002,19,1,0
2,1,1,0.01462994588314569,37.18331097452644,33.77457648382537,1.1009260469138233,22,7,0
3,1,1,0.05091963531380597,15.280940238903508,15.396090121263471,0.9925208360399936,15,7,0
3,2,1,0.03388104202306774,92.69397235895073,84.3284914953624,1.0992011207036518,0,4,0
2,2,1,0.05874753103512731,37.858490747567515,38.913341261040486,0.9728923171516738,17,5,0
9,2,1,0.0980158775701938,91.55146536481693,91.61626086549376,0.9992927510895478,21,4,0
2,1,1,0.06039877538322589,95.68336580808261,93.00023112224684,1.0288508389006996,18,4,0
6,2,1,0.03504862838980766,41.074085101367835,40.76884104201849,1.0074871900095161,10,7,0
435,137,106,0.02712646202370915,107.33906265179368,185.78945727857254,0.5777457140145987,5,6,0
417,304,82,0.027804113186748164,85.49576989493622,25.780196773789797,3.3163350398418228,5,1,0
231,369,111,0.03453331948807145,26.546750074501887,60.2246586216041,0.4407953599421301,19,7,0
2,1,1,0.09508102127815517,85.02958799987992,81.20510061720277,1.047096639910658,17,2,0
5,2,1,0.02230539547061904,47.81146793719238,49.70217739976095,0.9619592226843233,11,1,0
234,1,1,0.9298720310290882,1.0758655389241647,3.712226803577011,0.2898167584716233,5,1,1
282,2,1,0.9538279432570176,4.2759052720663995,3.352286153092952,1.2755191761065146,17,4,1
114,358,218,0.015238090061335002,134.5206561376934,151.94849346048505,0.8853043098625796,15,7,0
3,2,1,0.09586382612997058,47.19040614632655,47.37596539721186,0.996083261853779,2,3,0
3,2,1,0.031478467995866524,14.120095417465771,15.329514124189727,0.9211052159301311,11,4,0
290,255,219,0.04486983930612252,162.506272303469,166.88195152840328,0.9737797935315399,19,3,0
2,2,1,0.06522228244432282,66.55230948021298,60.87611367080557,1.0932417571874262,6,3,0
5,1,1,0.04179880241888735,72.71702192599759,65.58009098155428,1.1088277072755315,11,1,0
8,2,1,0.037656033156241775,55.07341556641578,57.64888955743767,0.9553248291373271,5,7,0
2,2,1,0.037486159965176825,76.90520332534378,73.7531701495002,1.042737595813906,20,5,0
6,2,1,0.005220470959509827,50.474624149016606,52.89748194904587,0.954197105216405,21,7,0
102,97,107,0.0416163959989702,79.14142426173026,75.18039530709788,1.0526869929115472,7,3,0
7,1,1,0.032908015232480346,46.29122173451621,47.41893790606797,0.9762180212938205,20,5,0
9,1,1,0.020113511067653203,69.86242913771726,74.41490138944152,0.9388231097976003,8,6,0
8,1,1,0.06330608067473999,31.425171825056157,32.27819398366867,0.9735728040099113,22,3,0
5,1,1,0.0345645260134289,79.74076474580906,75.67683749954558,1.0537010712992319,8,2,0
53,1,1,0.854426809674235,1.0984241164999604,1.8487572208757608,0.5941418938608035,8,7,1
7,1,1,0.09333010482351946,65.62324290203786,59.414951018032376,1.1044903980838303,8,7,0
9,2,1,0.017131575383279817,73.41055629311231,73.19863475551512,1.0028951569698672,2,6,0
7,1,1,0.0030373878771570496,66.42585530023845,68.21918187995901,0.9737122825237605,17,3,0
209,222,229,0.042636168891737825,24.947488331786683,38.51073469448389,0.6478060865289089,4,3,0
4,2,1,0.04037407965014866,32.42334862847579,34.42916964982632,0.9417406506822146,16,7,0
3,1,1,0.03533798869322013,23.50824793226854,22.41918534946022,1.048577259424573,5,6,0
1,2,1,0.06750506231463636,36.012324888379105,36.34764389350691,0.9907746701241422,1,2,0
240,2,1,0.9820360068693182,4.2953060472531615,1.6994398132735582,2.5274834764399787,22,2,1
2,2,1,0.08624466264552023,55.15729343179476,50.79080019151188,1.0859701604191818,22,7,0
140,243,55,0.0005568788236086531,79.57152292714002,25.48989013661864,3.1216895208515627,0,6,0
9,1,1,0.03455075470124819,26.10903924222806,27.52170821961183,0.9486707378004571,16,4,0
433,86,295,0.0031776065022736224,132.18599448067425,112.62931584238311,1.1736375515736894,13,5,0
380,388,271,0.046353676602712404,126.26874542030572,174.69407486710463,0.7227992450022268,18,1,0
6,1,1,0.0811386223587996,92.29688671461965,94.15142307010368,0.9803026200240949,2,5,0
277,2,1,0.9643661363014155,1.237389880226555,2.668671993519146,0.4636725244734269,12,2,1
4,1,1,0.08228489055224442,85.79656791534353,88.22709025824784,0.9724515187365924,9,2,0
7,1,1,0.017935968955032966,27.477887546142412,26.89893190126495,1.0215233692922296,11,2,0
1,2,1,0.02680240125929012,19.550051539589013,20.76542449612422,0.9414713165742387,7,5,0
54,1,1,0.9777379811522661,4.0913903202978,3.0280516828515096,1.3511626447686478,4,6,1
5,1,1,0.02703589138157041,47.391577557105016,50.95564091185338,0.9300555681182829,2,7,0
313,96,129,0.04501418068129734,158.5975934320332,115.09417372803566,1.377981076668528,5,4,0
3,1,1,0.0718599815095728,7.290674157043468,7.059398226851416,1.0327614228238835,5,1,0
8,2,1,0.03024261869925489,13.35308126419329,14.60027319581767,0.9145774935237757,1,7,0
7,2,1,0.06568720003766121,79.2695142635425,80.94868559481144,0.9792563484023197,8,1,0
7,2,1,0.0694757516714373,59.54477681607489,55.02662422817525,1.0821084820534241,1,6,0
135,108,129,0.02194200663580767,24.685876968249016,78.8918496551379,0.31290782350976765,15,3,0
6,2,1,0.010870939980014283,54.29235737907819,52.85819540800842,1.0271322537593193,8,7,0
70,1,1,0.999954341403214,3.0562529858859855,1.9177944914785017,1.5936290355750278,17,4,1
4,2,1,0.09374401748839256,79.68886479932769,76.07359919817283,1.0475232621995054,1,1,0
5,1,1,0.009262479967781723,52.447628335936066,54.63309037401654,0.9599974663135681,7,2,0
1,1,1,0.01043003229873346,39.43477453854054,37.85202128843791,1.0418142333283027,19,7,0
6,2,1,0.0065489859476762675,75.11386010812078,82.29425300426834,0.912747334910797,7,4,0
4,1,1,0.05524104467155261,98.85944058360104,104.6598805418721,0.9445781905326136,19,2,0
5,1,1,0.039957225871422725,44.95597026558709,46.14843625254924,0.9741602081501456,5,6,0
3,1,1,0.08504255619876322,43.87991685647794,48.09142634653092,0.9124270205731425,21,7,0
5,1,1,0.09302959407264291,32.11095916939125,31.92337194266003,1.0058761720744338,17,7,0
8,1,1,0.07972941161006097,81.58015215079934,74.39616842065276,1.0965638941178626,21,6,0
9,1,1,0.05212170824492155,72.21493849182315,65.29778743333826,1.1059323957269842,4,2,0
254,1,1,0.9883413574900479,3.264037832524295,3.6084468444398192,0.9045547775087176,9,5,1
2,2,1,0.048884955203670914,36.37503827952593,37.96961704355808,0.9580038228406972,13,1,0
6,2,1,0.020751462525023023,65.13574029054364,64.16631673226611,1.0151079820012492,0,7,0
1,1,1,0.05850420481447424,43.77821926834203,45.13026435226989,0.9700412771045543,3,6,0
201,331,283,0.04460454166953526,79.73788680876542,174.90783863289158,0.45588515318701467,22,3,0
159,2,1,0.9071014727862202,4.167310883726521,2.261184754039288,1.8429767299121433,9,5,1
4,1,1,0.08257464822673381,48.41759872694085,51.463903693874165,0.9408069588919288,23,2,0
8,2,1,0.0798825091552285,91.72852114229558,93.52220928643041,0.9808207252820418,11,3,0
4,1,1,0.07458795453207882,29.896738017704084,30.818428095268317,0.970092891346858,6,7,0
8,1,1,0.03810148029276955,25.66081933477014,26.91214923495277,0.953503159882993,5,5,0
8,1,1,0.014552914907983673,80.88974060171128,79.75246792732607,1.0142600311180532,11,3,0
3,1,1,0.04805129861917358,90.92789341571749,96.42436123791836,0.942997104138042,3,5,0
6,2,1,0.0162105210117502,63.58845206745273,68.64409848864406,0.9263498751895227,13,1,0
172,150,246,0.03164932351143027,129.20491342323717,106.54977018338971,1.212624984557491,17,7,0
2,1,1,0.09669842922224883,55.642652542485784,61.137144079874496,0.9101284232346499,13,3,0
5,2,1,0.08989474455153695,47.15265112189484,50.11962846364228,0.9408020882696738,23,2,0
7,1,1,0.033107473869817654,62.28698058727659,66.33382519279513,0.9389927447458873,16,4,0
3,2,1,0.054565420761434884,26.494920330434518,28.197811349237508,0.9396091066178072,18,3,0
1,1,1,0.018307572401975582,81.9254225837422,88.57178423516737,0.9249607342923297,3,5,0
6,2,1,0.06914063473751174,86.56852819756115,83.59714004705125,1.0355441364242544,9,2,0
9,1,1,0.0550977883139597,85.7187535240364,92.85045954382217,0.9231914838674562,16,5,0
268,2,1,0.9119289059945359,1.3563206854036158,1.7836910050243435,0.7604011466016811,18,1,1
8,2,1,0.027417743967434374,26.097191494673304,26.49289502443537,0.9850637867474621,6,2,0
7,2,1,0.047587650816527584,63.98684751064902,57.68932000442567,1.1091627966101911,18,3,0
6,2,1,0.037743181621796774,73.18844777352332,67.9748713085089,1.0766985852956195,11,1,0
5,1,1,0.09340437926474934,69.79729771485857,72.10453663722951,0.9680014735552762,13,4,0
217,269,291,0.01730272531493703,111.05234784956954,53.46506492187253,2.0771011502903476,22,5,0
3,1,1,0.07299332718706804,88.94706718884159,81.45392091867255,1.0919924564177892,8,5,0
229,1,1,0.9369079376417634,2.309567544029627,2.3049339996683256,1.0020102720346735,19,7,1
7,2,1,0.003931387352957616,15.0587472862058,16.493964864958322,0.9129852894374922,2,2,0
5,1,1,0.021370279379170354,74.48597563062255,68.75440362674428,1.0833629804280462,18,3,0
218,126,217,0.03626877066622874,62.674652887628866,44.80280743492506,1.3989001242536467,13,3,0
190,382,251,0.04349303239356028,51.30640586175086,25.1553352997524,2.039583462131624,19,1,0
238,1,1,0.8850556172280507,1.0583592993728654,2.2426378680251657,0.4719260806493209,17,7,1
88,2,1,0.886102798031604,4.552276081850537,3.6312621270805714,1.2536346654518258,7,7,1
7,1,1,0.06807042874617848,93.02514722299276,90.08321716176373,1.0326579151358035,19,1,0
206,397,108,0.005433308926199332,133.60103217747766,80.55919070526551,1.6584207339702735,5,1,0
102,106,161,0.028690938001687333,123.94512166150565,173.3975813559596,0.7148030594905741,9,1,0
4,1,1,0.08850695137641408,55.15200352350419,50.89099832370887,1.083728072550116,5,3,0
1,1,1,0.031980124594798855,15.338270691210981,14.168754557485109,1.0825419149566704,14,7,0
107,1,1,0.8586424848280593,2.6580437761772933,3.0437611272531977,0.8732760768832113,11,1,1
6,2,1,0.03025238209896878,27.834182566420232,28.416109739809905,0.9795212230415055,1,4,0
6,2,1,0.028570924486232774,24.919483909532477,25.121349696136836,0.9919643733698194,15,7,0
6,1,1,0.09748966887556422,16.07168739245528,16.9494291395758,0.9482140820264532,18,3,0
4,2,1,0.057429003220381886,89.83900468312143,84.76921935758256,1.0598069129804413,5,4,0
6,2,1,0.08403243583021573,29.487186975323194,32.18728981020643,0.9161127621864253,4,5,0
5,1,1,0.05109172633186193,36.87707230309938,36.545265578194446,1.0090793354393603,22,5,0
4,1,1,0.019875247716857825,76.90551286573019,74.59145348813945,1.031023116850226,20,1,0
1,1,1,0.02862701847395881,28.01067614804128,29.02712905126605,0.9649826580703325,22,4,0
2,1,1,0.062013715996068725,53.77363973099115,49.62130074043227,1.083680575248917,8,5,0
7,2,1,0.03533841557021773,51.74970003569832,47.52231079171487,1.088955885636783,5,2,0
5,2,1,0.08376830467772106,98.74491111707654,106.42916377978783,0.9277993701180369,5,4,0
2,2,1,0.024092559247157808,29.101861713653822,28.42007957523224,1.0239894521272117,8,5,0
9,2,1,0.08308452800594213,36.595317596869336,34.64544777485304,1.056280693344988,10,4,0
76,1,1,0.9105190471130925,4.214441650630034,3.0924675952275145,1.362808670051715,12,2,1
7,2,1,0.06729349022863504,63.37507057283925,66.38683090707151,0.9546331660499334,17,2,0
274,1,1,0.9662536882386829,1.929171206488387,2.6587404457474353,0.7255959150032981,22,5,1
169,1,1,0.9013050759805686,1.5357467954908972,3.588775386455149,0.4279305975200213,15,5,1
2,1,1,0.012711896903970855,60.875590457619644,60.953222962435575,0.9987263593122258,3,3,0
9,1,1,0.0021361073851157374,62.96358928217525,61.995757331052324,1.0156112610408932,19,1,0
467,216,201,0.04526424713038194,22.92771334113979,78.84424410543059,0.29079755410529184,3,7,0
8,2,1,0.020353471792042745,84.17060355416677,79.19105486747591,1.0628801913931314,3,3,0
8,2,1,0.0953312495978803,62.1930016334243,63.90750262867437,0.973172148421885,5,4,0
4,2,1,0.05988836495702912,53.24526105629507,53.00725875830757,1.0044899944566592,20,6,0
9,1,1,0.022238158017909283,36.59019417668422,35.515416316957214,1.0302622908917962,9,3,0
174,96,100,0.049052741920515494,198.4156418574542,84.06914780311445,2.360148128563564,2,5,0
409,393,94,0.03446903341682502,57.034312768295756,81.08439386093224,0.703394451787051,6,7,0
295,2,1,0.9231015506714476,4.142047139596175,3.9423980170299746,1.0506415439800285,2,3,1
132,2,1,0.8649432671424488,2.7532155216083627,2.9083281346019882,0.9466660549240765,12,6,1
8,2,1,0.07266767242203025,53.75480338175359,50.93635578595843,1.055332729487729,23,7,0
7,2,1,0.024543568472387967,87.66409971467189,90.31575348672507,0.9706401854639575,15,4,0
9,1,1,0.029117806474891518,60.10873406151375,64.02745920130934,0.938796179191264,20,4,0
5,1,1,0.06445555999643464,76.40354493106938,73.756918567642,1.0358830929331757,12,4,0
7,2,1,0.016467492051702084,29.407862179873128,28.97298118329271,1.0150098808896888,18,2,0
151,1,1,0.8907289186047488,3.00675464925404,1.890678022060658,1.590304966880064,16,7,1
254,2,1,0.9547453533577208,1.9536745831081133,3.845336347514529,0.5080633802998508,3,4,1
55,2,1,0.959365386790495,2.5080794266836244,1.8971975354885102,1.3219917166073156,11,2,1
9,2,1,0.008601818756368052,7.890710888141717,8.058748070078149,0.9791484756099588,0,4,0
6,2,1,0.008662022900956357,5.338811104561483,5.76423239122531,0.9261963679133702,11,1,0
3,2,1,0.01079308552627022,53.309308003195646,55.76237874089529,0.9560084990438079,16,6,0
466,316,175,0.023243622195968636,136.61970485119255,129.54657558893024,1.0545991218224584,0,7,0
4,1,1,0.015180545503977107,32.97393408111358,34.73892643560366,0.9491926626528923,19,3,0
8,1,1,0.04527666092780757,92.29987716985036,88.32543144647077,1.0449977504586352,0,4,0
8,2,1,0.07409932515849736,26.357609355999216,26.830839386566936,0.9823624589693364,20,2,0
9,1,1,0.006001789061558427,43.55549045986209,40.46020352022672,1.0765020111203343,21,6,0
6,1,1,0.07978392347787075,52.07608860069055,50.914994300671694,1.0228045650592077,12,6,0
1,1,1,0.0328937301330019,24.598225521895444,24.120034128338965,1.01982548577718,14,6,0
8,2,1,0.07101577812672309,24.531118063354292,22.646636196269583,1.0832124405034214,0,7,0
4,1,1,0.004877974656335271,44.12393238282356,46.84923892196501,0.9418281576851038,11,1,0
6,2,1,0.0051753309090588175,42.92201862524269,39.48761656859455,1.0869741543068874,11,3,0
7,2,1,0.018668288697451508,70.0403901947415,68.90142139511556,1.0165304107892712,13,7,0
7,2,1,0.005232147707626623,95.05825006838326,96.411821698915,0.9859605221986281,1,5,0
180,2,1,0.8830482802249316,4.240578006700108,3.5776998169356626,1.1852805499853836,3,5,1
5,2,1,0.019312724382271985,66.95885390824535,67.58258782951104,0.9907707896175983,0,6,0
356,319,72,0.011148867799822038,104.08808730207001,167.11781093552554,0.6228425726700516,14,2,0
8,1,1,0.04613214230028287,5.911681226980035,5.571390635303026,1.061078214390634,6,7,0
6,1,1,0.023228792763554242,66.73847312262328,73.41197162820802,0.909095228508745,2,4,0
5,2,1,0.04033814716659846,86.76886535587451,92.56974533079499,0.9373350336636315,20,1,0
105,2,1,0.9487284106992288,1.9955343060087816,3.1139035127630916,0.6408465444833465,20,5,1
236,2,1,0.9483476545333228,1.5655002224190722,1.735110189941634,0.90224830186245,5,2,1
110,1,1,0.8862041282270606,4.04838268232688,2.934673042268014,1.3795004158957869,21,4,1
494,397,257,0.018185280723966808,24.87248356465372,40.97496992937531,0.6070165178284224,19,2,0
7,1,1,0.053123306098959516,50.653116855470984,53.762338400876736,0.9421672933527935,18,4,0
4,2,1,0.07025870565519847,90.41425263346555,85.429243261826,1.0583524936111322,7,3,0
1,1,1,0.010671355521195747,17.752166406519514,18.94862145545864,0.936857937040351,19,5,0
319,189,290,0.04340880263571442,170.9955615856249,87.10089678953477,1.963189449114491,15,6,0
2,2,1,0.05307619501550231,77.66141966497891,71.1156738237,1.0920436450831668,14,4,0
7,1,1,0.06956416079155901,92.22035215324348,97.48949259029493,0.9459517092862991,12,5,0
382,89,237,0.04413769041229716,38.20196975868271,172.9446775958469,0.22089127164674358,23,1,0
2,1,1,0.08161084426094453,22.327821360239884,23.354245807652404,0.956049771169395,21,2,0
2,2,1,0.06677333006004939,68.21852358765824,72.4010643385381,0.9422309493777212,11,6,0
8,2,1,0.017594714027333782,35.922585771333544,37.41257732680939,0.9601740467527711,8,5,0
7,1,1,0.016580447082658014,34.75560959988562,32.756324883302995,1.0610350741026422,11,7,0
6,2,1,0.0431164097814436,17.707683215568377,16.673684378018343,1.0620138185482988,19,4,0
1,1,1,0.02056280814707704,56.72305546744452,53.07437940240384,1.068746466866373,12,6,0
142,355,133,0.01819147028762913,161.24086567163934,143.00133559071026,1.1275479701331823,3,2,0
9,1,1,0.061008484694063926,97.43956870521414,105.92426852751179,0.9198984336616504,11,5,0
7,1,1,0.026681492266832363,85.68566303243527,84.69889788834442,1.0116502713576234,14,4,0
159,1,1,0.9963073125627989,3.858725558269038,1.7010428587244464,2.268446993253635,1,2,1
7,1,1,0.05057778750460619,63.97199496942242,69.00786809356066,0.927024652937972,17,7,0
1,2,1,0.037886576441740365,60.130688533905364,63.15161239465696,0.9521639472659421,2,5,0
3,1,1,0.024425488969050693,51.938174106960304,51.7571818662591,1.0034969492962134,4,1,0
361,313,163,0.03956702516067672,79.96202556379828,52.50845113042493,1.5228410635305514,13,3,0
2,1,1,0.0269688583272391,98.55595793108725,90.11523114157545,1.0936659284183714,9,1,0
8,1,1,0.06151758113832423,26.595706383500662,28.573142524321675,0.9307938866319025,17,3,0
5,1,1,0.050143736021123236,40.523827486281995,38.28499964978149,1.0584779380169926,10,6,0
271,2,1,0.9879410292580955,2.4276694783726542,3.237844931318744,0.7497794149715155,13,3,1
8,1,1,0.014359089828314898,97.96968434204557,89.06022580282745,1.1000385801731851,3,6,0
6,1,1,0.0745350288312516,90.99636773534434,89.09431663533927,1.0213487366179608,2,1,0
199,1,1,0.9953941543548033,3.8713754850749367,1.858068894525449,2.0835478686939033,5,5,1
163,291,82,0.031990892979926334,76.92471952674936,101.11668429816645,0.7607519971671405,10,2,0
4,1,1,0.036098152903385916,67.99175563185145,68.86970789540416,0.9872519821793625,10,1,0
7,2,1,0.016578378622872394,52.81551962831183,54.42261203657743,0.9704701345979962,19,6,0
6,2,1,0.07347649413002968,88.50368374426175,85.58813124993038,1.0340649159147721,18,7,0
9,2,1,0.006830852084889306,60.782701909424794,61.96861236879651,0.9808627236589719,12,5,0
3,2,1,0.05797581251238626,63.426984457895,68.38758261458247,0.9274634668015052,15,2,0
178,2,1,0.8616925374394521,3.6290634085253255,3.942439110641709,0.9205122277550216,4,3,1
8,2,1,0.09828721491529681,65.89150538736361,70.42946223036789,0.9355673506612748,5,2,0
216,1,1,0.9425088923964069,3.3939171512668755,1.8238153168855427,1.8608886107298044,13,2,1
7,2,1,0.06932868725572887,47.1845450696094,47.40970653285929,0.9952507307107283,8,7,0
9,1,1,0.03306762187631821,20.68085347346836,20.17750182086244,1.0249461829851247,6,7,0
173,2,1,0.9159468627137106,3.997595177307655,3.100697363192931,1.2892568055049225,8,5,1
2,2,1,0.027573630663553228,66.40129732222829,62.473621891517766,1.0628693408800713,6,6,0
7,1,1,0.07449354477457983,87.45271357888174,90.49137185717035,0.9664204640074994,16,7,0
9,1,1,0.06727516978393802,80.04142629422483,77.33854477824617,1.0349486989149934,23,7,0
5,2,1,0.027183442402490477,31.04261208726984,28.322483093046632,1.0960413317323516,1,2,0
8,2,1,0.07988445872971749,76.34613166958991,80.49102199236633,0.948504936076355,7,3,0
2,1,1,0.005426977371655395,19.499024245771878,19.185476395565924,1.016342979644666,14,5,0
2,1,1,0.014655714098142647,7.37017363482734,8.00511153658026,0.9206834409674993,3,6,0
243,227,279,0.03547523959926623,125.89181909038935,106.42214317142228,1.182947602244824,0,6,0
160,1,1,0.9845173552994576,3.3996450504956583,3.244369999202129,1.0478598468521516,17,3,1
293,135,54,0.018586773756927633,162.21382703629513,99.87404156342402,1.6241840672211392,15,1,0
3,1,1,0.07763518072676817,64.28851464388157,65.0473795319081,0.9883336593497316,14,4,0
119,2,1,0.9471214174989754,4.037883518824911,3.666551764099567,1.101275470419149,18,5,1
3,2,1,0.013484948149834253,54.430112521517636,49.74422973801647,1.0941995244107685,17,6,0
189,2,1,0.9368374449770192,2.2939227839722944,2.8882832268165313,0.7942167037755015,20,2,1
9,1,1,0.0019298375401592517,27.29933874158536,27.778545151446497,0.9827490458104072,3,3,0
6,2,1,0.06672070550215496,28.79810375462414,30.601698990995384,0.9410622515794971,17,6,0
56,2,1,0.8622028559084507,2.3580883458954185,1.9696032213363623,1.197240297106882,5,3,1
6,1,1,0.06606073318109777,39.667448867998516,35.922227620843756,1.1042591591670001,16,3,0
475,366,73,0.041085990589333425,193.89380979566238,60.857512623494486,3.1860291595422234,9,2,0
4,1,1,0.08857981878820101,99.26023725493583,90.40626837939384,1.0979353426953309,5,4,0
233,2,1,0.9018646326732307,2.7099586007386356,3.3167742148265447,0.8170464509235087,18,4,1
7,2,1,0.03730284169936802,49.20342405803641,51.02370032917978,0.9643248870740491,23,5,0
3,1,1,0.09751222852908391,9.034570384965381,8.941024124313516,1.0104625890000098,14,2,0
2,2,1,0.005619995466300898,86.46804768157742,91.77867471133425,0.9421365905918775,23,2,0
213,153,253,0.039924588527652724,52.77456798504588,121.77303651939243,0.43338467606202374,12,1,0
8,1,1,0.05541294079269567,62.87193925427326,62.495695921095276,1.0060203079209329,15,2,0
1,2,1,0.09369689504338609,58.44037826785629,62.44813378200297,0.9358226535938263,3,3,0
7,2,1,0.00021737837815875017,63.27942205244796,61.456436227455065,1.0296630578812915,10,2,0
2,1,1,0.06725104926087326,54.408856045892186,49.89125967340604,1.0905488536881782,4,4,0
3,1,1,0.09525309719079944,43.932189271914545,47.24120955431229,0.9299547934183727,21,1,0
167,250,203,0.015897599582356977,194.67398069100557,177.81397423322062,1.0948182308532814,22,6,0
4,2,1,0.02786057851313827,83.33034682575656,88.65067744684404,0.939985448793918,15,5,0
9,2,1,0.05100302088032547,62.67069072715235,65.9135204697836,0.9508017517571702,19,2,0
3,1,1,0.06239442167959604,23.271575115750302,21.63504983072723,1.0756423164183702,22,5,0
2,2,1,0.012423839663659952,71.41729451652635,76.31549269048057,0.9358164639803839,9,5,0
8,2,1,0.038525413593277526,94.16624602128347,89.91393448922189,1.0472931315509424,4,2,0
2,2,1,0.09798350226329011,95.6783366908056,102.41463006821198,0.9342252823359343,11,6,0
6,1,1,0.02083423643430478,41.85169988677721,43.0305475428048,0.9726044002843579,23,3,0
4,1,1,0.04739495158492975,73.14385508197921,80.16538439070538,0.9124119548344576,23,1,0
259,1,1,0.9464827046095087,4.5114760276420505,2.5241354313807927,1.7873351689271726,6,6,1
4,1,1,0.029108726499423032,93.15564732721923,85.47469030425442,1.08986235569411,10,4,0
9,1,1,0.03669571127524548,13.562812151642088,14.338898771146303,0.9458754377242757,0,3,0
7,1,1,0.04643304413962627,57.72523487575752,61.21013511018966,0.9430666142435616,7,2,0
8,1,1,0.08426642462959466,30.159613214162356,29.309106940138623,1.0290184984401203,20,3,0
4,2,1,0.005342612744754971,16.386705074297332,16.29276743640102,1.0057656035577134,5,6,0
1,2,1,0.08287587121491553,26.639857621123337,28.402330807838887,0.9379461777753424,19,4,0
1,1,1,0.0212130575866338,32.93283770269106,34.29355707885695,0.9603214279277895,21,1,0
188,88,269,0.04503573817233862,78.67828233083371,36.564985310008424,2.15173838205531,2,3,0
2,1,1,0.04325603005193434,96.02749481767901,103.53399073250235,0.9274972802485936,16,4,0
184,185,193,0.02137058196036659,101.86520378287875,73.34789685986868,1.3887951549243798,13,2,0
9,1,1,0.04112158094824791,38.36641341554472,38.65429761675801,0.9925523365068603,9,1,0
6,2,1,0.0026289979875180115,47.09468073710554,47.91818102663438,0.9828144501338415,9,5,0
180,268,205,0.019789197359570812,106.28400216804386,55.47746263863571,1.915805033484451,8,3,0
4,2,1,0.035053387202035234,69.7288712006514,64.3883271108638,1.0829427371298566,13,1,0
1,2,1,0.09284563216185408,49.12375527407774,44.51499223518149,1.1035328280986154,18,3,0
486,117,247,0.011074742616442024,146.25069793149305,176.37190339843704,0.8292176651351435,17,1,0
4,1,1,0.0029617858217774184,81.06482386050938,77.79455016163253,1.042037310995208,8,5,0
282,111,60,0.019600950558324604,106.52420388346246,100.05205707590098,1.0646877935018528,19,6,0
9,1,1,0.06462235278246795,63.58418227835191,60.62054907188009,1.0488882606945333,2,4,0
159,2,1,0.8772283950180937,3.4406836705679402,3.5426156360079246,0.9712269193406348,14,1,1
4,1,1,0.01884614126514658,82.48087944329403,88.41496776361558,0.9328836681116391,5,6,0
2,1,1,0.003649229647537533,86.44493271383531,86.93770837761325,0.9943318535423367,10,2,0
1,2,1,0.02109574350369108,88.818670184221,91.73356487682729,0.9682243386428928,0,6,0
4,2,1,0.050089459393657325,91.67598885304459,95.9076599338079,0.9558776526954795,19,2,0
7,1,1,0.034585289290285724,56.498139814691044,53.761683818350875,1.0508997449854076,22,3,0
9,1,1,0.06601791036366954,68.47236177819833,75.13081709904439,0.9113751776176178,5,3,0
485,190,69,0.01940761440444863,71.51151903894055,147.01471298628314,0.486424233237205,3,6,0
5,2,1,0.07382520435769234,36.790880224038574,39.78425220391302,0.9247598782419736,12,2,0
4,2,1,0.01164547558586031,13.344259926172349,13.774859476506105,0.9687401856209008,10,2,0
6,2,1,0.07471592218218515,52.61844172417248,54.43685902904197,0.966595844482883,9,6,0
6,1,1,0.07401728402367118,31.903620551717314,32.35568484319407,0.9860282885784182,16,1,0
77,2,1,0.8601355804227994,1.1764406379784762,2.568179766258382,0.45808344627387576,20,1,1
2,1,1,0.0879228082513609,51.872603662477076,48.396875503051334,1.0718172014886913,7,4,0
243,1,1,0.9949293331767186,1.3293944853755986,3.756532137558533,0.35388875609077214,12,4,1
5,2,1,0.054893811416163896,59.452046207049875,59.08584523285202,1.0061977783808405,22,4,0
185,1,1,0.9517075624058984,3.6177508627203236,3.238029174618394,1.1172693844386625,10,3,1
9,2,1,0.007313962101375859,44.02571486171298,44.14350991721005,0.9973315430576773,18,6,0
3,1,1,0.03613986487066728,91.0574130634532,100.04911931649242,0.9101270824324287,0,7,0
6,2,1,0.00029340578026765263,38.177067636368,34.90483711039231,1.0937471937091907,5,1,0
5,1,1,0.0286511285899703,82.41514757403249,74.22754757540497,1.110304061848602,18,5,0
2,1,1,0.023461595692523308,56.40450491410471,56.833082367337816,0.9924590144440343,22,4,0
2,2,1,0.06900099526869576,79.32442387763197,74.0623046684098,1.0710498982280072,22,3,0
2,1,1,0.06546209352003145,15.755764862683042,16.013892047255958,0.9838810462933559,1,7,0
8,2,1,0.04252329674986606,46.23003707283645,46.71882399871699,0.9895376877231764,3,2,0
1,2,1,0.07711104111750895,12.806464888984692,13.16902434243136,0.9724687688306202,12,1,0
5,2,1,0.016714687499310966,89.02759151019009,92.2321587213719,0.9652554244028634,6,1,0
8,2,1,0.07235675702864398,35.47690316527986,32.79323346662119,1.081836080647255,3,2,0
6,2,1,0.0691343149489243,35.12214403745097,36.166230812415385,0.9711308933358355,2,3,0
5,1,1,0.07249394406104555,28.483774141290297,29.738125122492374,0.9578201054694819,7,7,0
7,1,1,0.06788544438340625,10.039917761609656,9.156450381274485,1.0964857934622698,13,1,0
1,1,1,0.016562019173291677,36.612303027790915,34.904751792213446,1.0489203087803762,13,4,0
6,2,1,0.010587761764841209,51.02626709066008,54.60022866434613,0.934543102453711,6,2,0
136,389,274,0.02404968197104762,154.27484085447858,107.30372738412733,1.4377398121707685,16,3,0
4,2,1,0.09904316982839577,64.95861248249638,68.7709560528392,0.9445646274364187,8,3,0
287,2,1,0.9362754012636356,4.015219448240879,2.7818618574001874,1.4433568789764912,4,1,1
5,1,1,0.014811628802964239,85.86396304011569,78.62314571869213,1.092095238052808,16,5,0
9,2,1,0.003929795278791593,66.69371435247436,66.39313205946196,1.0045273100347667,10,7,0
148,201,119,0.048363303318155415,107.52141458453394,168.2071158005557,0.6392203687269854,22,2,0
3,2,1,0.025160164693718092,82.973266989428,80.94519271849683,1.025054906941592,9,1,0
7,1,1,0.08948435376929864,61.77616818999097,61.870401023587924,0.9984769319086678,6,7,0
2,1,1,0.04070945827547695,53.2385426251938,51.07985515461868,1.0422610335139122,2,5,0
9,1,1,0.024009534791457357,33.59375111354316,32.24364587398579,1.0418719782754666,15,1,0
184,2,1,0.8672428333710499,2.478209682691284,2.4108068929939996,1.027958601700187,12,7,1
2,1,1,0.05689426510662752,64.06925471740433,63.69789535020413,1.0058300100051738,14,4,0
229,1,1,0.859755768958179,2.9715622766727945,3.981878183129878,0.746271518114865,18,6,1
2,1,1,0.07783288946351517,39.77601270029499,40.73808237244077,0.9763840216299278,19,6,0
192,2,1,0.9728146153827002,2.366231505863946,3.623670064963687,0.6529930880690314,11,1,1
1,1,1,0.0758740890949186,18.76754747212297,17.86828755495838,1.0503271460344867,2,6,0
188,226,176,0.03587544762079898,101.14423044156851,173.24732628130377,0.583814091753078,13,2,0
295,2,1,0.9303531791619626,3.6832415373041747,2.352140027036711,1.5659108279979492,2,2,1
2,1,1,0.06747034367930568,40.952664623631236,38.49529279723792,1.0638356445120905,12,7,0
86,1,1,0.971672615679678,4.946609419099012,3.0369368795495646,1.628815354184341,22,3,1
6,2,1,0.005580546629684636,79.95229778296377,85.22600163039903,0.9381209519800563,6,7,0
5,1,1,0.010653152431660096,83.61133592062525,79.83617293294101,1.0472863721919037,22,2,0
5,1,1,0.07412286200610425,14.566844594673972,15.478537147832158,0.9410995661637267,16,6,0
93,1,1,0.9459615819225019,2.710840469875152,1.616979626919853,1.676483998155851,3,7,1
6,2,1,0.03786514712523662,65.82077328817252,60.713451921909474,1.0841217424572096,11,3,0
137,101,274,0.004935000286026925,29.855109111957162,163.25702477763693,0.18287181916135678,7,3,0
90,1,1,0.8891389698576407,4.32118259841176,2.1697390672729413,1.9915678634311,4,6,1
8,1,1,0.022539203262367948,19.453129408708214,20.01845889780281,0.9717595898874791,21,6,0
6,2,1,0.007700349250621597,76.60110980030166,82.873640685521,0.9243121113862779,11,1,0
434,160,257,0.006511173275979504,139.71616111586087,80.04209270246655,1.7455335861246846,10,3,0
6,2,1,0.0773874811061997,13.02897337031576,13.784010895030006,0.9452236703479041,4,7,0
9,1,1,0.04823185800675971,90.61526917666198,90.79302155388844,0.9980422242350316,14,6,0
223,1,1,0.9605093723100109,1.5554889116637343,3.5971659144109904,0.4324206746850692,23,1,1
377,156,214,0.006865127083943046,128.21076714922853,113.29663518957346,1.131637907292657,4,4,0
1,2,1,0.023580228393586658,81.3338245422404,77.14491611784435,1.0542992154920123,1,7,0
7,2,1,0.06282113667005017,76.43679144021576,75.49420963152687,1.012485484824458,15,2,0
6,2,1,0.052188072701850746,24.911798897177846,25.748299981273096,0.9675123761683823,0,6,0
113,209,71,0.04650130566231481,99.60621796548038,28.59521278131738,3.4833179500086775,5,2,0
8,1,1,0.03178006188785876,83.75427266598315,75.42970131411532,1.1103619821746535,18,1,0
7,1,1,0.022755142756629043,30.112647950626602,27.41113657167209,1.098555248589961,1,3,0
6,1,1,0.08745020922826777,68.16789881140889,69.01346954730404,0.9877477434268745,3,7,0
7,1,1,0.007484885048556312,40.535081979640985,40.51886989121766,1.0004001120580819,5,4,0
215,2,1,0.9641311078115912,3.1254304783795397,2.0502248302172923,1.5244330437888083,16,1,1
105,1,1,0.9260919646823843,1.206433416602113,2.303040747240906,0.5238437131637584,21,3,1
100,120,122,0.045461137855207334,74.48863970427871,155.71701384052994,0.4783590300579656,13,3,0
6,2,1,0.08015678242910493,53.81976830567636,58.78039744419272,0.9156074243419997,19,2,0
252,2,1,0.9322533126116888,4.360665181973602,3.7587500857568648,1.1601370355793514,2,1,1
272,1,1,0.8536322208297895,2.2598137979018524,1.8223407122335762,1.2400610833810992,12,2,1
7,2,1,0.0956978836539141,34.6346399658786,32.27749690422349,1.073027442885346,18,7,0
292,168,91,0.012106038031451867,23.23162477986303,82.38480568262383,0.2819891919070572,3,2,0
5,1,1,0.04094461645115737,45.264561064288635,46.76753304995616,0.9678629192593486,13,6,0
7,1,1,0.09102012835620345,16.18456853257444,15.160360582748073,1.0675582842661326,10,7,0
4,2,1,0.09026752939396793,15.383559923237948,15.072437469683798,1.0206418141843303,21,1,0
237,2,1,0.8746656258036349,3.948046636382246,3.4313943966829417,1.1505662654805118,2,2,1
2,1,1,0.007222157275550723,71.82849509541866,70.19149160722861,1.0233219646812786,13,1,0
5,1,1,0.09852042148733031,84.35819105330687,76.17987181068105,1.1073553820482953,5,1,0
6,1,1,0.07055997631197547,17.50252719949318,17.305591492192566,1.0113798888289638,4,1,0
196,1,1,0.9661290064191235,2.422381576324125,1.5209887302103542,1.5926361111098484,3,7,1
162,1,1,0.9978277748435675,1.5668324381373857,2.2412808790917937,0.6990790189457617,21,2,1
7,2,1,0.09923789914312245,26.130344787354158,25.44137517389787,1.0270806750321873,20,2,0
6,1,1,0.047625240892777254,12.29856090208968,12.28884049273061,1.0007909948350961,13,2,0
8,1,1,0.025932475899248675,83.58719891639353,82.21570264859444,1.0166816827396237,10,6,0
6,2,1,0.04439955225777864,57.107404710266195,61.44610746713445,0.9293901121533388,8,7,0
276,1,1,0.9234464754571021,2.8367903271200876,3.3495213905561103,0.8469240814876852,15,7,1
8,1,1,0.08912718388380947,75.54521622030497,70.64359650866653,1.069385194892181,1,3,0
194,1,1,0.99117706140239,2.569806755449067,3.8794366514766594,0.6624175070550262,13,6,1
8,1,1,0.09112351296955959,89.0854774652709,83.51563604728962,1.06669219898927,6,1,0
493,154,89,0.041328369222428156,183.34676125144694,41.09970587502471,4.461023682479984,9,1,0
3,1,1,0.04751623843778932,11.110901930832574,10.71430918068205,1.0370152422767098,10,3,0
265,200,60,0.034774953952266006,53.09559414707908,111.86115675514509,0.47465622283256903,7,7,0
171,279,222,0.015268579516732057,144.12998357629237,65.24680326329018,2.2089968606536203,21,6,0
113,315,197,0.0421137051316558,65.87282980553675,199.48466276540157,0.3302150094767169,13,7,0
224,1,1,0.976499923218189,3.721751380827057,3.633311540319728,1.0243413865081181,6,7,1
6,2,1,0.015459089994372344,62.73227590053963,64.34626007110495,0.9749172031322131,3,1,0
1,1,1,0.07770709913228752,20.03465818198037,18.52526388605375,1.081477613771695,11,7,0
410,284,253,0.01286989895401926,134.8660223069913,102.67264163615476,1.313553641533073,5,5,0
4,2,1,0.07002100149902227,83.42862648781126,81.87637065681771,1.0189585324623116,19,2,0
7,1,1,0.09499076093309544,73.28764795809015,71.44595707901122,1.0257773981114455,6,2,0
7,2,1,0.06613737363753612,32.668614650655456,35.61784713616382,0.9171979015398176,6,1,0
2,1,1,0.03617028013914891,82.6813991998458,75.56082190461531,1.0942363663568826,2,6,0
3,2,1,0.06727134359728744,17.993387804014535,16.276143106493063,1.1055068566481459,17,1,0
6,2,1,0.017270902574579982,89.16006243328366,91.91388519602556,0.9700390995672873,16,2,0
464,250,91,0.016781449623705782,134.40961937813057,49.35764110729163,2.723177533666093,23,5,0
8,1,1,0.09827149920671256,59.703626437832206,65.35638914726412,0.9135086441710413,18,5,0
314,387,72,0.044259193465837204,133.88325081010885,23.502281095731593,5.696606651276258,4,6,0
423,138,167,0.037779372048886414,94.2385834138441,31.63511575168454,2.9789233000933772,14,1,0
6,2,1,0.07796381076219004,93.30151554609095,85.22258596141793,1.0947979868661875,3,5,0
5,2,1,0.045102561119303865,6.908631941708124,7.175993242913429,0.9627422585062584,15,5,0
176,2,1,0.8547664393635818,3.607415872707238,2.7391481157846744,1.3169845952904353,14,2,1
79,2,1,0.9792901336392523,3.1875685354286025,3.2872512885252645,0.969675955883074,8,2,1
353,231,105,0.028526884562439698,48.647764294431845,48.00141076523859,1.0134653027669205,20,3,0
8,2,1,0.02358429989432753,7.3040289241092315,7.153961298049032,1.0209768574092124,13,6,0
5,2,1,0.0772230126576451,52.78711022979407,49.5906003574982,1.0644579789164128,16,3,0
1,2,1,0.03489524114513542,36.31855552234485,38.12919158087515,0.9525131275157043,23,3,0
147,383,212,0.015468618123156625,168.11872139734174,52.90437445207054,3.1777848833587714,20,6,0
5,1,1,0.030801089770527368,92.17369861690106,87.9818888068835,1.0476440079528004,1,7,0
176,1,1,0.9798919430198338,4.803063584669281,2.311542354742949,2.0778609463132236,8,1,1
445,387,147,0.04238033016156345,155.15822635603269,188.7472001671659,0.8220425321202922,19,3,0
2,1,1,0.0808447920159119,80.42623286125259,80.40826653448313,1.0002234388022997,13,4,0
5,2,1,0.0958292965079477,10.227194842055843,9.681822786967736,1.0563294812441937,19,7,0
247,1,1,0.977557017457201,4.287399721584756,2.272559015140464,1.8865955484635706,21,3,1
190,1,1,0.9031856570889188,2.6569160624234245,2.335516104578164,1.1376141047433759,18,4,1
9,1,1,0.046258507103927565,14.105311735059018,14.94286529888382,0.9439496008916467,16,5,0
5,1,1,0.03986443612377232,10.681805158471299,10.373247020266607,1.029745569309383,14,4,0
6,1,1,0.01918047916345881,65.02058397645345,70.0603983745939,0.9280647196552618,5,3,0
415,329,126,0.035821319332803324,82.87407963851254,163.86285799573147,0.5057526803338884,14,2,0
8,1,1,0.0632688395972375,47.92946616184694,43.70997755822012,1.0965337627548908,3,5,0
8,2,1,0.02879493696326371,43.498401151107245,44.10318307238501,0.9862871140097721,0,6,0
2,2,1,0.0014163205491512288,43.32470777151801,44.33920307633902,0.9771196766194838,9,7,0
9,1,1,0.0021844554582344244,56.9356169608137,58.42583145545227,0.9744939103558191,17,5,0
3,1,1,0.07208234895666005,56.30079345515991,59.96034535646519,0.9389671310338661,22,2,0
5,2,1,0.06685228650359668,30.948288182479754,27.975358000038472,1.1062696027853225,6,4,0
157,1,1,0.9802113442931738,4.8387089362770235,3.858167972093307,1.2541467793201624,11,3,1
158,1,1,0.8727204835390537,3.5570502483516946,2.7202639796720596,1.3076121563689247,8,5,1
8,2,1,0.08630674008104391,62.87246059039787,63.802296244471165,0.9854262979735017,15,5,0
1,2,1,0.013844600940023932,47.39078776530778,48.867742839524176,0.9697764826366845,7,2,0
2,1,1,0.023365604625771575,37.67080405539352,40.4710615840617,0.930808399407764,18,6,0
3,2,1,0.0408197832091432,98.13716443634219,95.14474194064168,1.031451265037509,7,4,0
7,1,1,0.07056598112446698,5.911764387782653,5.6949766038191845,1.0380664924625125,4,5,0
5,2,1,0.015476187685699961,78.3666090937569,74.70728581952636,1.048982147244253,5,6,0
381,154,261,0.044839184700630474,197.15906262165925,92.44048289054808,2.1328216432523472,5,7,0
1,1,1,0.08299993935948247,21.849843234207974,20.62761078694141,1.0592522546547327,17,5,0
243,1,1,0.8735911928104046,3.1976885313929957,2.7981375539260087,1.1427917569336024,7,1,1
179,2,1,0.8939986343892949,1.5610278855483366,3.2432200447904385,0.4813203741928657,0,5,1
281,93,149,0.03553336532939382,188.63220733120934,138.79478082056198,1.3590727707195176,23,1,0
352,186,83,0.04908236182851375,48.07352345929321,73.4146099591735,0.6548222960801305,23,6,0
8,2,1,0.031125692288669606,12.57149271485429,13.095805743383803,0.9599632860471832,21,3,0
151,346,293,0.037996085550850385,76.96466291446886,87.60548505171884,0.8785370330297463,0,7,0
8,2,1,0.0670641990188471,70.79129809580799,65.7269017193342,1.0770521087103677,12,7,0
4,2,1,0.011502835766601716,36.767636874013505,36.59821489969799,1.0046292414747504,4,2,0
8,2,1,0.03360881962375212,89.84488456531996,90.90925664966925,0.988291928417686,13,4,0
7,2,1,0.04204358946137554,87.4172177658852,87.87068365613904,0.9948393949906164,16,2,0
348,109,241,0.021473291328310162,42.913174520676876,41.47614443305416,1.0346471473485728,12,1,0
191,2,1,0.8938215778307946,1.8750838903773492,3.5595411929181138,0.5267768481252367,17,3,1
164,2,1,0.9845691687503793,3.216039417576585,3.226699655456242,0.9966962410456669,14,1,1
460,237,124,0.03162538246648862,185.9376656896094,187.3759671136945,0.9923239813181998,8,2,0
2,1,1,0.08579425317744162,13.047841055226144,12.300249816511327,1.0607785410757498,0,4,0
1,1,1,0.04368729159803045,80.38951406352626,72.84413135605773,1.1035825751094095,0,4,0
5,1,1,0.08044414516714257,80.16292353375796,83.68501229420245,0.9579125501223295,11,7,0
3,1,1,0.058204357848057324,96.48476130859609,102.18825461033421,0.9441864104295864,23,3,0
3,1,1,0.019823792557702936,7.739341727504103,8.37514519054804,0.9240844846771746,8,3,0
273,2,1,0.867705711295893,3.485494781245795,2.637471585779991,1.3215288460501138,11,3,1
7,2,1,0.09987804057487237,68.74331207659733,67.44642072611337,1.0192284681162012,20,2,0
358,234,271,0.014428842645968177,196.65705448641737,99.10383307651091,1.9843536660644867,21,1,0
249,2,1,0.9703288101425306,3.3038122825953256,3.894763215683594,0.848270382469311,2,4,1
5,2,1,0.07054565083310914,55.11576631264288,53.202050378612675,1.0359707176774435,19,1,0
3,2,1,0.032009976683177434,35.74557849221656,33.11532621155382,1.0794270382196947,14,2,0
297,352,247,0.0046058430086636515,199.68178373740943,126.8017100759294,1.5747562364721983,5,4,0
7,1,1,0.05604225186158684,72.77376605253731,75.34629139324714,0.9658573064030012,23,6,0
2,1,1,0.05455026263868251,78.405306505071,75.91173971831682,1.0328482365969607,16,4,0
8,1,1,0.033303726405474014,96.66975747177638,101.92807820217814,0.9484114600888316,16,5,0
3,1,1,0.02490989497031131,76.48617568819552,69.35752721757456,1.1027811797306208,17,4,0
415,150,277,0.014273190144665049,57.49522680829973,124.6040612642348,0.4614233775765592,8,3,0
9,1,1,0.04983978346136362,65.79912880289129,60.790844811329976,1.0823854974726044,5,7,0
181,1,1,0.9701734572879558,2.003959009348576,1.6041008788400546,1.2492724340364827,9,7,1
8,1,1,0.0909935774424347,50.5730100170488,46.011314437229885,1.0991429094259442,23,2,0
4,2,1,0.06384397217798281,25.161685297121092,27.33265537411656,0.9205722953997609,6,4,0
2,2,1,0.06792970849440932,97.92737468340559,100.82046094842576,0.9713045721294598,2,2,0
8,2,1,0.018500229710806504,81.58867810861388,81.0218373735082,1.0069961476248996,5,2,0
286,134,159,0.03914135099792246,48.44874486828765,95.41477106890015,0.5077698591688935,15,2,0
312,309,203,0.015009036880949352,97.86341394089897,192.97256331118567,0.5071364149476804,17,3,0
4,1,1,0.05707746499474199,13.430670566952877,12.744776886240462,1.0538176295147952,17,2,0
244,138,244,0.04072809157998291,148.21298976196806,94.19715504459967,1.5734338228346008,13,2,0
106,298,269,0.02406468014896536,155.84761615584188,140.454449985375,1.1095954323417287,7,3,0
356,88,160,0.04092492796085053,165.933506707254,109.16036244909958,1.5200893711270627,22,3,0
190,374,107,0.02157665658093856,107.60997060290786,34.7632228008232,3.095511921304363,2,7,0
5,2,1,0.0931324272114715,67.57203532882119,71.9831188659245,0.9387205832895436,1,6,0
202,182,265,0.011214351824647967,166.87579980973774,196.61958897029427,0.8487241819783771,2,4,0
7,2,1,0.09715981125220496,79.66742951811024,77.57490432730921,1.0269742542249503,16,1,0
58,1,1,0.9192910293251424,3.21197308909731,2.278825102884957,1.409486443268947,11,2,1
448,361,269,0.04847373892260942,73.58703130539567,70.96432968323292,1.0369580271365888,12,7,0
470,361,183,0.0040842572793303835,73.02659945795638,197.59031420317558,0.3695859270858062,21,6,0
6,2,1,0.017948736419318125,9.887389957241687,10.58061472101511,0.9344816173679827,13,2,0
9,2,1,0.05640487104486067,39.51696096281404,37.16565134450891,1.063265664215314,10,2,0
9,2,1,0.08368083098823764,31.005544253312035,29.061031829487767,1.066911334574542,14,7,0
5,1,1,0.025078989500032102,48.76058830489058,45.45270367271589,1.072776410749804,5,7,0
9,2,1,0.033281371763477174,88.7138347053222,83.08812901643577,1.067707694895544,18,7,0
119,1,1,0.990396009116268,3.550451677091227,3.9501073320386784,0.8988241023969376,6,3,1
5,1,1,0.01478785225279683,70.75877254855983,70.7645386727744,0.9999185167553873,17,4,0
7,2,1,0.033555740004200134,41.88662193115481,39.02779404624383,1.0732510754136801,19,1,0
139,2,1,0.9055869546528112,4.226188082825061,1.715758678490645,2.463159962881752,6,5,1
447,289,122,0.016114046485411905,158.0224144502092,42.89169847960126,3.6842190925445077,23,5,0
9,2,1,0.021260642727620085,68.90250555801275,72.84537115910119,0.945873491501926,23,2,0
1,2,1,0.07848504167905505,55.59546663916634,56.686287065850884,0.9807568905436095,19,2,0
1,2,1,0.06700475457653865,21.09210783910542,20.00111544955706,1.0545465772796447,19,6,0
2,2,1,0.025049021898889558,56.792489844066566,62.32261175873934,0.9112662040531814,14,7,0
7,1,1,0.09186335824978395,90.33802237370016,84.20457724212628,1.0728398067237777,6,3,0
2,2,1,0.022698993234776102,64.39098207134131,70.1222396791164,0.9182676190321121,8,6,0
6,1,1,0.061371886244364515,13.528858530052439,13.578661771824436,0.9963322422629792,7,1,0
3,2,1,0.09838102558617108,50.26326520640562,46.08467499458493,1.090672012166988,1,7,0
2,1,1,0.01906217555548171,53.3677785991112,55.59190830103471,0.9599918446785517,0,7,0
8,2,1,0.052553347738913805,96.73187564180888,87.14211781993835,1.110047334879855,20,1,0
9,1,1,0.06934818944184998,34.093656555839885,37.471823105037984,0.9098478197943907,10,1,0
1,1,1,0.023975141630535025,21.32198884821317,23.375734505834288,0.9121419839402894,9,3,0
219,2,1,0.9728465698093652,3.008075492193928,1.6964869227899881,1.7731203534695943,19,6,1
124,2,1,0.9588385363504263,2.7802100762924953,3.384676133141796,0.8214109613234367,4,3,1
6,2,1,0.03724739397584958,64.66767979783549,60.460862467678346,1.0695791816136606,20,1,0
285,2,1,0.8583382700183183,3.055615183849949,1.7282382947671957,1.7680520059657392,18,4,1
98,1,1,0.9327046652045949,2.345218291371874,3.644866701726626,0.6434304690102687,4,3,1
9,2,1,0.031432522455251424,98.97223675049649,92.93716777987545,1.0649370872255897,17,5,0
7,2,1,0.09492560846867855,67.1183452192277,73.26441139219108,0.9161111642586887,11,3,0
350,164,112,0.04278183120974893,68.86781950566004,93.5895109727862,0.7358497633958714,0,2,0
8,2,1,0.011047292605474402,91.87329456546551,87.76360536752466,1.0468268045818179,22,1,0
8,1,1,0.04870488766830144,5.006412276424571,5.3955664724415175,0.9278751919738926,3,7,0
121,281,117,0.03434230842004175,102.28034711872267,27.65151691959607,3.698905467505787,9,7,0
3,1,1,0.008100689251932181,47.70920240364,49.54074932326114,0.9630294869447773,15,3,0
169,332,115,0.0065952696627722355,123.58472017815559,81.58585547841271,1.5147812013916506,21,5,0
9,2,1,0.027012618818827574,25.678699581151594,24.873625958875547,1.0323665565932005,6,1,0
3,2,1,0.009546730079404708,56.65583625727429,60.739777163305156,0.9327633208951233,3,6,0
9,1,1,0.08060287267835795,38.23760114792098,38.56304007591835,0.9915608591190764,4,5,0
1,2,1,0.012437234378458784,86.01392712712457,91.75660960809181,0.937413963904124,19,3,0
8,2,1,0.010344923871079714,59.25271332197598,54.75624013377523,1.0821180047646697,1,1,0
174,2,1,0.9325380016070031,3.4785944405270595,3.4935778673160756,0.9957111513302187,14,7,1
4,1,1,0.03202850012191099,99.2089872057048,101.00268105060427,0.9822411264112803,23,3,0
284,366,141,0.03053081594323481,170.25466339858497,108.87127643163966,1.5638161779566162,17,7,0
9,1,1,0.04965840948311036,56.95693726142977,62.12341487797851,0.9168352604779273,23,5,0
5,1,1,0.0680333951758179,9.673873331263351,8.823251709688789,1.0964068179807789,13,3,0
6,2,1,0.09922881929721739,41.59711169764823,39.4569660620599,1.054239994839497,8,2,0
7,1,1,0.025925430204556923,99.0437428870608,97.43266151896903,1.0165353316123682,3,5,0
6,1,1,0.06254269529086849,60.215708046975806,62.05653168225663,0.9703363435664394,14,1,0
1,2,1,0.08125627103908734,27.130369854244996,26.34665518700777,1.0297462680433036,3,4,0
257,351,207,0.04822681291091121,37.03727187236682,158.41993012345247,0.23379174478554973,15,7,0
4,1,1,0.07530746586017599,39.72328576703842,40.825403219499016,0.9730041257269395,6,6,0
8,1,1,0.016969430849430967,36.74087862631757,36.108867519232135,1.0175029335037664,23,2,0
8,2,1,0.08101532098961717,88.7397820398769,96.36153524945377,0.9209046100205209,17,5,0
151,302,262,0.037765614663245316,87.27104848687398,29.209803250063004,2.9877314728809665,13,4,0
5,1,1,0.062123199047578986,28.53205935912201,30.833276054279278,0.9253658063740557,14,1,0
178,329,267,0.032260088001580735,129.076853042656,70.25956395052691,1.8371428142301758,15,5,0
8,2,1,0.05689002725852021,55.66521856050255,61.07162796762466,0.911474287045563,10,3,0
145,394,173,0.038995628927205955,182.43769686961141,76.08372810644025,2.397854329829674,17,4,0
8,2,1,0.035592670962082254,80.31001445557739,82.45652021018198,0.9739680288577163,6,2,0
1,2,1,0.06601760977729654,23.733607130387202,24.922614536094517,0.9522920276287499,15,5,0
3,1,1,0.052124638996247634,15.515490569889542,15.161526853806354,1.0233461787520644,17,5,0
8,1,1,0.03023055363804668,69.62409894887747,65.88612285101924,1.0567338907816823,3,5,0
7,1,1,0.014721948343645165,76.92683439517613,80.0063945969976,0.9615085741916806,19,4,0
5,1,1,0.05948287062056128,40.62956750074832,39.82604634133258,1.0201757702115117,6,1,0
5,2,1,0.07212724726031007,44.29828790906576,46.94969144465508,0.9435267101017091,0,6,0
8,1,1,0.062282087177648084,65.57026238230763,68.67803007309824,0.9547487356949111,10,5,0
7,1,1,0.006405155685655962,84.68660182719788,79.38671495212337,1.0667603751870922,17,5,0
140,368,92,0.032685557306689754,57.57913429958766,123.0090743514048,0.4680885097557852,13,3,0
244,241,295,0.0226947279759138,121.72818306400545,170.28571578522858,0.7148467063293441,23,7,0
69,1,1,0.9588250203076788,1.3194160906537808,3.415469208633509,0.38630595389898553,5,5,1
2,1,1,0.08642147910972119,80.91163377195728,78.59045797533238,1.0295350842382602,14,3,0
8,2,1,0.06573390218490106,46.688791049371176,50.09256560525873,0.9320503049751914,2,4,0
247,2,1,0.9996135960221634,3.790323635838129,3.4409835601662193,1.101523320168096,23,7,1
290,1,1,0.9521407570336953,1.379233085345144,3.0792017522322332,0.4479190375704626,15,3,1
100,366,71,0.027488383644415856,42.68327715808458,176.33512481505642,0.24205771370197288,19,2,0
442,208,173,0.013588958756894327,105.20102971151785,23.289592652904258,4.517083286057349,16,1,0
3,2,1,0.056009291767520855,27.150009860977423,27.946282340135177,0.9715070337633359,16,6,0
9,2,1,0.001345580841467109,9.049936798507272,9.371505274572126,0.9656865715119031,9,4,0
187,2,1,0.9866850178888511,3.7852088026050827,3.2908148858142092,1.1502344963012259,3,1,1
322,295,284,0.038385938241067674,150.71179260300545,56.22914693320711,2.6803144067263087,9,2,0
9,1,1,0.07641052405716059,42.953316362280816,45.8363106539173,0.937102392175403,13,7,0
2,1,1,0.0009483355068375166,62.2589627648715,66.26306703056815,0.9395726089187888,10,5,0
156,124,169,0.03270469992317455,72.15060018700765,197.713048699327,0.3649258390463191,2,1,0
2,1,1,0.016050280940560248,47.660449612716704,49.97862483986819,0.9536166664333215,20,1,0
4,1,1,0.07251264983250967,85.35759654537355,83.64361286204274,1.020491507058139,15,4,0
241,136,97,0.0381502467783553,116.23639911708861,37.635711604365696,3.0884602459225277,20,1,0
7,2,1,0.09370293944083279,45.65829530117185,47.397565362369214,0.9633046539859146,11,6,0
7,2,1,0.030044370684418766,36.88520395882098,33.88086962625728,1.088673471658336,23,1,0
128,377,67,0.04492881453429027,61.526100327667415,26.396259433337846,2.3308643591357274,15,4,0
7,1,1,0.05284311783927092,67.09543473295827,70.575637906371,0.9506883214002297,19,4,0
4,2,1,0.017057155320619223,39.21447148823338,35.85694130040668,1.0936368264012697,13,2,0
2,2,1,0.09525216640119066,53.18183027301476,52.643758098652235,1.0102210061324688,0,7,0
7,1,1,0.03461603463151982,41.24969951530101,43.1920209943552,0.9550305488296547,3,2,0
3,2,1,0.08020870461767449,85.4960816544176,79.65952994097724,1.0732687189814563,22,5,0
441,136,111,0.038611971530588554,158.15055948328177,137.68762990047418,1.148618504055876,0,7,0
8,1,1,0.002668742647921896,90.89371152620147,82.17054504298292,1.1061592871101866,16,5,0
2,1,1,0.011368498126831007,88.81235840335366,90.86263745912568,0.9774354001478954,6,4,0
3,2,1,0.02428492936374739,78.20669593651473,76.26959801604698,1.0253980350081324,7,2,0
198,209,56,0.03312489227955307,41.854205535162016,154.46130658445298,0.2709688689074884,11,5,0
7,1,1,0.03709682163402742,33.715330929904695,33.65598398871151,1.0017633399520598,10,6,0
2,1,1,0.04126289025154567,88.46319252012479,87.21253171807112,1.0143403795006964,9,2,0
1,1,1,0.04705566410184253,92.65139293137719,88.89666358449824,1.042237010878479,14,6,0
1,2,1,0.0698561025135247,23.106302837576678,22.258859231935343,1.038072193943591,22,6,0
9,1,1,0.07020233881890439,95.71808176069472,100.01432440274792,0.9570437268090454,15,2,0
285,162,104,0.004336016528760567,110.14777393018396,180.23933190229238,0.6111195196279078,17,5,0
7,2,1,0.026394919538736808,38.192161817188854,35.511455835930406,1.0754884844384813,5,3,0
7,1,1,0.05154169622160554,85.88750775930825,80.47464507151739,1.067261715574893,18,4,0
7,2,1,0.08847009695947058,9.024128051169773,8.504918588208486,1.0610481402704004,10,4,0
182,396,143,0.048945429969504406,84.80342962967427,156.22483072619167,0.542829390407889,15,2,0
7,2,1,0.09512837962853092,47.74314681791499,44.275723034214025,1.0783143344948092,1,6,0
113,1,1,0.9704981690535607,2.6909952158824604,1.7411578853621277,1.5455205059263104,23,1,1
7,2,1,0.08287947463711232,44.60830555933358,46.63613794480917,0.9565180035303223,19,7,0
129,2,1,0.9762691296272565,1.9419231826030598,2.484665556780464,0.7815632076935661,18,6,1
258,1,1,0.9170761430251642,4.272100435347106,1.6222678357623694,2.633412523610488,1,3,1
1,2,1,0.08760221258682827,52.36062578239754,49.44748553227821,1.0589138197576842,22,6,0
6,1,1,0.026445452248842007,96.85802565415038,93.147507246704,1.0398348653348175,1,1,0
9,1,1,0.08174432218771624,88.23964694980835,79.61044620143778,1.1083928197881991,4,6,0
141,1,1,0.8792919952521538,3.0823242781687354,2.6188892114459748,1.1769586375388834,10,6,1
129,1,1,0.9769869217973363,4.635883512885966,3.8103396956608933,1.2166588501715947,9,5,1
198,349,198,0.04476092433612988,51.9622822657372,116.30671213817801,0.44676941949836474,19,5,0
1,1,1,0.09018081374423738,54.69630184975767,58.14699577651164,0.9406556799595162,7,5,0
272,1,1,0.9224332063015603,2.2730961017453977,3.004171968364026,0.7566464655428004,13,5,1
4,2,1,0.06715654830218243,16.65445335362668,15.783896374886357,1.0551547576126676,6,3,0
6,1,1,0.0063782050826081795,78.67200571024367,82.71819640715547,0.9510846358762992,6,2,0
6,2,1,0.0252666200503471,99.87389266337162,95.21900902720941,1.0488860752040807,23,5,0
4,2,1,0.05032019773835925,98.57373071498482,107.69229188870929,0.9153276338185121,18,2,0
9,2,1,0.022359146111234376,95.98390126228492,93.33521642414419,1.0283781935652698,19,1,0
88,1,1,0.8881619959846238,2.6355673388215655,3.655723936487821,0.720942659951956,11,5,1
1,1,1,0.0575743016894921,34.746025912185154,34.35759340572003,1.0113055795811488,14,5,0
3,2,1,0.01119158162169217,64.25070991384294,66.61601469792501,0.964493451089686,3,1,0
125,342,83,0.04131694637928515,180.0999151107502,124.32196927170006,1.4486571936223915,8,3,0
2,2,1,0.019633022399156055,95.48891604084383,103.0733223657418,0.9264173682304939,9,5,0
163,315,128,0.0009757047168880262,27.81740438474958,25.442826529240072,1.0933299550181867,21,7,0
8,2,1,0.032785468162150055,88.3101185962372,94.74974013922214,0.9320354701393083,6,6,0
1,1,1,0.06520127459310301,34.99423340276149,35.77687209172113,0.9781244518259395,19,6,0
3,2,1,0.09864770119382993,48.46792496481746,52.692559189059736,0.9198248426483827,11,7,0
4,1,1,0.024926195729148573,66.96369344945161,73.04763664085013,0.9167126621589258,5,3,0
2,1,1,0.09736723982079865,46.89296964380326,51.14089488235762,0.9169368223155635,12,5,0
7,2,1,0.05572877870470532,93.12808707068191,91.0341321273145,1.0230018663817098,20,2,0
2,1,1,0.02618170519618759,78.98631361906,85.1604503402552,0.9274999521899346,21,2,0
380,132,265,0.043184232894578636,166.76801652489928,35.55260488493771,4.690739738048071,3,5,0
7,2,1,0.03032148933004769,13.866170746478218,13.342304560524548,1.0392635457823094,9,7,0
222,2,1,0.9068300018716221,2.490154299440786,2.5167686774294777,0.9894251791086837,9,1,1
8,2,1,0.043902460068787175,26.294446286965837,23.816495205701035,1.1040434816232594,6,5,0
3,2,1,0.015486307891986418,94.53621487418823,96.29080454136901,0.9817782219648299,7,7,0
4,2,1,0.02827972829305533,43.26551936788218,44.52037242729415,0.971813958621724,2,2,0
61,1,1,0.9850982723377826,4.797738084819596,3.975256985280335,1.2069001079891843,9,6,1
6,1,1,0.02033212906081765,90.22714438013838,86.91771965526698,1.038075374480569,16,4,0
199,2,1,0.8790949227225354,2.6877290662538202,3.2518039182754825,0.8265347892437481,4,2,1
239,2,1,0.993535626518162,3.060438237353494,1.865065944122494,1.6409276288584091,20,7,1
177,121,111,0.005882672633357344,96.69481635126951,52.15555830540429,1.853969538300391,13,7,0
158,2,1,0.9266997647973458,4.813984966243766,2.838769388371551,1.695799942736909,18,7,1
4,1,1,0.037354334460730935,43.51962296188756,41.86123299609838,1.0396163669126457,1,4,0
8,2,1,0.06801101411206822,23.233253754344283,22.05601194482481,1.0533750984749397,10,2,0
5,1,1,0.04142384241955946,26.666585460131152,27.644342021591278,0.9646308615087869,1,5,0
57,2,1,0.979981492047798,2.265755076525311,3.372817130781031,0.6717693218074465,13,6,1
7,2,1,0.04072783502168586,57.06952226109538,58.09451070498446,0.9823565353860337,0,1,0
3,1,1,0.07559831443006348,22.435393063777628,21.816393614214558,1.0283731335485147,1,1,0
4,2,1,0.07254207061154853,77.88007936341357,84.17481545139513,0.9252182965388701,18,3,0
8,1,1,0.06812325946506773,87.63223674790136,92.36785137658683,0.948730921439558,12,6,0
3,1,1,0.035841252973920455,81.5679016434678,88.99720307660314,0.9165220796125394,16,5,0
94,2,1,0.95067773503007,2.5396821782436545,1.7746552386111498,1.431084823118217,5,3,1
61,1,1,0.8645778663430044,4.061823701799176,2.4520314486298345,1.6565137058372044,22,3,1
6,1,1,0.01713570190146284,85.62638744682548,84.22562437472554,1.0166310797040559,2,6,0
127,225,81,0.01952729915199666,166.54346560294528,21.875095413109968,7.613382362809448,0,4,0
287,99,69,0.00415633539567995,113.90693772673686,124.28510316191255,0.9164971088960233,0,5,0
118,2,1,0.8731322122732871,3.4410801132328412,1.5658370482674782,2.197597838830182,10,1,1
118,182,295,0.034505588627925764,177.53237285015743,92.63102919982316,1.9165540357668438,3,1,0
214,1,1,0.9998763118717421,4.562105932259225,3.099127047842695,1.4720616037457745,1,1,1
3,1,1,0.06282222322909864,9.749393662967066,10.702420560636607,0.9109522100846266,3,5,0
480,152,256,0.03648054829884711,110.84316202988046,126.820847351193,0.8740137315352653,23,5,0
2,2,1,0.04152002147362865,30.931567636746387,31.11080001926462,0.9942389015259252,5,6,0
5,2,1,0.06295956291008603,34.85932771248979,33.93149729232791,1.0273442227488045,1,1,0
6,1,1,0.09107919796049416,5.515865120633708,5.946719794375186,0.9275475070897052,8,6,0
4,2,1,0.054280999916388156,16.869124758301574,17.831907345043913,0.9460078740814045,4,2,0
2,1,1,0.031690300442821444,54.03516643805855,56.05130780688453,0.9640304312653639,22,7,0
170,188,81,0.021165304927373438,23.12580948151559,149.30668665944046,0.1548879691789301,19,4,0
9,2,1,0.00016897743022938896,98.08846946785597,94.20689367574913,1.0412026725503427,8,1,0
1,1,1,0.06859813592932423,12.384790348575361,12.786945748172437,0.9685495342267677,20,5,0
110,2,1,0.9623346934911814,4.705481794822119,1.7284232771235901,2.7224128817872058,16,4,1
225,2,1,0.9900641025681762,3.1087682843511137,1.7497327063438892,1.776710393010235,12,7,1
1,1,1,0.048359269075187006,50.786880163908734,46.60348085451254,1.0897658121816265,4,1,0
2,1,1,0.030994294820081682,78.11639938811138,70.65246326914715,1.1056429708689806,8,5,0
9,1,1,0.00200232686688806,7.637111575966356,7.676554568378684,0.9948618886166978,17,2,0
181,2,1,0.9474718046871827,1.2548358833532531,2.312088144517663,0.542728393088591,11,6,1
6,1,1,0.057751164279719595,46.39821155137621,50.54896737813422,0.917886436814662,8,7,0
7,1,1,0.013779646777374244,26.2157076898163,28.31671527048907,0.9258032734163066,20,4,0
1,1,1,0.06402975036637513,63.73645353684128,62.27446740057479,1.0234764936143474,23,6,0
2,1,1,0.060601558421266646,25.009318689138343,26.60097985349767,0.9401653182279281,15,6,0
2,2,1,0.060357546354154946,50.59216506341329,49.859532122469766,1.0146939393483267,10,1,0
7,2,1,0.06888113215287561,12.487087675383364,12.60398073715134,0.9907257029183308,1,7,0
271,2,1,0.8649237636451875,1.3540821988565641,3.328995121345165,0.4067540352265259,16,7,1
175,2,1,0.97698900359503,4.443079618912314,3.048863350303895,1.457290507450736,22,1,1
3,2,1,0.027962216965464505,61.050703313834354,58.38964575032879,1.0455741344087635,21,1,0
8,1,1,0.0012813296606231208,82.94525464262358,77.60955602934695,1.0687505364836647,19,3,0
7,2,1,0.025512096653753216,11.404251396354095,11.747569045902573,0.9707754303714246,13,1,0
198,1,1,0.9630468970898763,2.8642320732753506,3.393863458714517,0.8439444038094056,19,4,1
194,110,205,0.012287364696926834,96.48553143949567,199.29113789098207,0.4841436125086305,14,4,0
147,2,1,0.9547340942393918,1.039848758941294,3.5519964600794514,0.29275050542084,6,2,1
187,1,1,0.9168380450959781,3.7545987067757185,2.7128212798933493,1.3840199258991823,6,5,1
4,1,1,0.08265783676462116,21.755622587006968,21.206051853806102,1.0259157497581157,5,3,0
6,1,1,0.09478728728646668,56.110787712180425,53.71378958825267,1.0446253772504628,22,2,0
5,2,1,0.0026657724933027427,5.756253956731184,5.438940997625627,1.0583409452766779,19,1,0
2,1,1,0.004933692295888515,12.879259366758063,13.397999997674793,0.9612822338403675,8,6,0
2,1,1,0.09607699938900272,71.13354641412886,66.67458417875076,1.0668764910992752,2,3,0
5,2,1,0.09033211492135618,42.290677185529624,45.200993384162935,0.9356138885289853,3,4,0
201,142,278,0.013269325286625628,167.0172833740499,110.73419090073361,1.5082720342786504,18,4,0
1,2,1,0.0802801343967917,33.05620941331911,31.507831847347333,1.0491426250296603,23,3,0
4,1,1,0.06057374006205107,76.5661648222866,70.45820628788452,1.0866891006200985,19,6,0
114,381,255,0.03811625522043734,173.04436089481823,53.89702852412938,3.2106475186725234,2,3,0
7,1,1,0.07760669604655038,82.23528536876715,83.75559297255515,0.9818482855910748,8,6,0
303,137,108,0.005741055930367412,171.01988919691186,81.49594627473553,2.098507926030789,14,7,0
9,2,1,0.04742462065023887,86.68073820348009,82.73201165729668,1.0477291252452599,10,3,0
6,1,1,0.05435912108968393,40.933587821685556,43.5037483724564,0.9409209402195308,2,4,0
8,1,1,0.06413177325436292,23.069568249426197,24.329381756060986,0.9482184331987417,21,7,0
1,1,1,0.08194675635889309,44.57634541990133,46.50836003032701,0.9584587672159186,23,6,0
391,324,263,0.011486141079365337,163.69457380662365,35.503140594273646,4.610706857663916,19,3,0
2,2,1,0.04244262615264624,33.54771855071587,34.164675740339135,0.9819416641237193,18,1,0
8,2,1,0.0406821424845569,49.71554922116898,53.16211471792738,0.935168766046168,20,4,0
7,2,1,0.04958256551566834,15.081456274143504,13.88296347267383,1.086328311950737,14,2,0
7,1,1,0.08176347128256133,15.380126134009343,15.11963059936874,1.0172289615760506,19,7,0
3,2,1,0.021902159730966743,31.56450302987209,30.413711776088746,1.0378379088437373,13,6,0
280,2,1,0.8661666774294933,3.2267742622002125,2.6691032355095894,1.2089357276524195,6,1,1
1,2,1,0.060887230395603766,55.46624560751153,54.38361400991085,1.019907312474735,14,6,0
383,230,113,0.010850024011777055,160.40373612985871,54.943584510035514,2.9194261270041597,19,5,0
58,1,1,0.9211371273100404,4.8844364919284695,2.5290557417041963,1.931328128274906,10,1,1
4,2,1,0.05669724439667916,44.55887283408292,44.77954578615417,0.9950720145057951,5,2,0
9,1,1,0.09315514848843752,9.270720820128833,9.48657675326188,0.977246172276124,20,7,0
5,1,1,0.07710460974673539,57.916189378429195,58.99442235180998,0.9817231370289414,0,2,0
4,1,1,0.03885334407561275,34.57046257106343,35.9824383534529,0.9607593079568502,15,2,0
4,1,1,0.042809248786216586,87.0682274034985,78.36394300858393,1.111075120275164,5,7,0
3,1,1,0.037998125177312936,41.14156385598286,43.99203586520236,0.9352048171184043,23,2,0
3,2,1,0.0022384429137610297,96.75994888237254,87.44012212048945,1.1065852441175767,14,4,0
290,1,1,0.9188682011455828,4.4678300250008425,1.8058488575740126,2.4740885740587117,10,6,1
4,2,1,0.00904303795656576,70.99879212547522,77.05911903182401,0.9213548379154712,22,6,0
447,153,245,0.0019611765562041364,112.96407378503721,79.06670771861121,1.4287185725130052,10,7,0
1,1,1,0.026641837093677692,41.99632181545312,40.89531193913628,1.0269226428191929,18,2,0
4,2,1,0.020049707068506784,15.30034404099246,14.405564556369288,1.0621134618585673,0,7,0
488,80,247,0.0026217285548031824,192.6212619236195,50.25376295074855,3.832971913215711,23,7,0
4,1,1,0.0730916388557895,85.03743826010847,91.82521659680299,0.9260793648165395,15,5,0
6,2,1,0.07387109574003081,18.38422790478844,17.823974476423544,1.031432575776293,14,3,0
7,1,1,0.08021408005167269,99.76976595682558,94.24368437722673,1.058636094462094,20,5,0
7,1,1,0.047934577136334006,59.05452636821764,60.25651854092713,0.9800520806409835,20,5,0
1,2,1,0.005721848770531568,67.52888588688562,68.19123865336373,0.9902868347964019,8,3,0
2,2,1,0.09512641693946101,69.91528969365025,63.029599899247785,1.109245335610716,6,3,0
9,2,1,0.07455520405919752,43.46165567405827,44.27258194091603,0.9816833301491208,19,1,0
7,1,1,0.07028266156484057,90.55214213445691,92.69145785652428,0.9769200337168201,21,6,0
248,335,182,0.0005127574689081871,185.04990059051167,143.4972784850262,1.2895708026255108,4,4,0
9,1,1,0.03851603376344934,72.68993075327356,70.64776536434539,1.0289062984284965,9,4,0
235,2,1,0.8508194986362817,2.1927657799843794,1.8348108780039902,1.1950908980710822,21,2,1
6,2,1,0.049185942314393605,54.8090726593113,53.15743133807575,1.0310707511567156,9,1,0
4,2,1,0.013118789975537816,26.726707531632247,27.054995348397224,0.9878659074770669,15,1,0
4,2,1,0.0848407798813456,96.02167973336825,102.7527687280742,0.9344923832415731,8,7,0
2,2,1,0.01730406752358963,24.149904455204254,22.536595432454455,1.0715861908949436,17,7,0
4,1,1,0.018721346801943716,62.27194985916238,67.26143235547208,0.9258195622427333,5,3,0
4,2,1,0.09287786080774091,68.05765342306437,66.00450932620288,1.031106118624632,5,6,0
5,2,1,0.04540697609496844,12.554013732929135,11.945637329654586,1.0509287521867317,7,3,0
6,1,1,0.05832256516915712,16.638410924593856,17.934063971109314,0.9277546322683651,16,2,0
6,2,1,0.06281439774931254,93.25111918361257,89.26476387458392,1.04465765813966,2,7,0
8,2,1,0.02264836494838969,71.46728740549503,64.74412840020779,1.1038419880136292,22,3,0
8,1,1,0.0477080630641519,97.84670937404603,94.61160266513215,1.0341935515072522,2,2,0
5,2,1,0.04542192067849121,83.10307442532152,87.91667158461368,0.9452481870328837,17,5,0
2,2,1,0.021404015744376094,7.439625066608303,7.019641447334543,1.0598297822509488,16,4,0
179,94,256,0.032298362751197116,197.10164654480317,128.15665437541125,1.5379743448001562,5,2,0
3,1,1,0.02528689767727943,91.35694622691793,92.05246477015336,0.9924443246036694,8,5,0
1,2,1,0.038147034341439595,74.38996840765508,70.11942269478583,1.0609038915145947,22,6,0
291,1,1,0.9617986000987999,3.8099404465098776,1.8262626914852726,2.08619519211188,4,3,1
5,1,1,0.03111411950525529,84.13426615689741,79.60809480935853,1.0568556672330611,9,6,0
3,2,1,0.028665831879253912,62.18488544441251,68.06194016986504,0.9136513782771264,9,7,0
61,1,1,0.9042861590176904,1.929335830085031,3.546921872282335,0.5439465259051682,13,4,1
3,2,1,0.07859409178637,60.38795510185409,57.461954300888365,1.0509206628379586,1,6,0
7,1,1,0.09840596845328961,18.950072917424542,17.17332351019962,1.103459846090343,5,3,0
2,2,1,0.07318877638587254,22.614807669483525,22.907137099547118,0.9872385000014091,20,5,0
6,1,1,0.02876448863592307,74.21682477627463,70.37835242018464,1.0545405259442975,19,2,0
5,1,1,0.04124181045488731,72.40219035638168,72.64535605578456,0.9966527013892512,13,6,0
90,1,1,0.9907932023221578,1.1126112944802187,3.427448337393621,0.32461796209780247,10,1,1
1,1,1,0.0777547317065192,89.66968384263694,90.191896427424,0.994209983319208,14,6,0
2,2,1,0.005501371499214681,68.2559142643691,68.06097255472164,1.0028642216284922,3,2,0
8,2,1,0.08659630648429903,34.575996354893604,31.731543031126467,1.0896411914471642,3,2,0
258,1,1,0.9645125307382036,1.3564677137940686,1.6436621950152084,0.825271590420389,21,6,1
9,1,1,0.018329464489886694,25.783673971593505,24.693057331226694,1.044166934281873,14,6,0
8,2,1,0.07611084417546218,28.398344873124728,30.458258080334016,0.9323693035308769,3,4,0
5,2,1,0.03827411858643163,65.863722982388,60.4595760281044,1.0893844666024701,16,1,0
1,2,1,0.05330328849390767,9.15768281452847,9.995270927385754,0.9162015598234161,2,6,0
420,124,96,0.009195476793779262,113.5241273182194,57.4046974103574,1.9776104123795364,4,2,0
9,2,1,0.0856882610833859,6.406313876540109,6.56589329688065,0.9756957030635337,5,4,0
197,2,1,0.9894683447734232,2.85018438388769,2.4574250075807433,1.1598255796597454,17,2,1
4,1,1,0.0971071930282969,15.035216933107469,14.373412873511912,1.046043626897768,5,4,0
8,1,1,0.06486212377003499,33.20825996231537,30.84347801865837,1.0766704047522284,1,5,0
4,2,1,0.08239323235591992,51.031858835380135,55.119924900066586,0.925833243203829,11,5,0
8,1,1,0.08649443894628354,91.02934279744039,88.75446735220339,1.0256311092061388,1,3,0
6,2,1,0.047945106131913086,17.28910247087497,16.194096163897644,1.0676176240955317,15,5,0
267,2,1,0.9947602632145051,2.9307224740937516,2.880022274286156,1.0176040998919573,1,4,1
3,2,1,0.05724771837082452,17.59651119919179,16.4417850211001,1.0702311930614472,23,6,0
193,2,1,0.9509413550039592,1.5284900956482628,2.8112525889594675,0.5437042909808416,22,1,1
8,2,1,0.07836401112590298,85.19027994878074,88.05798403787486,0.9674339116387143,18,4,0
9,2,1,0.028870404879975633,82.79174903872617,79.2472237877103,1.0447274375252695,20,4,0
205,1,1,0.9655620980301113,1.6778470409376283,2.038179064765954,0.8232088484974686,22,1,1
1,2,1,0.05753833655542093,21.212545277407976,19.186058450656947,1.1056228840312763,6,2,0
5,2,1,0.06498220619678245,90.26120612222577,89.52952387622238,1.0081725247083293,0,3,0
5,2,1,0.014880830319107918,68.13259807585862,64.66037595535208,1.0536993803268961,9,6,0
3,2,1,0.03882692383934088,89.85420054957149,97.23820228308156,0.9240627494118655,1,3,0
7,2,1,0.03169556149585583,26.80045353373746,26.156998159712472,1.0245997407690326,0,7,0
7,1,1,0.0276887001236956,41.22801080711845,39.8842806968806,1.033690719420269,11,1,0
7,1,1,0.039169312999123684,83.58332451046122,77.70589647944,1.0756368344913996,11,3,0
2,2,1,0.029847051074256028,23.002896900166306,23.538323126816557,0.9772530004042533,21,2,0
234,252,62,0.0199266245954219,169.22727262480765,95.93520597735274,1.7639746629069297,17,5,0
199,2,1,0.9499580034350886,2.567588663948491,1.6675986151300835,1.5396922500731405,8,6,1
8,2,1,0.07520938447714501,42.82645615511102,39.8359993723903,1.0750692044842576,1,1,0
257,2,1,0.8808623882610049,2.5652020065797707,3.8194802380513444,0.671610231419474,6,5,1
5,1,1,0.04118579284156361,98.62737899711514,96.60772806317115,1.0209056870959987,4,5,0
7,1,1,0.006749624529922982,65.72594245393591,64.82313430759415,1.0139272522994311,12,4,0
1,2,1,0.023651822084472064,69.40784666786801,70.4731339434661,0.9848837817195322,1,2,0
441,165,124,0.017253193309165138,169.58277254962337,62.76827609609322,2.701727418640679,17,7,0
6,2,1,0.0692013390568912,28.241244429995472,30.74626316253827,0.9185260752078988,19,3,0
9,1,1,0.049160937806903095,9.763302099759924,9.770794831388953,0.9992331502443427,19,1,0
7,2,1,0.030511425200430122,47.62063275408393,47.373328229227,1.005220332497229,4,1,0
7,1,1,0.09052419375757365,76.79537376781428,70.27877787382691,1.0927249461521196,11,7,0
323,300,113,0.04257060993483895,23.232131440960686,97.09191303412223,0.23927977845895287,0,2,0
159,1,1,0.8683608717858203,1.569040848735904,2.800356809819572,0.5603003314556183,5,5,1
216,201,275,0.031232776264427522,112.6213294189156,74.0199435725419,1.5214998010440672,19,2,0
74,2,1,0.8700893541144535,1.4790926339994228,3.808013257232135,0.38841583106107813,9,5,1
6,1,1,0.04206280869315733,50.57082989236057,51.29814579576276,0.9858217896159852,0,1,0
3,1,1,0.03354967203309284,80.60959115714776,75.49083947366182,1.0678062625766909,20,2,0
8,2,1,0.06112508881409278,87.22406402890586,92.79098288610257,0.9400058207807768,15,2,0
1,1,1,0.09488098895045058,22.76671777698565,22.393894067682446,1.0166484537337006,15,6,0
1,2,1,0.005348862389636866,21.232559704781018,19.232892278588128,1.1039712278958225,18,4,0
149,2,1,0.9459622819397018,1.741954550294388,3.6739927463174604,0.4741311893009029,7,5,1
2,1,1,0.0877151338031849,71.33147118081878,65.63043389712995,1.0868657564054005,10,5,0
8,2,1,0.09054133586208218,38.247879925125986,38.33587316893896,0.9977046761547544,18,1,0
4,1,1,0.09016330706331568,11.07011241921241,10.80057401533003,1.0249559332216793,8,6,0
108,276,166,0.021688950204352228,60.87319700245483,120.80074902594484,0.5039140691866145,3,4,0
3,2,1,0.09375657840594263,16.42845022239094,17.474358120584206,0.9401461334959581,0,6,0
7,1,1,0.015137331147189449,20.460649297122004,21.144292282006003,0.9676677291551732,17,3,0
75,2,1,0.919295407615021,2.8783800639832497,2.174744756966418,1.3235484554051036,3,1,1
1,1,1,0.021382661391249082,68.36641544318869,73.31517622359512,0.9325001857007913,18,6,0
2,2,1,0.06705038275075774,98.87187630132206,89.30106604638807,1.1071746472764654,16,7,0
147,1,1,0.8507862005213905,1.631016462383816,2.585181030966881,0.6309099605971505,16,7,1
5,1,1,0.0012788537735544227,50.36254961225824,54.35050282771882,0.9266252746896995,11,7,0
6,1,1,0.07002098938562716,68.4409497345168,68.56158041151916,0.9982405499365927,22,2,0
2,2,1,0.0577532166585275,59.274234741976464,54.417636834781725,1.0892467624410067,20,3,0
3,2,1,0.0018937101093339016,80.82583962352054,83.31225691536058,0.9701554443019582,8,7,0
8,2,1,0.03485495685666451,29.261987015773546,30.558113097003925,0.9575848784538513,4,6,0
4,1,1,0.0828465788249507,85.7175844989646,91.70655494854651,0.9346941944014566,5,5,0
413,199,262,0.025062173351175856,128.90030880535852,129.70415773097028,0.9938024428848373,1,2,0
100,156,242,0.02496411233537467,75.08624677417649,197.91165984023525,0.3793927393403202,12,2,0
3,2,1,0.06814878727049167,46.83836085199901,51.03554221857378,0.9177596399662185,20,2,0
9,1,1,0.03827204407654046,83.10386541313792,87.94293120979506,0.9449749316961797,8,5,0
3,2,1,0.08567204698454749,26.016891622727787,26.64418712114814,0.9764565721007696,18,4,0
185,1,1,0.934554237847565,3.108404076586854,2.3217698299363017,1.338808023305279,9,1,1
3,2,1,0.09226012436534788,57.94102968976026,58.24817885874101,0.9947268880332617,11,5,0
9,2,1,0.03169942264430298,66.03373177448796,67.45257953780916,0.9789652556945447,22,1,0
7,2,1,0.028060574104796555,54.79786677067851,57.96893659342049,0.9452970847993458,0,3,0
5,2,1,0.06630110034940243,45.21729720901063,41.82935407072496,1.0809943928982826,12,4,0
5,2,1,0.03557368437326704,66.60798811679607,67.73272104054006,0.9833945409771622,14,7,0
1,1,1,0.08236700841540623,24.22986857976111,22.987189457969045,1.0540596371759254,6,1,0
2,1,1,0.041508970262787596,63.4151806826494,60.362603249925996,1.0505706723761479,6,4,0
6,2,1,0.034833289483325494,65.33801957100351,61.59289443506382,1.0608044997769688,0,5,0
6,1,1,0.05031324426464713,95.72507196274249,88.07193945689862,1.086896377586748,15,1,0
9,2,1,0.09354204444235244,74.17807859317526,71.23417599805572,1.0413271095492127,14,6,0
4,1,1,0.0913510315408257,11.987497367156369,12.466504053279637,0.9615765025963913,7,1,0
275,118,192,0.017170786863094294,182.51092611680528,49.4087253979489,3.693900715851736,17,6,0
7,2,1,0.06153621540272003,16.694157300162242,16.679909196572343,1.0008542075032896,22,3,0
7,2,1,0.0663090116648007,45.61809964173758,49.69023589141479,0.9180495689620831,15,4,0
4,1,1,0.04332720518982978,62.75903649419541,67.09153783424966,0.9354240269352934,13,3,0
9,2,1,0.04498800454177615,45.07517698458022,41.75192552016209,1.079595166522639,3,5,0
9,1,1,0.09411804199089048,13.265445593804483,12.2515980773737,1.0827522670942953,18,2,0
8,2,1,0.09130514249049293,30.037936197492826,27.75091657790191,1.0824123993588042,8,1,0
8,2,1,0.0007504187666253604,93.67139088808064,102.19697163524823,0.9165769727737502,22,6,0
118,2,1,0.9649226104680799,1.3170221245397897,3.8880139852952014,0.3387390399110906,9,7,1
99,2,1,0.9305215441084612,1.6899827373057308,1.944885325522001,0.8689369574281428,19,4,1
6,2,1,0.08759122565014994,42.29308321314208,40.204805816929834,1.0519409894857121,13,1,0
2,1,1,0.008391234849399366,95.57891657446498,97.82737137420247,0.9770160971499801,12,4,0
6,2,1,0.057201614148429725,82.4231555949102,83.04611248040631,0.9924986628887283,14,4,0
467,81,226,0.00037060632380657156,91.28754486647559,62.83283020117313,1.4528638066150836,5,2,0
9,1,1,0.07319816092736073,78.45519117474322,82.15474872754262,0.9549684271438942,19,1,0
4,1,1,0.05973726647975189,5.077388644331712,4.831904621976618,1.050804815401069,1,6,0
1,2,1,0.07670248235658,63.09395562725925,67.8233555757546,0.9302688593280688,18,6,0
6,2,1,0.05624864664982302,85.23149560310362,77.54903593095918,1.099065830798774,15,6,0
398,151,299,0.028195296970744185,63.04791802651834,42.31769719274612,1.4898711935895625,12,7,0
169,380,86,0.0381027089769385,30.7478562995863,73.76385913939217,0.4168417522933802,10,5,0
6,2,1,0.05427034722495039,14.209437090231663,14.595750356736414,0.9735324832870649,18,7,0
2,2,1,0.09932879757272567,60.0970353697167,60.89605941043401,0.9868788875921846,10,2,0
1,1,1,0.07705857405897919,64.36667957482302,66.83402472674717,0.9630824993405386,12,5,0
4,2,1,0.057473382796962215,73.41680810250755,72.03832010514536,1.019135482273187,14,1,0
4,2,1,0.0649069086960794,98.34147082554807,95.90727788535492,1.025380690536363,17,3,0
207,1,1,0.864777598767366,1.7141566182671402,2.4143729452536387,0.7099800474640681,12,2,1
4,1,1,0.004296339280763584,39.43198187569104,40.78540392358833,0.9668160195144091,12,2,0
3,1,1,0.05931036498371909,42.042416454442595,43.913900832340964,0.9573828709719158,3,7,0
179,2,1,0.9172091259577577,2.234910921462031,2.755756157421179,0.8109973429410561,7,2,1
8,2,1,0.05821671354103222,80.99940073396688,76.15882733843571,1.0635589276344888,10,2,0
3,1,1,0.03746053848644048,18.29167257527279,17.067576132785746,1.0717205790068594,1,1,0
9,2,1,0.07913349314266095,54.924201759992215,55.75576545657633,0.9850856016454164,17,1,0
5,1,1,0.003732877714549432,25.50458892042887,24.406130243079225,1.045007490593931,18,6,0
128,258,213,0.045731194487008846,37.73145731994089,137.43824605081488,0.2745338972529559,18,3,0
